filename,field_id,label,split
18AHEU2IH_2097-5236-2609-5748.jpg,18AHEU2IH,healthy,train
1D8DJVFJN_1352-1968-1864-2480.jpg,1D8DJVFJN,healthy,train
1D8DJVFJN_1375-1154-1887-1666.jpg,1D8DJVFJN,healthy,train
1D8DJVFJN_1375-642-1887-1154.jpg,1D8DJVFJN,healthy,train
1D8DJVFJN_1382-2597-1894-3109.jpg,1D8DJVFJN,healthy,train
1D8DJVFJN_1383-1655-1895-2167.jpg,1D8DJVFJN,healthy,train
1D8DJVFJN_142-517-654-1029.jpg,1D8DJVFJN,severe_stress,train
1D8DJVFJN_256-831-768-1343.jpg,1D8DJVFJN,severe_stress,train
1D8DJVFJN_469-403-981-915.jpg,1D8DJVFJN,severe_stress,train
1DQUZKY8G_1759-304-2271-816.jpg,1DQUZKY8G,severe_stress,train
1DQUZKY8G_2170-927-2682-1439.jpg,1DQUZKY8G,healthy,train
1EJW7ZAF7_176-5129-688-5641.jpg,1EJW7ZAF7,healthy,train
1FXQRCFNY_1057-4805-1569-5317.jpg,1FXQRCFNY,severe_stress,train
1FXQRCFNY_153-1137-665-1649.jpg,1FXQRCFNY,severe_stress,train
1FXQRCFNY_153-1649-665-2161.jpg,1FXQRCFNY,severe_stress,train
1FXQRCFNY_205-510-717-1022.jpg,1FXQRCFNY,healthy,train
1FXQRCFNY_2870-4642-3382-5154.jpg,1FXQRCFNY,severe_stress,train
1FXQRCFNY_324-1328-836-1840.jpg,1FXQRCFNY,severe_stress,train
1FXQRCFNY_324-1840-836-2352.jpg,1FXQRCFNY,severe_stress,train
1FXQRCFNY_324-2352-836-2864.jpg,1FXQRCFNY,severe_stress,train
1FXQRCFNY_324-816-836-1328.jpg,1FXQRCFNY,severe_stress,train
1FXQRCFNY_5502-2726-6014-3238.jpg,1FXQRCFNY,severe_stress,train
1FXQRCFNY_5502-3238-6014-3750.jpg,1FXQRCFNY,severe_stress,train
1FXQRCFNY_6014-2726-6526-3238.jpg,1FXQRCFNY,severe_stress,train
1FXQRCFNY_6351-2686-6863-3198.jpg,1FXQRCFNY,severe_stress,train
1FXQRCFNY_6569-1780-7081-2292.jpg,1FXQRCFNY,healthy,train
1FXQRCFNY_6611-2213-7123-2725.jpg,1FXQRCFNY,severe_stress,train
1FXQRCFNY_6624-2507-7136-3019.jpg,1FXQRCFNY,severe_stress,train
1FXQRCFNY_8814-1479-9326-1991.jpg,1FXQRCFNY,severe_stress,train
1FXQRCFNY_8901-553-9413-1065.jpg,1FXQRCFNY,severe_stress,train
1FXQRCFNY_9084-252-9596-764.jpg,1FXQRCFNY,severe_stress,train
1FXQRCFNY_9163-678-9675-1190.jpg,1FXQRCFNY,severe_stress,train
1FXQRCFNY_9386-452-9898-964.jpg,1FXQRCFNY,severe_stress,train
1FXQRCFNY_9596-252-10108-764.jpg,1FXQRCFNY,severe_stress,train
1I3WXNGHG_1136-3327-1648-3839.jpg,1I3WXNGHG,moderate_stress,train
1I3WXNGHG_1391-767-1903-1279.jpg,1I3WXNGHG,moderate_stress,train
1I3WXNGHG_1519-1080-2031-1592.jpg,1I3WXNGHG,moderate_stress,train
1I3WXNGHG_1648-3327-2160-3839.jpg,1I3WXNGHG,moderate_stress,train
1I3WXNGHG_1781-452-2293-964.jpg,1I3WXNGHG,moderate_stress,train
1I3WXNGHG_1811-1255-2323-1767.jpg,1I3WXNGHG,moderate_stress,train
1I3WXNGHG_2019-3578-2531-4090.jpg,1I3WXNGHG,moderate_stress,train
1I3WXNGHG_2088-3247-2600-3759.jpg,1I3WXNGHG,moderate_stress,train
1I3WXNGHG_2293-452-2805-964.jpg,1I3WXNGHG,moderate_stress,train
1I3WXNGHG_2481-3154-2993-3666.jpg,1I3WXNGHG,moderate_stress,train
1I3WXNGHG_2514-4089-3026-4601.jpg,1I3WXNGHG,moderate_stress,train
1I3WXNGHG_2523-820-3035-1332.jpg,1I3WXNGHG,healthy,train
1I3WXNGHG_2710-2814-3222-3326.jpg,1I3WXNGHG,moderate_stress,train
1I3WXNGHG_2804-2484-3316-2996.jpg,1I3WXNGHG,moderate_stress,train
1I3WXNGHG_2808-397-3320-909.jpg,1I3WXNGHG,moderate_stress,train
1I3WXNGHG_2985-3016-3497-3528.jpg,1I3WXNGHG,moderate_stress,train
1I3WXNGHG_3026-4089-3538-4601.jpg,1I3WXNGHG,moderate_stress,train
1I3WXNGHG_3112-3247-3624-3759.jpg,1I3WXNGHG,moderate_stress,train
1I3WXNGHG_3320-397-3832-909.jpg,1I3WXNGHG,moderate_stress,train
1I3WXNGHG_3538-4089-4050-4601.jpg,1I3WXNGHG,moderate_stress,train
1I3WXNGHG_3570-4653-4082-5165.jpg,1I3WXNGHG,moderate_stress,train
1I3WXNGHG_369-4069-881-4581.jpg,1I3WXNGHG,moderate_stress,train
1I3WXNGHG_3711-3896-4223-4408.jpg,1I3WXNGHG,moderate_stress,train
1I3WXNGHG_3808-3326-4320-3838.jpg,1I3WXNGHG,moderate_stress,train
1I3WXNGHG_3832-397-4344-909.jpg,1I3WXNGHG,moderate_stress,train
1I3WXNGHG_4042-4331-4554-4843.jpg,1I3WXNGHG,moderate_stress,train
1I3WXNGHG_4320-3326-4832-3838.jpg,1I3WXNGHG,moderate_stress,train
1I3WXNGHG_4344-397-4856-909.jpg,1I3WXNGHG,moderate_stress,train
1I3WXNGHG_4404-4727-4916-5239.jpg,1I3WXNGHG,moderate_stress,train
1I3WXNGHG_4460-1820-4972-2332.jpg,1I3WXNGHG,healthy,train
1I3WXNGHG_4562-4089-5074-4601.jpg,1I3WXNGHG,moderate_stress,train
1I3WXNGHG_4591-4499-5103-5011.jpg,1I3WXNGHG,moderate_stress,train
1I3WXNGHG_4832-1817-5344-2329.jpg,1I3WXNGHG,moderate_stress,train
1I3WXNGHG_4832-3326-5344-3838.jpg,1I3WXNGHG,moderate_stress,train
1I3WXNGHG_5032-367-5544-879.jpg,1I3WXNGHG,healthy,train
1I3WXNGHG_5112-1439-5624-1951.jpg,1I3WXNGHG,moderate_stress,train
1I3WXNGHG_5112-1951-5624-2463.jpg,1I3WXNGHG,moderate_stress,train
1I3WXNGHG_5112-927-5624-1439.jpg,1I3WXNGHG,moderate_stress,train
1I3WXNGHG_624-3327-1136-3839.jpg,1I3WXNGHG,moderate_stress,train
1I3WXNGHG_793-407-1305-919.jpg,1I3WXNGHG,moderate_stress,train
1I3WXNGHG_927-1188-1439-1700.jpg,1I3WXNGHG,healthy,train
1I3WXNGHG_979-561-1491-1073.jpg,1I3WXNGHG,moderate_stress,train
1IG2E6CMG_1255-305-1767-817.jpg,1IG2E6CMG,moderate_stress,train
1IG2E6CMG_1450-1218-1962-1730.jpg,1IG2E6CMG,moderate_stress,train
1IG2E6CMG_204-2008-716-2520.jpg,1IG2E6CMG,moderate_stress,train
1IG2E6CMG_220-2981-732-3493.jpg,1IG2E6CMG,healthy,train
1IG2E6CMG_300-437-812-949.jpg,1IG2E6CMG,moderate_stress,train
1IG2E6CMG_351-722-863-1234.jpg,1IG2E6CMG,moderate_stress,train
1IG2E6CMG_3656-437-4168-949.jpg,1IG2E6CMG,healthy,train
1IG2E6CMG_3850-3857-4362-4369.jpg,1IG2E6CMG,healthy,train
1IG2E6CMG_4918-4019-5430-4531.jpg,1IG2E6CMG,moderate_stress,train
1IG2E6CMG_5430-4019-5942-4531.jpg,1IG2E6CMG,moderate_stress,train
1IG2E6CMG_576-494-1088-1006.jpg,1IG2E6CMG,moderate_stress,train
1IG2E6CMG_849-452-1361-964.jpg,1IG2E6CMG,healthy,train
1RWUU7EDZ_1489-424-2001-936.jpg,1RWUU7EDZ,moderate_stress,train
1RWUU7EDZ_1823-429-2335-941.jpg,1RWUU7EDZ,moderate_stress,train
1RWUU7EDZ_2186-431-2698-943.jpg,1RWUU7EDZ,moderate_stress,train
1RWUU7EDZ_2698-431-3210-943.jpg,1RWUU7EDZ,moderate_stress,train
1RWUU7EDZ_3480-433-3992-945.jpg,1RWUU7EDZ,moderate_stress,train
1RWUU7EDZ_465-424-977-936.jpg,1RWUU7EDZ,moderate_stress,train
1RWUU7EDZ_977-424-1489-936.jpg,1RWUU7EDZ,moderate_stress,train
1YFQ7JY7W_2308-1522-2820-2034.jpg,1YFQ7JY7W,severe_stress,train
1YFQ7JY7W_2770-995-3282-1507.jpg,1YFQ7JY7W,severe_stress,train
1YFQ7JY7W_3029-812-3541-1324.jpg,1YFQ7JY7W,severe_stress,train
1YFQ7JY7W_3690-440-4202-952.jpg,1YFQ7JY7W,severe_stress,train
1YFQ7JY7W_3977-1181-4489-1693.jpg,1YFQ7JY7W,severe_stress,train
21MAVKFHR_1102-678-1614-1190.jpg,21MAVKFHR,moderate_stress,train
21MAVKFHR_2273-272-2785-784.jpg,21MAVKFHR,healthy,train
21MAVKFHR_2557-278-3069-790.jpg,21MAVKFHR,healthy,train
21MAVKFHR_3463-1047-3975-1559.jpg,21MAVKFHR,moderate_stress,train
21MAVKFHR_357-1439-869-1951.jpg,21MAVKFHR,healthy,train
21MAVKFHR_4787-575-5299-1087.jpg,21MAVKFHR,moderate_stress,train
21MAVKFHR_482-238-994-750.jpg,21MAVKFHR,healthy,train
21MAVKFHR_4828-2393-5340-2905.jpg,21MAVKFHR,moderate_stress,train
21MAVKFHR_4842-324-5354-836.jpg,21MAVKFHR,moderate_stress,train
21MAVKFHR_787-243-1299-755.jpg,21MAVKFHR,healthy,train
26QHTI42P_1187-1506-1699-2018.jpg,26QHTI42P,severe_stress,train
26QHTI42P_1187-994-1699-1506.jpg,26QHTI42P,severe_stress,train
26QHTI42P_1457-730-1969-1242.jpg,26QHTI42P,severe_stress,train
26QHTI42P_1699-1506-2211-2018.jpg,26QHTI42P,severe_stress,train
26QHTI42P_1699-994-2211-1506.jpg,26QHTI42P,severe_stress,train
26QHTI42P_1969-730-2481-1242.jpg,26QHTI42P,severe_stress,train
26QHTI42P_2211-1506-2723-2018.jpg,26QHTI42P,severe_stress,train
26QHTI42P_2211-994-2723-1506.jpg,26QHTI42P,severe_stress,train
26QHTI42P_2481-730-2993-1242.jpg,26QHTI42P,severe_stress,train
26QHTI42P_2723-1506-3235-2018.jpg,26QHTI42P,severe_stress,train
26QHTI42P_2723-994-3235-1506.jpg,26QHTI42P,severe_stress,train
26QHTI42P_2993-730-3505-1242.jpg,26QHTI42P,severe_stress,train
26QHTI42P_3125-1540-3637-2052.jpg,26QHTI42P,severe_stress,train
26QHTI42P_3327-686-3839-1198.jpg,26QHTI42P,severe_stress,train
26QHTI42P_3554-1030-4066-1542.jpg,26QHTI42P,severe_stress,train
26QHTI42P_3554-518-4066-1030.jpg,26QHTI42P,severe_stress,train
26QHTI42P_4066-1030-4578-1542.jpg,26QHTI42P,severe_stress,train
26QHTI42P_4203-556-4715-1068.jpg,26QHTI42P,severe_stress,train
26QHTI42P_4523-1322-5035-1834.jpg,26QHTI42P,severe_stress,train
26QHTI42P_4547-1809-5059-2321.jpg,26QHTI42P,severe_stress,train
26QHTI42P_4697-2345-5209-2857.jpg,26QHTI42P,severe_stress,train
26QHTI42P_4715-1068-5227-1580.jpg,26QHTI42P,severe_stress,train
26QHTI42P_4715-556-5227-1068.jpg,26QHTI42P,severe_stress,train
26QHTI42P_611-1184-1123-1696.jpg,26QHTI42P,severe_stress,train
26QHTI42P_611-672-1123-1184.jpg,26QHTI42P,severe_stress,train
273ZCQZZE_306-4584-818-5096.jpg,273ZCQZZE,healthy,train
284DZLITJ_436-3688-948-4200.jpg,284DZLITJ,healthy,train
284DZLITJ_803-3352-1315-3864.jpg,284DZLITJ,healthy,train
284DZLITJ_851-3085-1363-3597.jpg,284DZLITJ,healthy,train
28FD4WVG8_10028-5921-10540-6433.jpg,28FD4WVG8,severe_stress,train
28FD4WVG8_10045-4713-10557-5225.jpg,28FD4WVG8,severe_stress,train
28FD4WVG8_1064-526-1576-1038.jpg,28FD4WVG8,healthy,train
28FD4WVG8_1320-643-1832-1155.jpg,28FD4WVG8,severe_stress,train
28FD4WVG8_1662-972-2174-1484.jpg,28FD4WVG8,severe_stress,train
28FD4WVG8_1870-429-2382-941.jpg,28FD4WVG8,severe_stress,train
28FD4WVG8_1886-785-2398-1297.jpg,28FD4WVG8,severe_stress,train
28FD4WVG8_1891-1082-2403-1594.jpg,28FD4WVG8,severe_stress,train
28FD4WVG8_2403-1082-2915-1594.jpg,28FD4WVG8,severe_stress,train
28FD4WVG8_3234-1458-3746-1970.jpg,28FD4WVG8,healthy,train
28FD4WVG8_4257-1492-4769-2004.jpg,28FD4WVG8,severe_stress,train
28FD4WVG8_4257-468-4769-980.jpg,28FD4WVG8,severe_stress,train
28FD4WVG8_4321-749-4833-1261.jpg,28FD4WVG8,severe_stress,train
28FD4WVG8_4415-1272-4927-1784.jpg,28FD4WVG8,severe_stress,train
28FD4WVG8_4769-1492-5281-2004.jpg,28FD4WVG8,severe_stress,train
28FD4WVG8_4769-468-5281-980.jpg,28FD4WVG8,severe_stress,train
28FD4WVG8_4769-980-5281-1492.jpg,28FD4WVG8,healthy,train
28FD4WVG8_5009-2220-5521-2732.jpg,28FD4WVG8,severe_stress,train
28FD4WVG8_5281-1492-5793-2004.jpg,28FD4WVG8,severe_stress,train
28FD4WVG8_5281-468-5793-980.jpg,28FD4WVG8,severe_stress,train
28FD4WVG8_5281-980-5793-1492.jpg,28FD4WVG8,severe_stress,train
28FD4WVG8_5546-2107-6058-2619.jpg,28FD4WVG8,severe_stress,train
28FD4WVG8_5793-1492-6305-2004.jpg,28FD4WVG8,severe_stress,train
28FD4WVG8_5793-468-6305-980.jpg,28FD4WVG8,severe_stress,train
28FD4WVG8_5793-980-6305-1492.jpg,28FD4WVG8,severe_stress,train
28FD4WVG8_5851-2087-6363-2599.jpg,28FD4WVG8,severe_stress,train
28FD4WVG8_6075-1369-6587-1881.jpg,28FD4WVG8,severe_stress,train
28FD4WVG8_6291-1069-6803-1581.jpg,28FD4WVG8,severe_stress,train
28FD4WVG8_6363-1575-6875-2087.jpg,28FD4WVG8,severe_stress,train
28FD4WVG8_6363-2087-6875-2599.jpg,28FD4WVG8,severe_stress,train
28FD4WVG8_6641-1134-7153-1646.jpg,28FD4WVG8,severe_stress,train
28FD4WVG8_6875-2087-7387-2599.jpg,28FD4WVG8,severe_stress,train
28FD4WVG8_6875-2599-7387-3111.jpg,28FD4WVG8,severe_stress,train
28FD4WVG8_6964-1386-7476-1898.jpg,28FD4WVG8,severe_stress,train
28FD4WVG8_7008-1740-7520-2252.jpg,28FD4WVG8,severe_stress,train
28FD4WVG8_7134-695-7646-1207.jpg,28FD4WVG8,severe_stress,train
28FD4WVG8_7387-1575-7899-2087.jpg,28FD4WVG8,severe_stress,train
28FD4WVG8_7387-2087-7899-2599.jpg,28FD4WVG8,severe_stress,train
28FD4WVG8_7387-2599-7899-3111.jpg,28FD4WVG8,severe_stress,train
28FD4WVG8_7488-1199-8000-1711.jpg,28FD4WVG8,severe_stress,train
28FD4WVG8_7849-5548-8361-6060.jpg,28FD4WVG8,severe_stress,train
28FD4WVG8_7899-2599-8411-3111.jpg,28FD4WVG8,severe_stress,train
28FD4WVG8_7899-3111-8411-3623.jpg,28FD4WVG8,healthy,train
28FD4WVG8_7899-3623-8411-4135.jpg,28FD4WVG8,severe_stress,train
28FD4WVG8_7899-4135-8411-4647.jpg,28FD4WVG8,severe_stress,train
28FD4WVG8_7899-4647-8411-5159.jpg,28FD4WVG8,severe_stress,train
28FD4WVG8_8105-5255-8617-5767.jpg,28FD4WVG8,severe_stress,train
28FD4WVG8_8105-5767-8617-6279.jpg,28FD4WVG8,severe_stress,train
28FD4WVG8_8231-1902-8743-2414.jpg,28FD4WVG8,severe_stress,train
28FD4WVG8_8231-2414-8743-2926.jpg,28FD4WVG8,severe_stress,train
28FD4WVG8_8231-2926-8743-3438.jpg,28FD4WVG8,severe_stress,train
28FD4WVG8_8231-3438-8743-3950.jpg,28FD4WVG8,severe_stress,train
28FD4WVG8_8361-5548-8873-6060.jpg,28FD4WVG8,severe_stress,train
28FD4WVG8_8361-6060-8873-6572.jpg,28FD4WVG8,severe_stress,train
28FD4WVG8_8411-1575-8923-2087.jpg,28FD4WVG8,healthy,train
28FD4WVG8_8411-2087-8923-2599.jpg,28FD4WVG8,severe_stress,train
28FD4WVG8_8411-2599-8923-3111.jpg,28FD4WVG8,severe_stress,train
28FD4WVG8_8411-3111-8923-3623.jpg,28FD4WVG8,severe_stress,train
28FD4WVG8_8411-3623-8923-4135.jpg,28FD4WVG8,severe_stress,train
28FD4WVG8_8411-4135-8923-4647.jpg,28FD4WVG8,severe_stress,train
28FD4WVG8_8411-4647-8923-5159.jpg,28FD4WVG8,severe_stress,train
28FD4WVG8_8617-5255-9129-5767.jpg,28FD4WVG8,severe_stress,train
28FD4WVG8_8617-5767-9129-6279.jpg,28FD4WVG8,severe_stress,train
28FD4WVG8_8743-1902-9255-2414.jpg,28FD4WVG8,severe_stress,train
28FD4WVG8_8743-2926-9255-3438.jpg,28FD4WVG8,severe_stress,train
28FD4WVG8_8743-3438-9255-3950.jpg,28FD4WVG8,severe_stress,train
28FD4WVG8_8873-5548-9385-6060.jpg,28FD4WVG8,severe_stress,train
28FD4WVG8_8873-6060-9385-6572.jpg,28FD4WVG8,severe_stress,train
28FD4WVG8_8923-2087-9435-2599.jpg,28FD4WVG8,severe_stress,train
28FD4WVG8_8923-2599-9435-3111.jpg,28FD4WVG8,healthy,train
28FD4WVG8_8923-3111-9435-3623.jpg,28FD4WVG8,severe_stress,train
28FD4WVG8_8923-3623-9435-4135.jpg,28FD4WVG8,severe_stress,train
28FD4WVG8_8923-4647-9435-5159.jpg,28FD4WVG8,severe_stress,train
28FD4WVG8_8926-4324-9438-4836.jpg,28FD4WVG8,severe_stress,train
28FD4WVG8_9120-3816-9632-4328.jpg,28FD4WVG8,severe_stress,train
28FD4WVG8_9129-5255-9641-5767.jpg,28FD4WVG8,healthy,train
28FD4WVG8_9129-5767-9641-6279.jpg,28FD4WVG8,severe_stress,train
28FD4WVG8_9255-1902-9767-2414.jpg,28FD4WVG8,severe_stress,train
28FD4WVG8_9255-2414-9767-2926.jpg,28FD4WVG8,severe_stress,train
28FD4WVG8_9255-2926-9767-3438.jpg,28FD4WVG8,severe_stress,train
28FD4WVG8_9255-3438-9767-3950.jpg,28FD4WVG8,severe_stress,train
28FD4WVG8_9435-2087-9947-2599.jpg,28FD4WVG8,severe_stress,train
28FD4WVG8_9435-2599-9947-3111.jpg,28FD4WVG8,severe_stress,train
28FD4WVG8_9435-3111-9947-3623.jpg,28FD4WVG8,severe_stress,train
28FD4WVG8_9435-3623-9947-4135.jpg,28FD4WVG8,severe_stress,train
28FD4WVG8_9435-4135-9947-4647.jpg,28FD4WVG8,severe_stress,train
28FD4WVG8_9435-4647-9947-5159.jpg,28FD4WVG8,severe_stress,train
28FD4WVG8_9435-5159-9947-5671.jpg,28FD4WVG8,severe_stress,train
28FD4WVG8_9516-5921-10028-6433.jpg,28FD4WVG8,severe_stress,train
28FD4WVG8_9687-1969-10199-2481.jpg,28FD4WVG8,severe_stress,train
28FD4WVG8_9767-2414-10279-2926.jpg,28FD4WVG8,healthy,train
28FD4WVG8_9767-2926-10279-3438.jpg,28FD4WVG8,severe_stress,train
28FD4WVG8_9767-3438-10279-3950.jpg,28FD4WVG8,severe_stress,train
28FD4WVG8_9947-2087-10459-2599.jpg,28FD4WVG8,healthy,train
28FD4WVG8_9947-2599-10459-3111.jpg,28FD4WVG8,healthy,train
28FD4WVG8_9947-3111-10459-3623.jpg,28FD4WVG8,severe_stress,train
28FD4WVG8_9947-3623-10459-4135.jpg,28FD4WVG8,severe_stress,train
28FD4WVG8_9947-5159-10459-5671.jpg,28FD4WVG8,severe_stress,train
2AX76ND22_1802-7304-2314-7816.jpg,2AX76ND22,healthy,train
2AX76ND22_2168-7314-2680-7826.jpg,2AX76ND22,healthy,train
2AX76ND22_653-835-1165-1347.jpg,2AX76ND22,healthy,train
2E7JMZFJL_1108-2303-1620-2815.jpg,2E7JMZFJL,severe_stress,train
2E7JMZFJL_1322-2568-1834-3080.jpg,2E7JMZFJL,severe_stress,train
2E7JMZFJL_1779-1545-2291-2057.jpg,2E7JMZFJL,healthy,train
2E7JMZFJL_2115-2408-2627-2920.jpg,2E7JMZFJL,severe_stress,train
2E7JMZFJL_2115-2920-2627-3432.jpg,2E7JMZFJL,severe_stress,train
2E7JMZFJL_2115-3432-2627-3944.jpg,2E7JMZFJL,severe_stress,train
2E7JMZFJL_2115-3944-2627-4456.jpg,2E7JMZFJL,severe_stress,train
2ELP86I23_1099-1649-1611-2161.jpg,2ELP86I23,healthy,train
2ELP86I23_1182-2401-1694-2913.jpg,2ELP86I23,moderate_stress,train
2ELP86I23_164-2646-676-3158.jpg,2ELP86I23,moderate_stress,train
2ELP86I23_269-1860-781-2372.jpg,2ELP86I23,moderate_stress,train
2ELP86I23_3061-2272-3573-2784.jpg,2ELP86I23,moderate_stress,train
2ELP86I23_3343-2419-3855-2931.jpg,2ELP86I23,moderate_stress,train
2ELP86I23_3591-2537-4103-3049.jpg,2ELP86I23,moderate_stress,train
2ELP86I23_3898-2680-4410-3192.jpg,2ELP86I23,moderate_stress,train
2ELP86I23_396-557-908-1069.jpg,2ELP86I23,moderate_stress,train
2ELP86I23_422-2423-934-2935.jpg,2ELP86I23,moderate_stress,train
2ELP86I23_4310-2881-4822-3393.jpg,2ELP86I23,moderate_stress,train
2ELP86I23_4555-3020-5067-3532.jpg,2ELP86I23,moderate_stress,train
2ELP86I23_4657-3246-5169-3758.jpg,2ELP86I23,moderate_stress,train
2ELP86I23_5015-379-5527-891.jpg,2ELP86I23,healthy,train
2ELP86I23_5024-3018-5536-3530.jpg,2ELP86I23,moderate_stress,train
2ELP86I23_676-2646-1188-3158.jpg,2ELP86I23,moderate_stress,train
2ELP86I23_978-1442-1490-1954.jpg,2ELP86I23,healthy,train
2GLBAZRT1_1082-5876-1594-6388.jpg,2GLBAZRT1,moderate_stress,train
2GLBAZRT1_1206-5042-1718-5554.jpg,2GLBAZRT1,moderate_stress,train
2GLBAZRT1_1439-475-1951-987.jpg,2GLBAZRT1,moderate_stress,train
2GLBAZRT1_1565-689-2077-1201.jpg,2GLBAZRT1,moderate_stress,train
2GLBAZRT1_1908-609-2420-1121.jpg,2GLBAZRT1,moderate_stress,train
2GLBAZRT1_1984-1986-2496-2498.jpg,2GLBAZRT1,moderate_stress,train
2GLBAZRT1_2334-1106-2846-1618.jpg,2GLBAZRT1,healthy,train
2GLBAZRT1_3606-1080-4118-1592.jpg,2GLBAZRT1,healthy,train
2GLBAZRT1_3615-4839-4127-5351.jpg,2GLBAZRT1,moderate_stress,train
2GLBAZRT1_3713-519-4225-1031.jpg,2GLBAZRT1,moderate_stress,train
2GLBAZRT1_3751-5077-4263-5589.jpg,2GLBAZRT1,moderate_stress,train
2GLBAZRT1_3805-5971-4317-6483.jpg,2GLBAZRT1,moderate_stress,train
2GLBAZRT1_4204-720-4716-1232.jpg,2GLBAZRT1,moderate_stress,train
2GLBAZRT1_4242-457-4754-969.jpg,2GLBAZRT1,moderate_stress,train
2GLBAZRT1_4263-5077-4775-5589.jpg,2GLBAZRT1,moderate_stress,train
2GLBAZRT1_4288-4151-4800-4663.jpg,2GLBAZRT1,moderate_stress,train
2GLBAZRT1_4348-2520-4860-3032.jpg,2GLBAZRT1,moderate_stress,train
2GLBAZRT1_4601-5361-5113-5873.jpg,2GLBAZRT1,moderate_stress,train
2GLBAZRT1_4649-1044-5161-1556.jpg,2GLBAZRT1,moderate_stress,train
2GLBAZRT1_4890-5238-5402-5750.jpg,2GLBAZRT1,moderate_stress,train
2GLBAZRT1_4894-870-5406-1382.jpg,2GLBAZRT1,moderate_stress,train
2GLBAZRT1_5117-5108-5629-5620.jpg,2GLBAZRT1,moderate_stress,train
2GLBAZRT1_5357-5969-5869-6481.jpg,2GLBAZRT1,moderate_stress,train
2GLBAZRT1_5387-4737-5899-5249.jpg,2GLBAZRT1,healthy,train
2GLBAZRT1_5510-751-6022-1263.jpg,2GLBAZRT1,moderate_stress,train
2GLBAZRT1_5646-550-6158-1062.jpg,2GLBAZRT1,moderate_stress,train
2GLBAZRT1_5660-4753-6172-5265.jpg,2GLBAZRT1,healthy,train
2GLBAZRT1_570-5876-1082-6388.jpg,2GLBAZRT1,moderate_stress,train
2GLBAZRT1_5857-5251-6369-5763.jpg,2GLBAZRT1,moderate_stress,train
2GLBAZRT1_5869-5969-6381-6481.jpg,2GLBAZRT1,moderate_stress,train
2GLBAZRT1_5888-703-6400-1215.jpg,2GLBAZRT1,moderate_stress,train
2GLBAZRT1_6238-555-6750-1067.jpg,2GLBAZRT1,moderate_stress,train
2GLBAZRT1_636-770-1148-1282.jpg,2GLBAZRT1,healthy,train
2GLBAZRT1_6369-5251-6881-5763.jpg,2GLBAZRT1,moderate_stress,train
2GLBAZRT1_6461-713-6973-1225.jpg,2GLBAZRT1,moderate_stress,train
2GLBAZRT1_6609-5985-7121-6497.jpg,2GLBAZRT1,moderate_stress,train
2GLBAZRT1_6710-565-7222-1077.jpg,2GLBAZRT1,moderate_stress,train
2GLBAZRT1_6867-5282-7379-5794.jpg,2GLBAZRT1,moderate_stress,train
2GLBAZRT1_6961-4158-7473-4670.jpg,2GLBAZRT1,moderate_stress,train
2GLBAZRT1_7039-2767-7551-3279.jpg,2GLBAZRT1,moderate_stress,train
2GLBAZRT1_7059-5865-7571-6377.jpg,2GLBAZRT1,moderate_stress,train
2GLBAZRT1_708-1649-1220-2161.jpg,2GLBAZRT1,healthy,train
2GLBAZRT1_7107-5490-7619-6002.jpg,2GLBAZRT1,moderate_stress,train
2GLBAZRT1_7174-4411-7686-4923.jpg,2GLBAZRT1,moderate_stress,train
2GLBAZRT1_7182-2965-7694-3477.jpg,2GLBAZRT1,moderate_stress,train
2GLBAZRT1_7204-2585-7716-3097.jpg,2GLBAZRT1,moderate_stress,train
2GLBAZRT1_7224-707-7736-1219.jpg,2GLBAZRT1,moderate_stress,train
2GLBAZRT1_7262-5287-7774-5799.jpg,2GLBAZRT1,moderate_stress,train
2GLBAZRT1_729-2031-1241-2543.jpg,2GLBAZRT1,moderate_stress,train
2GLBAZRT1_7536-5277-8048-5789.jpg,2GLBAZRT1,moderate_stress,train
2GLBAZRT1_7576-2481-8088-2993.jpg,2GLBAZRT1,moderate_stress,train
2GLBAZRT1_7589-3051-8101-3563.jpg,2GLBAZRT1,moderate_stress,train
2GLBAZRT1_7736-5062-8248-5574.jpg,2GLBAZRT1,moderate_stress,train
2GLBAZRT1_969-1827-1481-2339.jpg,2GLBAZRT1,moderate_stress,train
2L73AWZKC_1067-3872-1579-4384.jpg,2L73AWZKC,healthy,train
2L73AWZKC_1551-1070-2063-1582.jpg,2L73AWZKC,healthy,train
2PI3A2KID_1054-2236-1566-2748.jpg,2PI3A2KID,severe_stress,train
2PI3A2KID_1132-1056-1644-1568.jpg,2PI3A2KID,severe_stress,train
2PI3A2KID_1132-1568-1644-2080.jpg,2PI3A2KID,severe_stress,train
2PI3A2KID_1193-2897-1705-3409.jpg,2PI3A2KID,severe_stress,train
2PI3A2KID_1220-578-1732-1090.jpg,2PI3A2KID,severe_stress,train
2PI3A2KID_1644-1056-2156-1568.jpg,2PI3A2KID,severe_stress,train
2PI3A2KID_1672-1512-2184-2024.jpg,2PI3A2KID,severe_stress,train
2PI3A2KID_1708-2211-2220-2723.jpg,2PI3A2KID,severe_stress,train
2PI3A2KID_1708-2723-2220-3235.jpg,2PI3A2KID,severe_stress,train
2PI3A2KID_2184-1000-2696-1512.jpg,2PI3A2KID,severe_stress,train
2PI3A2KID_2220-1699-2732-2211.jpg,2PI3A2KID,severe_stress,train
2PI3A2KID_2220-2211-2732-2723.jpg,2PI3A2KID,severe_stress,train
2PI3A2KID_2220-2723-2732-3235.jpg,2PI3A2KID,severe_stress,train
2PI3A2KID_499-1414-1011-1926.jpg,2PI3A2KID,healthy,train
2PI3A2KID_708-578-1220-1090.jpg,2PI3A2KID,severe_stress,train
2V9CKZAZH_1145-10303-1657-10815.jpg,2V9CKZAZH,moderate_stress,train
2V9CKZAZH_1271-3625-1783-4137.jpg,2V9CKZAZH,healthy,train
2V9CKZAZH_1363-7652-1875-8164.jpg,2V9CKZAZH,moderate_stress,train
2V9CKZAZH_1605-10324-2117-10836.jpg,2V9CKZAZH,moderate_stress,train
2V9CKZAZH_2055-10342-2567-10854.jpg,2V9CKZAZH,moderate_stress,train
2V9CKZAZH_2382-10316-2894-10828.jpg,2V9CKZAZH,moderate_stress,train
2V9CKZAZH_2894-10316-3406-10828.jpg,2V9CKZAZH,moderate_stress,train
2V9CKZAZH_3064-1461-3576-1973.jpg,2V9CKZAZH,moderate_stress,train
2V9CKZAZH_3617-10349-4129-10861.jpg,2V9CKZAZH,moderate_stress,train
2V9CKZAZH_3834-1348-4346-1860.jpg,2V9CKZAZH,moderate_stress,train
2V9CKZAZH_4008-1503-4520-2015.jpg,2V9CKZAZH,moderate_stress,train
2V9CKZAZH_4071-10338-4583-10850.jpg,2V9CKZAZH,moderate_stress,train
2V9CKZAZH_4390-10324-4902-10836.jpg,2V9CKZAZH,moderate_stress,train
2V9CKZAZH_4788-9629-5300-10141.jpg,2V9CKZAZH,moderate_stress,train
2V9CKZAZH_4902-10324-5414-10836.jpg,2V9CKZAZH,moderate_stress,train
2V9CKZAZH_4986-1481-5498-1993.jpg,2V9CKZAZH,moderate_stress,train
2V9CKZAZH_5270-10329-5782-10841.jpg,2V9CKZAZH,moderate_stress,train
2V9CKZAZH_5328-1422-5840-1934.jpg,2V9CKZAZH,moderate_stress,train
2V9CKZAZH_5746-10482-6258-10994.jpg,2V9CKZAZH,moderate_stress,train
2V9CKZAZH_5787-1439-6299-1951.jpg,2V9CKZAZH,moderate_stress,train
2V9CKZAZH_6079-1587-6591-2099.jpg,2V9CKZAZH,moderate_stress,train
2V9CKZAZH_6092-10470-6604-10982.jpg,2V9CKZAZH,moderate_stress,train
2V9CKZAZH_6252-1419-6764-1931.jpg,2V9CKZAZH,moderate_stress,train
2V9CKZAZH_6549-10469-7061-10981.jpg,2V9CKZAZH,moderate_stress,train
2V9CKZAZH_6709-1459-7221-1971.jpg,2V9CKZAZH,moderate_stress,train
2V9CKZAZH_676-10282-1188-10794.jpg,2V9CKZAZH,moderate_stress,train
2V9CKZAZH_6992-1624-7504-2136.jpg,2V9CKZAZH,moderate_stress,train
2V9CKZAZH_7077-10466-7589-10978.jpg,2V9CKZAZH,moderate_stress,train
2V9CKZAZH_7170-1463-7682-1975.jpg,2V9CKZAZH,moderate_stress,train
2V9CKZAZH_7481-10515-7993-11027.jpg,2V9CKZAZH,moderate_stress,train
2V9CKZAZH_7856-1609-8368-2121.jpg,2V9CKZAZH,moderate_stress,train
2YDPD7KLV_304-5255-816-5767.jpg,2YDPD7KLV,severe_stress,train
2YDPD7KLV_5265-3006-5777-3518.jpg,2YDPD7KLV,healthy,train
2YDPD7KLV_5940-2933-6452-3445.jpg,2YDPD7KLV,healthy,train
2YDPD7KLV_6434-1745-6946-2257.jpg,2YDPD7KLV,severe_stress,train
2YDPD7KLV_6434-2257-6946-2769.jpg,2YDPD7KLV,severe_stress,train
2YDPD7KLV_6434-2769-6946-3281.jpg,2YDPD7KLV,severe_stress,train
2YDPD7KLV_7004-1071-7516-1583.jpg,2YDPD7KLV,severe_stress,train
2YDPD7KLV_7062-603-7574-1115.jpg,2YDPD7KLV,severe_stress,train
2YDPD7KLV_7413-535-7925-1047.jpg,2YDPD7KLV,severe_stress,train
2YDPD7KLV_7693-2001-8205-2513.jpg,2YDPD7KLV,healthy,train
2YDPD7KLV_7777-480-8289-992.jpg,2YDPD7KLV,healthy,train
2YDPD7KLV_816-5255-1328-5767.jpg,2YDPD7KLV,severe_stress,train
2YDPD7KLV_8600-2809-9112-3321.jpg,2YDPD7KLV,severe_stress,train
33DY1QMIB_1036-2319-1548-2831.jpg,33DY1QMIB,moderate_stress,train
33DY1QMIB_1064-7727-1576-8239.jpg,33DY1QMIB,moderate_stress,train
33DY1QMIB_1113-1563-1625-2075.jpg,33DY1QMIB,healthy,train
33DY1QMIB_1179-2003-1691-2515.jpg,33DY1QMIB,moderate_stress,train
33DY1QMIB_1198-471-1710-983.jpg,33DY1QMIB,healthy,train
33DY1QMIB_1576-7727-2088-8239.jpg,33DY1QMIB,moderate_stress,train
33DY1QMIB_1625-1051-2137-1563.jpg,33DY1QMIB,moderate_stress,train
33DY1QMIB_1625-1563-2137-2075.jpg,33DY1QMIB,moderate_stress,train
33DY1QMIB_1710-471-2222-983.jpg,33DY1QMIB,moderate_stress,train
33DY1QMIB_2032-5758-2544-6270.jpg,33DY1QMIB,healthy,train
33DY1QMIB_2088-7727-2600-8239.jpg,33DY1QMIB,moderate_stress,train
33DY1QMIB_2137-1051-2649-1563.jpg,33DY1QMIB,healthy,train
33DY1QMIB_2137-539-2649-1051.jpg,33DY1QMIB,moderate_stress,train
33DY1QMIB_2600-7727-3112-8239.jpg,33DY1QMIB,moderate_stress,train
33DY1QMIB_265-1862-777-2374.jpg,33DY1QMIB,moderate_stress,train
33DY1QMIB_281-1559-793-2071.jpg,33DY1QMIB,moderate_stress,train
33DY1QMIB_3112-7727-3624-8239.jpg,33DY1QMIB,moderate_stress,train
33DY1QMIB_323-7835-835-8347.jpg,33DY1QMIB,moderate_stress,train
33DY1QMIB_340-532-852-1044.jpg,33DY1QMIB,moderate_stress,train
33DY1QMIB_341-1273-853-1785.jpg,33DY1QMIB,moderate_stress,train
33DY1QMIB_342-6472-854-6984.jpg,33DY1QMIB,moderate_stress,train
33DY1QMIB_3624-7727-4136-8239.jpg,33DY1QMIB,moderate_stress,train
33DY1QMIB_379-5732-891-6244.jpg,33DY1QMIB,healthy,train
33DY1QMIB_4106-3988-4618-4500.jpg,33DY1QMIB,moderate_stress,train
33DY1QMIB_4136-7727-4648-8239.jpg,33DY1QMIB,moderate_stress,train
33DY1QMIB_4260-6675-4772-7187.jpg,33DY1QMIB,moderate_stress,train
33DY1QMIB_4648-7727-5160-8239.jpg,33DY1QMIB,moderate_stress,train
33DY1QMIB_466-5028-978-5540.jpg,33DY1QMIB,moderate_stress,train
33DY1QMIB_5160-7727-5672-8239.jpg,33DY1QMIB,moderate_stress,train
33DY1QMIB_524-2319-1036-2831.jpg,33DY1QMIB,moderate_stress,train
33DY1QMIB_552-6676-1064-7188.jpg,33DY1QMIB,moderate_stress,train
33DY1QMIB_552-7727-1064-8239.jpg,33DY1QMIB,moderate_stress,train
33DY1QMIB_670-5162-1182-5674.jpg,33DY1QMIB,moderate_stress,train
33DY1QMIB_769-5425-1281-5937.jpg,33DY1QMIB,moderate_stress,train
3AJ9KUW9M_1024-2988-1536-3500.jpg,3AJ9KUW9M,moderate_stress,train
3AJ9KUW9M_1024-3500-1536-4012.jpg,3AJ9KUW9M,moderate_stress,train
3AJ9KUW9M_1536-3500-2048-4012.jpg,3AJ9KUW9M,moderate_stress,train
3AJ9KUW9M_1536-4012-2048-4524.jpg,3AJ9KUW9M,moderate_stress,train
3AJ9KUW9M_1540-3208-2052-3720.jpg,3AJ9KUW9M,moderate_stress,train
3AJ9KUW9M_2048-3500-2560-4012.jpg,3AJ9KUW9M,moderate_stress,train
3AJ9KUW9M_2048-4012-2560-4524.jpg,3AJ9KUW9M,moderate_stress,train
3AJ9KUW9M_2168-4253-2680-4765.jpg,3AJ9KUW9M,moderate_stress,train
3AJ9KUW9M_2427-3812-2939-4324.jpg,3AJ9KUW9M,moderate_stress,train
3AJ9KUW9M_512-2988-1024-3500.jpg,3AJ9KUW9M,moderate_stress,train
3AJ9KUW9M_512-3500-1024-4012.jpg,3AJ9KUW9M,moderate_stress,train
3APPMAC8K_1971-2486-2483-2998.jpg,3APPMAC8K,moderate_stress,train
3B8H2NNH7_299-322-811-834.jpg,3B8H2NNH7,moderate_stress,train
3B8H2NNH7_299-834-811-1346.jpg,3B8H2NNH7,moderate_stress,train
3B8H2NNH7_811-322-1323-834.jpg,3B8H2NNH7,moderate_stress,train
3B8H2NNH7_811-834-1323-1346.jpg,3B8H2NNH7,moderate_stress,train
3DI1Q2N2B_1614-674-2126-1186.jpg,3DI1Q2N2B,moderate_stress,train
3DI1Q2N2B_1662-2673-2174-3185.jpg,3DI1Q2N2B,healthy,train
3DI1Q2N2B_187-262-699-774.jpg,3DI1Q2N2B,healthy,train
3DI1Q2N2B_2913-2842-3425-3354.jpg,3DI1Q2N2B,moderate_stress,train
3DI1Q2N2B_3875-2314-4387-2826.jpg,3DI1Q2N2B,healthy,train
3FR2UIIYR_3080-640-3592-1152.jpg,3FR2UIIYR,moderate_stress,train
3FR2UIIYR_5770-536-6282-1048.jpg,3FR2UIIYR,healthy,train
3HF8RYULV_251-370-763-882.jpg,3HF8RYULV,moderate_stress,train
3HF8RYULV_465-551-977-1063.jpg,3HF8RYULV,healthy,train
3LKXGXALI_1042-8090-1554-8602.jpg,3LKXGXALI,healthy,train
3LKXGXALI_1110-7642-1622-8154.jpg,3LKXGXALI,healthy,train
3LKXGXALI_1211-5528-1723-6040.jpg,3LKXGXALI,severe_stress,train
3LKXGXALI_1357-4797-1869-5309.jpg,3LKXGXALI,severe_stress,train
3LKXGXALI_1415-5071-1927-5583.jpg,3LKXGXALI,severe_stress,train
3LKXGXALI_1819-5761-2331-6273.jpg,3LKXGXALI,severe_stress,train
3LKXGXALI_1869-4797-2381-5309.jpg,3LKXGXALI,severe_stress,train
3LKXGXALI_3648-1002-4160-1514.jpg,3LKXGXALI,severe_stress,train
3LKXGXALI_3648-490-4160-1002.jpg,3LKXGXALI,severe_stress,train
3LKXGXALI_4160-1002-4672-1514.jpg,3LKXGXALI,healthy,train
3LKXGXALI_4160-490-4672-1002.jpg,3LKXGXALI,severe_stress,train
3LKXGXALI_603-3320-1115-3832.jpg,3LKXGXALI,severe_stress,train
3LKXGXALI_657-7852-1169-8364.jpg,3LKXGXALI,severe_stress,train
3LKXGXALI_699-5528-1211-6040.jpg,3LKXGXALI,severe_stress,train
3LKXGXALI_845-4797-1357-5309.jpg,3LKXGXALI,severe_stress,train
3LKXGXALI_903-5071-1415-5583.jpg,3LKXGXALI,severe_stress,train
3R83VQH4N_400-5710-912-6222.jpg,3R83VQH4N,healthy,train
3VTHWLKI4_3243-9025-3755-9537.jpg,3VTHWLKI4,healthy,train
3VTHWLKI4_3462-8796-3974-9308.jpg,3VTHWLKI4,healthy,train
3VTHWLKI4_4150-9217-4662-9729.jpg,3VTHWLKI4,moderate_stress,train
3VTHWLKI4_653-8922-1165-9434.jpg,3VTHWLKI4,healthy,train
3VTHWLKI4_7934-11022-8446-11534.jpg,3VTHWLKI4,healthy,train
3VVJATQ4D_1333-421-1845-933.jpg,3VVJATQ4D,healthy,train
3VVJATQ4D_1458-692-1970-1204.jpg,3VVJATQ4D,moderate_stress,train
3VVJATQ4D_2746-1866-3258-2378.jpg,3VVJATQ4D,healthy,train
3VVJATQ4D_279-3913-791-4425.jpg,3VVJATQ4D,moderate_stress,train
3VVJATQ4D_2819-905-3331-1417.jpg,3VVJATQ4D,moderate_stress,train
3VVJATQ4D_288-1205-800-1717.jpg,3VVJATQ4D,healthy,train
3VVJATQ4D_2889-1147-3401-1659.jpg,3VVJATQ4D,moderate_stress,train
3VVJATQ4D_2918-606-3430-1118.jpg,3VVJATQ4D,moderate_stress,train
3VVJATQ4D_350-430-862-942.jpg,3VVJATQ4D,moderate_stress,train
3VVJATQ4D_4371-852-4883-1364.jpg,3VVJATQ4D,healthy,train
3VVJATQ4D_5226-1792-5738-2304.jpg,3VVJATQ4D,healthy,train
3VVJATQ4D_5349-2180-5861-2692.jpg,3VVJATQ4D,healthy,train
3VVJATQ4D_714-505-1226-1017.jpg,3VVJATQ4D,moderate_stress,train
4728IL2I8_1053-448-1565-960.jpg,4728IL2I8,severe_stress,train
4728IL2I8_1210-1488-1722-2000.jpg,4728IL2I8,severe_stress,train
4728IL2I8_317-1071-829-1583.jpg,4728IL2I8,severe_stress,train
4728IL2I8_317-1583-829-2095.jpg,4728IL2I8,severe_stress,train
4728IL2I8_317-2095-829-2607.jpg,4728IL2I8,severe_stress,train
4728IL2I8_317-559-829-1071.jpg,4728IL2I8,severe_stress,train
4728IL2I8_451-1318-963-1830.jpg,4728IL2I8,severe_stress,train
4728IL2I8_541-448-1053-960.jpg,4728IL2I8,severe_stress,train
4728IL2I8_575-2366-1087-2878.jpg,4728IL2I8,severe_stress,train
4728IL2I8_698-1488-1210-2000.jpg,4728IL2I8,severe_stress,train
47Z9F86CT_1465-2222-1977-2734.jpg,47Z9F86CT,severe_stress,train
47Z9F86CT_2152-1329-2664-1841.jpg,47Z9F86CT,severe_stress,train
47Z9F86CT_2152-817-2664-1329.jpg,47Z9F86CT,severe_stress,train
47Z9F86CT_2664-817-3176-1329.jpg,47Z9F86CT,severe_stress,train
47Z9F86CT_2830-2688-3342-3200.jpg,47Z9F86CT,severe_stress,train
47Z9F86CT_2915-422-3427-934.jpg,47Z9F86CT,healthy,train
47Z9F86CT_3245-1373-3757-1885.jpg,47Z9F86CT,severe_stress,train
47Z9F86CT_3261-966-3773-1478.jpg,47Z9F86CT,severe_stress,train
47Z9F86CT_3276-1866-3788-2378.jpg,47Z9F86CT,healthy,train
47Z9F86CT_3276-2378-3788-2890.jpg,47Z9F86CT,severe_stress,train
47Z9F86CT_3342-2688-3854-3200.jpg,47Z9F86CT,severe_stress,train
47Z9F86CT_3602-1634-4114-2146.jpg,47Z9F86CT,severe_stress,train
47Z9F86CT_3757-1373-4269-1885.jpg,47Z9F86CT,severe_stress,train
47Z9F86CT_3788-1866-4300-2378.jpg,47Z9F86CT,severe_stress,train
47Z9F86CT_3788-2378-4300-2890.jpg,47Z9F86CT,severe_stress,train
47Z9F86CT_3854-2688-4366-3200.jpg,47Z9F86CT,severe_stress,train
47Z9F86CT_4407-1826-4919-2338.jpg,47Z9F86CT,severe_stress,train
47Z9F86CT_4491-1420-5003-1932.jpg,47Z9F86CT,healthy,train
49XBK6CCL_1235-4287-1747-4799.jpg,49XBK6CCL,severe_stress,train
49XBK6CCL_1619-3610-2131-4122.jpg,49XBK6CCL,severe_stress,train
49XBK6CCL_1892-3074-2404-3586.jpg,49XBK6CCL,severe_stress,train
49XBK6CCL_2057-5067-2569-5579.jpg,49XBK6CCL,healthy,train
49XBK6CCL_2404-3074-2916-3586.jpg,49XBK6CCL,severe_stress,train
4C8P2DRQ4_2971-467-3483-979.jpg,4C8P2DRQ4,severe_stress,train
4C8P2DRQ4_3110-2306-3622-2818.jpg,4C8P2DRQ4,severe_stress,train
4C8P2DRQ4_3110-2818-3622-3330.jpg,4C8P2DRQ4,severe_stress,train
4C8P2DRQ4_3137-840-3649-1352.jpg,4C8P2DRQ4,severe_stress,train
4C8P2DRQ4_3457-3537-3969-4049.jpg,4C8P2DRQ4,healthy,train
4C8P2DRQ4_3651-3362-4163-3874.jpg,4C8P2DRQ4,healthy,train
4C8P2DRQ4_4325-4316-4837-4828.jpg,4C8P2DRQ4,severe_stress,train
4C8P2DRQ4_4389-428-4901-940.jpg,4C8P2DRQ4,healthy,train
4C8P2DRQ4_4896-2648-5408-3160.jpg,4C8P2DRQ4,healthy,train
4C8P2DRQ4_4916-2950-5428-3462.jpg,4C8P2DRQ4,healthy,train
4DEDZHNW1_1853-1551-2365-2063.jpg,4DEDZHNW1,severe_stress,train
4DEDZHNW1_2487-1501-2999-2013.jpg,4DEDZHNW1,healthy,train
4DEDZHNW1_310-2202-822-2714.jpg,4DEDZHNW1,severe_stress,train
4FB4C7JNI_1363-2338-1875-2850.jpg,4FB4C7JNI,moderate_stress,train
4FB4C7JNI_2626-1988-3138-2500.jpg,4FB4C7JNI,moderate_stress,train
4FB4C7JNI_2666-2292-3178-2804.jpg,4FB4C7JNI,moderate_stress,train
4FB4C7JNI_2882-1672-3394-2184.jpg,4FB4C7JNI,healthy,train
4FB4C7JNI_3061-2326-3573-2838.jpg,4FB4C7JNI,moderate_stress,train
4FB4C7JNI_3138-1988-3650-2500.jpg,4FB4C7JNI,moderate_stress,train
4FB4C7JNI_3167-2684-3679-3196.jpg,4FB4C7JNI,moderate_stress,train
4FB4C7JNI_3284-1574-3796-2086.jpg,4FB4C7JNI,moderate_stress,train
4FB4C7JNI_3375-2451-3887-2963.jpg,4FB4C7JNI,moderate_stress,train
4FB4C7JNI_3580-2163-4092-2675.jpg,4FB4C7JNI,moderate_stress,train
4FB4C7JNI_3796-1574-4308-2086.jpg,4FB4C7JNI,moderate_stress,train
4FB4C7JNI_3876-2137-4388-2649.jpg,4FB4C7JNI,moderate_stress,train
4FB4C7JNI_3951-2702-4463-3214.jpg,4FB4C7JNI,moderate_stress,train
4FB4C7JNI_4308-1574-4820-2086.jpg,4FB4C7JNI,moderate_stress,train
4FB4C7JNI_4428-2414-4940-2926.jpg,4FB4C7JNI,healthy,train
4FB4C7JNI_4463-2702-4975-3214.jpg,4FB4C7JNI,moderate_stress,train
4FB4C7JNI_4490-1323-5002-1835.jpg,4FB4C7JNI,moderate_stress,train
4FB4C7JNI_4514-1017-5026-1529.jpg,4FB4C7JNI,healthy,train
4FB4C7JNI_4744-2167-5256-2679.jpg,4FB4C7JNI,moderate_stress,train
4FB4C7JNI_4899-2473-5411-2985.jpg,4FB4C7JNI,moderate_stress,train
4FB4C7JNI_4954-2757-5466-3269.jpg,4FB4C7JNI,moderate_stress,train
4FB4C7JNI_851-2338-1363-2850.jpg,4FB4C7JNI,moderate_stress,train
4FB4C7JNI_912-2611-1424-3123.jpg,4FB4C7JNI,moderate_stress,train
4GAU33NZF_267-487-779-999.jpg,4GAU33NZF,moderate_stress,train
4HLU7ZDDF_1034-4059-1546-4571.jpg,4HLU7ZDDF,healthy,train
4HLU7ZDDF_2391-351-2903-863.jpg,4HLU7ZDDF,healthy,train
4HLU7ZDDF_2853-2859-3365-3371.jpg,4HLU7ZDDF,severe_stress,train
4HLU7ZDDF_2897-4594-3409-5106.jpg,4HLU7ZDDF,healthy,train
4HLU7ZDDF_3023-4090-3535-4602.jpg,4HLU7ZDDF,healthy,train
4HLU7ZDDF_3365-2859-3877-3371.jpg,4HLU7ZDDF,severe_stress,train
4HLU7ZDDF_3499-4304-4011-4816.jpg,4HLU7ZDDF,severe_stress,train
4HLU7ZDDF_3541-349-4053-861.jpg,4HLU7ZDDF,severe_stress,train
4HLU7ZDDF_3839-4253-4351-4765.jpg,4HLU7ZDDF,severe_stress,train
4HLU7ZDDF_3978-1093-4490-1605.jpg,4HLU7ZDDF,healthy,train
4HLU7ZDDF_4194-3110-4706-3622.jpg,4HLU7ZDDF,healthy,train
4HLU7ZDDF_4471-3359-4983-3871.jpg,4HLU7ZDDF,healthy,train
4HLU7ZDDF_541-780-1053-1292.jpg,4HLU7ZDDF,severe_stress,train
4HLU7ZDDF_649-1038-1161-1550.jpg,4HLU7ZDDF,severe_stress,train
4HLU7ZDDF_729-4033-1241-4545.jpg,4HLU7ZDDF,healthy,train
4LLRYH2IF_1336-1441-1848-1953.jpg,4LLRYH2IF,moderate_stress,train
4LLRYH2IF_1336-1953-1848-2465.jpg,4LLRYH2IF,moderate_stress,train
4LLRYH2IF_1336-2465-1848-2977.jpg,4LLRYH2IF,moderate_stress,train
4LLRYH2IF_1336-929-1848-1441.jpg,4LLRYH2IF,moderate_stress,train
4LLRYH2IF_169-253-681-765.jpg,4LLRYH2IF,moderate_stress,train
4LLRYH2IF_1848-1441-2360-1953.jpg,4LLRYH2IF,moderate_stress,train
4LLRYH2IF_1848-1953-2360-2465.jpg,4LLRYH2IF,moderate_stress,train
4LLRYH2IF_1848-2465-2360-2977.jpg,4LLRYH2IF,moderate_stress,train
4LLRYH2IF_1848-929-2360-1441.jpg,4LLRYH2IF,moderate_stress,train
4LLRYH2IF_205-2316-717-2828.jpg,4LLRYH2IF,moderate_stress,train
4LLRYH2IF_228-1838-740-2350.jpg,4LLRYH2IF,moderate_stress,train
4LLRYH2IF_2443-1489-2955-2001.jpg,4LLRYH2IF,moderate_stress,train
4LLRYH2IF_2443-2001-2955-2513.jpg,4LLRYH2IF,moderate_stress,train
4LLRYH2IF_2443-2513-2955-3025.jpg,4LLRYH2IF,moderate_stress,train
4LLRYH2IF_2443-977-2955-1489.jpg,4LLRYH2IF,moderate_stress,train
4LLRYH2IF_258-928-770-1440.jpg,4LLRYH2IF,moderate_stress,train
4LLRYH2IF_263-1382-775-1894.jpg,4LLRYH2IF,moderate_stress,train
4LLRYH2IF_308-538-820-1050.jpg,4LLRYH2IF,moderate_stress,train
4LLRYH2IF_4814-2638-5326-3150.jpg,4LLRYH2IF,moderate_stress,train
4V1PGI6AM_1159-520-1671-1032.jpg,4V1PGI6AM,moderate_stress,train
4V1PGI6AM_1170-1163-1682-1675.jpg,4V1PGI6AM,healthy,train
4V1PGI6AM_879-485-1391-997.jpg,4V1PGI6AM,healthy,train
4V1PGI6AM_931-1288-1443-1800.jpg,4V1PGI6AM,healthy,train
4VFK6KQRM_4549-4582-5061-5094.jpg,4VFK6KQRM,moderate_stress,train
68K8RPG6D_276-2501-788-3013.jpg,68K8RPG6D,healthy,train
68K8RPG6D_3389-5429-3901-5941.jpg,68K8RPG6D,healthy,train
6ADR22HQE_10002-4189-10514-4701.jpg,6ADR22HQE,moderate_stress,train
6ADR22HQE_10179-5810-10691-6322.jpg,6ADR22HQE,moderate_stress,train
6ADR22HQE_10514-4701-11026-5213.jpg,6ADR22HQE,moderate_stress,train
6ADR22HQE_10624-7025-11136-7537.jpg,6ADR22HQE,moderate_stress,train
6ADR22HQE_10691-6322-11203-6834.jpg,6ADR22HQE,moderate_stress,train
6ADR22HQE_10851-5088-11363-5600.jpg,6ADR22HQE,moderate_stress,train
6ADR22HQE_11314-6201-11826-6713.jpg,6ADR22HQE,moderate_stress,train
6ADR22HQE_11363-5600-11875-6112.jpg,6ADR22HQE,moderate_stress,train
6ADR22HQE_11414-5956-11926-6468.jpg,6ADR22HQE,moderate_stress,train
6ADR22HQE_11903-7029-12415-7541.jpg,6ADR22HQE,healthy,train
6ADR22HQE_12126-2325-12638-2837.jpg,6ADR22HQE,healthy,train
6ADR22HQE_1607-1288-2119-1800.jpg,6ADR22HQE,moderate_stress,train
6ADR22HQE_1773-619-2285-1131.jpg,6ADR22HQE,moderate_stress,train
6ADR22HQE_2214-1449-2726-1961.jpg,6ADR22HQE,moderate_stress,train
6ADR22HQE_2400-895-2912-1407.jpg,6ADR22HQE,moderate_stress,train
6ADR22HQE_2709-1805-3221-2317.jpg,6ADR22HQE,healthy,train
6ADR22HQE_2912-895-3424-1407.jpg,6ADR22HQE,moderate_stress,train
6ADR22HQE_3744-1855-4256-2367.jpg,6ADR22HQE,moderate_stress,train
6ADR22HQE_5864-3687-6376-4199.jpg,6ADR22HQE,moderate_stress,train
6ADR22HQE_6115-3293-6627-3805.jpg,6ADR22HQE,moderate_stress,train
6ADR22HQE_6432-2994-6944-3506.jpg,6ADR22HQE,healthy,train
6ADR22HQE_7025-3935-7537-4447.jpg,6ADR22HQE,moderate_stress,train
6ADR22HQE_7149-3688-7661-4200.jpg,6ADR22HQE,moderate_stress,train
6ADR22HQE_7149-4200-7661-4712.jpg,6ADR22HQE,moderate_stress,train
6ADR22HQE_7178-4524-7690-5036.jpg,6ADR22HQE,moderate_stress,train
6ADR22HQE_7254-5327-7766-5839.jpg,6ADR22HQE,moderate_stress,train
6ADR22HQE_7727-6984-8239-7496.jpg,6ADR22HQE,moderate_stress,train
6ADR22HQE_7948-3684-8460-4196.jpg,6ADR22HQE,moderate_stress,train
6ADR22HQE_8027-6988-8539-7500.jpg,6ADR22HQE,healthy,train
6ADR22HQE_8460-4196-8972-4708.jpg,6ADR22HQE,moderate_stress,train
6ADR22HQE_8475-4572-8987-5084.jpg,6ADR22HQE,moderate_stress,train
6ADR22HQE_8854-4364-9366-4876.jpg,6ADR22HQE,moderate_stress,train
6ADR22HQE_9108-4713-9620-5225.jpg,6ADR22HQE,moderate_stress,train
6ADR22HQE_9353-4965-9865-5477.jpg,6ADR22HQE,moderate_stress,train
6ADR22HQE_9357-7009-9869-7521.jpg,6ADR22HQE,moderate_stress,train
6ADR22HQE_9452-2174-9964-2686.jpg,6ADR22HQE,moderate_stress,train
6ADR22HQE_9495-3658-10007-4170.jpg,6ADR22HQE,moderate_stress,train
6ADR22HQE_9696-3879-10208-4391.jpg,6ADR22HQE,moderate_stress,train
6ADR22HQE_9865-5477-10377-5989.jpg,6ADR22HQE,moderate_stress,train
6FUVXAJQR_156-380-668-892.jpg,6FUVXAJQR,healthy,train
6FUVXAJQR_395-5411-907-5923.jpg,6FUVXAJQR,moderate_stress,train
6FUVXAJQR_4473-4684-4985-5196.jpg,6FUVXAJQR,healthy,train
6MCGFRJ6A_279-4754-791-5266.jpg,6MCGFRJ6A,healthy,train
6MCGFRJ6A_4792-5135-5304-5647.jpg,6MCGFRJ6A,healthy,train
6U9EPUHXA_5938-1730-6450-2242.jpg,6U9EPUHXA,healthy,train
6UFM2R84L_188-1537-700-2049.jpg,6UFM2R84L,moderate_stress,train
6UFM2R84L_195-1935-707-2447.jpg,6UFM2R84L,moderate_stress,train
6UFM2R84L_207-412-719-924.jpg,6UFM2R84L,moderate_stress,train
6UFM2R84L_208-728-720-1240.jpg,6UFM2R84L,moderate_stress,train
6UFM2R84L_671-2233-1183-2745.jpg,6UFM2R84L,moderate_stress,train
6UFM2R84L_8735-1269-9247-1781.jpg,6UFM2R84L,moderate_stress,train
6UFM2R84L_8824-264-9336-776.jpg,6UFM2R84L,moderate_stress,train
6UFM2R84L_8844-971-9356-1483.jpg,6UFM2R84L,moderate_stress,train
6UFM2R84L_8850-673-9362-1185.jpg,6UFM2R84L,moderate_stress,train
6UP32YPVH_1199-1981-1711-2493.jpg,6UP32YPVH,severe_stress,train
6UP32YPVH_138-1943-650-2455.jpg,6UP32YPVH,severe_stress,train
6UP32YPVH_138-2455-650-2967.jpg,6UP32YPVH,severe_stress,train
6UP32YPVH_138-2967-650-3479.jpg,6UP32YPVH,severe_stress,train
6UP32YPVH_1424-2524-1936-3036.jpg,6UP32YPVH,healthy,train
6UP32YPVH_1429-1259-1941-1771.jpg,6UP32YPVH,severe_stress,train
6UP32YPVH_1429-747-1941-1259.jpg,6UP32YPVH,severe_stress,train
6UP32YPVH_1893-1026-2405-1538.jpg,6UP32YPVH,severe_stress,train
6UP32YPVH_1954-543-2466-1055.jpg,6UP32YPVH,severe_stress,train
6UP32YPVH_519-3232-1031-3744.jpg,6UP32YPVH,severe_stress,train
6UP32YPVH_591-3927-1103-4439.jpg,6UP32YPVH,severe_stress,train
6UP32YPVH_650-1943-1162-2455.jpg,6UP32YPVH,severe_stress,train
6UP32YPVH_650-2455-1162-2967.jpg,6UP32YPVH,healthy,train
6UP32YPVH_650-2967-1162-3479.jpg,6UP32YPVH,severe_stress,train
6UP32YPVH_827-4263-1339-4775.jpg,6UP32YPVH,severe_stress,train
6UP32YPVH_917-1259-1429-1771.jpg,6UP32YPVH,severe_stress,train
6UP32YPVH_917-747-1429-1259.jpg,6UP32YPVH,severe_stress,train
6UP32YPVH_981-1521-1493-2033.jpg,6UP32YPVH,severe_stress,train
6UP32YPVH_986-1835-1498-2347.jpg,6UP32YPVH,severe_stress,train
6UP32YPVH_999-4700-1511-5212.jpg,6UP32YPVH,severe_stress,train
6ZKA3XV8Z_1287-2149-1799-2661.jpg,6ZKA3XV8Z,severe_stress,train
6ZKA3XV8Z_1312-1759-1824-2271.jpg,6ZKA3XV8Z,severe_stress,train
6ZKA3XV8Z_1809-2077-2321-2589.jpg,6ZKA3XV8Z,healthy,train
6ZKA3XV8Z_453-1491-965-2003.jpg,6ZKA3XV8Z,healthy,train
73UNZNNW1_4959-3406-5471-3918.jpg,73UNZNNW1,severe_stress,train
79RPGGN22_346-2722-858-3234.jpg,79RPGGN22,healthy,train
7KNMC7KRF_1151-3061-1663-3573.jpg,7KNMC7KRF,moderate_stress,train
7KNMC7KRF_1766-4366-2278-4878.jpg,7KNMC7KRF,healthy,train
7KNMC7KRF_2506-1573-3018-2085.jpg,7KNMC7KRF,healthy,train
7KNMC7KRF_465-1213-977-1725.jpg,7KNMC7KRF,moderate_stress,train
7KNMC7KRF_4658-680-5170-1192.jpg,7KNMC7KRF,moderate_stress,train
7RF2MAV8B_3653-586-4165-1098.jpg,7RF2MAV8B,healthy,train
7RF2MAV8B_855-2333-1367-2845.jpg,7RF2MAV8B,healthy,train
7UWVWIH7K_1505-2199-2017-2711.jpg,7UWVWIH7K,severe_stress,train
7UWVWIH7K_1505-2711-2017-3223.jpg,7UWVWIH7K,severe_stress,train
7UWVWIH7K_159-3463-671-3975.jpg,7UWVWIH7K,healthy,train
7UWVWIH7K_2160-2943-2672-3455.jpg,7UWVWIH7K,severe_stress,train
7UWVWIH7K_330-4007-842-4519.jpg,7UWVWIH7K,severe_stress,train
7UWVWIH7K_368-2648-880-3160.jpg,7UWVWIH7K,severe_stress,train
7UWVWIH7K_3817-690-4329-1202.jpg,7UWVWIH7K,healthy,train
7UWVWIH7K_481-1687-993-2199.jpg,7UWVWIH7K,severe_stress,train
7UWVWIH7K_481-2199-993-2711.jpg,7UWVWIH7K,severe_stress,train
7UWVWIH7K_616-3963-1128-4475.jpg,7UWVWIH7K,severe_stress,train
7UWVWIH7K_898-1387-1410-1899.jpg,7UWVWIH7K,healthy,train
7UWVWIH7K_993-2199-1505-2711.jpg,7UWVWIH7K,severe_stress,train
7UWVWIH7K_993-2711-1505-3223.jpg,7UWVWIH7K,severe_stress,train
83K4VPK9Z_1469-5196-1981-5708.jpg,83K4VPK9Z,moderate_stress,train
83K4VPK9Z_376-3838-888-4350.jpg,83K4VPK9Z,moderate_stress,train
83K4VPK9Z_5044-5297-5556-5809.jpg,83K4VPK9Z,moderate_stress,train
83K4VPK9Z_602-468-1114-980.jpg,83K4VPK9Z,healthy,train
84M1LPV67_940-5471-1452-5983.jpg,84M1LPV67,moderate_stress,train
86ALCZFMY_1189-482-1701-994.jpg,86ALCZFMY,moderate_stress,train
86ALCZFMY_1388-2411-1900-2923.jpg,86ALCZFMY,moderate_stress,train
86ALCZFMY_1620-522-2132-1034.jpg,86ALCZFMY,moderate_stress,train
86ALCZFMY_1870-458-2382-970.jpg,86ALCZFMY,moderate_stress,train
86ALCZFMY_1900-2411-2412-2923.jpg,86ALCZFMY,moderate_stress,train
86ALCZFMY_213-497-725-1009.jpg,86ALCZFMY,moderate_stress,train
86ALCZFMY_2331-448-2843-960.jpg,86ALCZFMY,moderate_stress,train
86ALCZFMY_2412-2411-2924-2923.jpg,86ALCZFMY,moderate_stress,train
86ALCZFMY_364-2411-876-2923.jpg,86ALCZFMY,moderate_stress,train
86ALCZFMY_460-562-972-1074.jpg,86ALCZFMY,moderate_stress,train
86ALCZFMY_876-2411-1388-2923.jpg,86ALCZFMY,moderate_stress,train
86TZJC1PB_1340-8849-1852-9361.jpg,86TZJC1PB,healthy,train
86TZJC1PB_2096-8992-2608-9504.jpg,86TZJC1PB,moderate_stress,train
86TZJC1PB_3231-3374-3743-3886.jpg,86TZJC1PB,moderate_stress,train
86TZJC1PB_5308-7045-5820-7557.jpg,86TZJC1PB,healthy,train
86TZJC1PB_5543-4992-6055-5504.jpg,86TZJC1PB,healthy,train
86TZJC1PB_6537-6002-7049-6514.jpg,86TZJC1PB,moderate_stress,train
89QXPGE86_5006-1439-5518-1951.jpg,89QXPGE86,healthy,train
89QXPGE86_5229-908-5741-1420.jpg,89QXPGE86,healthy,train
8GCECX616_1055-4197-1567-4709.jpg,8GCECX616,severe_stress,train
8GCECX616_1058-4535-1570-5047.jpg,8GCECX616,severe_stress,train
8GCECX616_1058-5047-1570-5559.jpg,8GCECX616,severe_stress,train
8GCECX616_1261-4384-1773-4896.jpg,8GCECX616,severe_stress,train
8GCECX616_1406-1057-1918-1569.jpg,8GCECX616,severe_stress,train
8GCECX616_1406-1569-1918-2081.jpg,8GCECX616,severe_stress,train
8GCECX616_1452-633-1964-1145.jpg,8GCECX616,severe_stress,train
8GCECX616_1567-3685-2079-4197.jpg,8GCECX616,severe_stress,train
8GCECX616_1567-4197-2079-4709.jpg,8GCECX616,severe_stress,train
8GCECX616_1570-4535-2082-5047.jpg,8GCECX616,severe_stress,train
8GCECX616_1570-5047-2082-5559.jpg,8GCECX616,severe_stress,train
8GCECX616_1721-564-2233-1076.jpg,8GCECX616,severe_stress,train
8GCECX616_1773-4384-2285-4896.jpg,8GCECX616,severe_stress,train
8GCECX616_1842-5196-2354-5708.jpg,8GCECX616,severe_stress,train
8GCECX616_1921-432-2433-944.jpg,8GCECX616,severe_stress,train
8GCECX616_1921-944-2433-1456.jpg,8GCECX616,severe_stress,train
8GCECX616_2079-3685-2591-4197.jpg,8GCECX616,severe_stress,train
8GCECX616_2079-4197-2591-4709.jpg,8GCECX616,severe_stress,train
8GCECX616_230-5176-742-5688.jpg,8GCECX616,severe_stress,train
8GCECX616_2307-3924-2819-4436.jpg,8GCECX616,severe_stress,train
8GCECX616_2354-5196-2866-5708.jpg,8GCECX616,severe_stress,train
8GCECX616_242-1472-754-1984.jpg,8GCECX616,severe_stress,train
8GCECX616_242-1984-754-2496.jpg,8GCECX616,severe_stress,train
8GCECX616_242-448-754-960.jpg,8GCECX616,severe_stress,train
8GCECX616_242-960-754-1472.jpg,8GCECX616,severe_stress,train
8GCECX616_2523-3459-3035-3971.jpg,8GCECX616,severe_stress,train
8GCECX616_2547-440-3059-952.jpg,8GCECX616,severe_stress,train
8GCECX616_2547-952-3059-1464.jpg,8GCECX616,severe_stress,train
8GCECX616_2565-4950-3077-5462.jpg,8GCECX616,severe_stress,train
8GCECX616_278-2372-790-2884.jpg,8GCECX616,severe_stress,train
8GCECX616_278-2884-790-3396.jpg,8GCECX616,severe_stress,train
8GCECX616_278-3396-790-3908.jpg,8GCECX616,severe_stress,train
8GCECX616_278-4420-790-4932.jpg,8GCECX616,severe_stress,train
8GCECX616_424-3682-936-4194.jpg,8GCECX616,severe_stress,train
8GCECX616_539-3924-1051-4436.jpg,8GCECX616,severe_stress,train
8GCECX616_546-4535-1058-5047.jpg,8GCECX616,severe_stress,train
8GCECX616_546-5047-1058-5559.jpg,8GCECX616,severe_stress,train
8GCECX616_894-1057-1406-1569.jpg,8GCECX616,severe_stress,train
8GCECX616_894-1569-1406-2081.jpg,8GCECX616,severe_stress,train
8GCECX616_936-3682-1448-4194.jpg,8GCECX616,severe_stress,train
8HQBIU1GB_1515-1775-2027-2287.jpg,8HQBIU1GB,healthy,train
8HQBIU1GB_1597-2373-2109-2885.jpg,8HQBIU1GB,severe_stress,train
8JAVAUI1D_1650-4026-2162-4538.jpg,8JAVAUI1D,healthy,train
8JAVAUI1D_2309-486-2821-998.jpg,8JAVAUI1D,healthy,train
8JAVAUI1D_3383-1009-3895-1521.jpg,8JAVAUI1D,healthy,train
8JAVAUI1D_3595-1274-4107-1786.jpg,8JAVAUI1D,moderate_stress,train
8METMRTVV_1383-351-1895-863.jpg,8METMRTVV,severe_stress,train
8METMRTVV_1383-863-1895-1375.jpg,8METMRTVV,severe_stress,train
8METMRTVV_1469-5001-1981-5513.jpg,8METMRTVV,severe_stress,train
8METMRTVV_1628-3949-2140-4461.jpg,8METMRTVV,severe_stress,train
8METMRTVV_1628-5485-2140-5997.jpg,8METMRTVV,severe_stress,train
8METMRTVV_1952-854-2464-1366.jpg,8METMRTVV,severe_stress,train
8METMRTVV_1981-3977-2493-4489.jpg,8METMRTVV,severe_stress,train
8METMRTVV_2140-4973-2652-5485.jpg,8METMRTVV,severe_stress,train
8METMRTVV_2140-5485-2652-5997.jpg,8METMRTVV,severe_stress,train
8METMRTVV_2464-1366-2976-1878.jpg,8METMRTVV,severe_stress,train
8METMRTVV_2976-1878-3488-2390.jpg,8METMRTVV,severe_stress,train
8METMRTVV_2976-3414-3488-3926.jpg,8METMRTVV,severe_stress,train
8METMRTVV_3488-2902-4000-3414.jpg,8METMRTVV,severe_stress,train
8METMRTVV_3488-3414-4000-3926.jpg,8METMRTVV,severe_stress,train
8METMRTVV_3488-3926-4000-4438.jpg,8METMRTVV,severe_stress,train
8METMRTVV_359-351-871-863.jpg,8METMRTVV,severe_stress,train
8METMRTVV_3676-4461-4188-4973.jpg,8METMRTVV,severe_stress,train
8METMRTVV_3676-5485-4188-5997.jpg,8METMRTVV,severe_stress,train
8METMRTVV_416-2902-928-3414.jpg,8METMRTVV,severe_stress,train
8METMRTVV_416-3414-928-3926.jpg,8METMRTVV,healthy,train
8METMRTVV_416-854-928-1366.jpg,8METMRTVV,severe_stress,train
8METMRTVV_928-3414-1440-3926.jpg,8METMRTVV,severe_stress,train
8METMRTVV_928-854-1440-1366.jpg,8METMRTVV,severe_stress,train
8METMRTVV_957-3977-1469-4489.jpg,8METMRTVV,severe_stress,train
8METMRTVV_957-4489-1469-5001.jpg,8METMRTVV,severe_stress,train
8METMRTVV_957-5001-1469-5513.jpg,8METMRTVV,severe_stress,train
8N7F8ZDTR_2065-427-2577-939.jpg,8N7F8ZDTR,moderate_stress,train
8N7F8ZDTR_2236-886-2748-1398.jpg,8N7F8ZDTR,moderate_stress,train
8N7F8ZDTR_2840-1267-3352-1779.jpg,8N7F8ZDTR,moderate_stress,train
8N7F8ZDTR_2877-555-3389-1067.jpg,8N7F8ZDTR,moderate_stress,train
8N7F8ZDTR_3248-4095-3760-4607.jpg,8N7F8ZDTR,moderate_stress,train
8N7F8ZDTR_3295-3834-3807-4346.jpg,8N7F8ZDTR,moderate_stress,train
8N7F8ZDTR_3321-3254-3833-3766.jpg,8N7F8ZDTR,moderate_stress,train
8N7F8ZDTR_3367-4380-3879-4892.jpg,8N7F8ZDTR,healthy,train
8N7F8ZDTR_3367-4892-3879-5404.jpg,8N7F8ZDTR,healthy,train
8N7F8ZDTR_3367-5404-3879-5916.jpg,8N7F8ZDTR,healthy,train
8N7F8ZDTR_3422-1960-3934-2472.jpg,8N7F8ZDTR,moderate_stress,train
8N7F8ZDTR_3423-1034-3935-1546.jpg,8N7F8ZDTR,moderate_stress,train
8N7F8ZDTR_3442-2353-3954-2865.jpg,8N7F8ZDTR,moderate_stress,train
8N7F8ZDTR_3449-1502-3961-2014.jpg,8N7F8ZDTR,moderate_stress,train
8N7F8ZDTR_3712-796-4224-1308.jpg,8N7F8ZDTR,moderate_stress,train
8N7F8ZDTR_3791-1403-4303-1915.jpg,8N7F8ZDTR,moderate_stress,train
8N7F8ZDTR_3812-1871-4324-2383.jpg,8N7F8ZDTR,moderate_stress,train
8N7F8ZDTR_3838-4215-4350-4727.jpg,8N7F8ZDTR,healthy,train
8N7F8ZDTR_3841-2463-4353-2975.jpg,8N7F8ZDTR,moderate_stress,train
8N7F8ZDTR_4125-3385-4637-3897.jpg,8N7F8ZDTR,moderate_stress,train
8N7F8ZDTR_4189-3980-4701-4492.jpg,8N7F8ZDTR,moderate_stress,train
8N7F8ZDTR_4199-3674-4711-4186.jpg,8N7F8ZDTR,moderate_stress,train
8N7F8ZDTR_420-701-932-1213.jpg,8N7F8ZDTR,moderate_stress,train
8N7F8ZDTR_4483-2487-4995-2999.jpg,8N7F8ZDTR,moderate_stress,train
8N7F8ZDTR_451-4766-963-5278.jpg,8N7F8ZDTR,moderate_stress,train
8N7F8ZDTR_460-5237-972-5749.jpg,8N7F8ZDTR,moderate_stress,train
8N7F8ZDTR_4606-1169-5118-1681.jpg,8N7F8ZDTR,moderate_stress,train
8N7F8ZDTR_468-1479-980-1991.jpg,8N7F8ZDTR,moderate_stress,train
8N7F8ZDTR_4735-2121-5247-2633.jpg,8N7F8ZDTR,moderate_stress,train
8N7F8ZDTR_4768-2942-5280-3454.jpg,8N7F8ZDTR,moderate_stress,train
8N7F8ZDTR_488-2871-1000-3383.jpg,8N7F8ZDTR,moderate_stress,train
8N7F8ZDTR_492-4301-1004-4813.jpg,8N7F8ZDTR,moderate_stress,train
8N7F8ZDTR_4996-3488-5508-4000.jpg,8N7F8ZDTR,moderate_stress,train
8N7F8ZDTR_5027-4893-5539-5405.jpg,8N7F8ZDTR,moderate_stress,train
8N7F8ZDTR_5030-4440-5542-4952.jpg,8N7F8ZDTR,moderate_stress,train
8N7F8ZDTR_5054-5178-5566-5690.jpg,8N7F8ZDTR,moderate_stress,train
8N7F8ZDTR_5069-3965-5581-4477.jpg,8N7F8ZDTR,moderate_stress,train
8N7F8ZDTR_507-3826-1019-4338.jpg,8N7F8ZDTR,moderate_stress,train
8N7F8ZDTR_5078-866-5590-1378.jpg,8N7F8ZDTR,moderate_stress,train
8N7F8ZDTR_5080-1630-5592-2142.jpg,8N7F8ZDTR,moderate_stress,train
8N7F8ZDTR_5084-2544-5596-3056.jpg,8N7F8ZDTR,moderate_stress,train
8N7F8ZDTR_5084-3020-5596-3532.jpg,8N7F8ZDTR,moderate_stress,train
8N7F8ZDTR_5087-1159-5599-1671.jpg,8N7F8ZDTR,moderate_stress,train
8N7F8ZDTR_518-2420-1030-2932.jpg,8N7F8ZDTR,moderate_stress,train
8N7F8ZDTR_526-2041-1038-2553.jpg,8N7F8ZDTR,moderate_stress,train
8N7F8ZDTR_559-1018-1071-1530.jpg,8N7F8ZDTR,moderate_stress,train
8N7F8ZDTR_784-1189-1296-1701.jpg,8N7F8ZDTR,moderate_stress,train
8N7F8ZDTR_974-3766-1486-4278.jpg,8N7F8ZDTR,moderate_stress,train
8QGTDVB7J_1018-1062-1530-1574.jpg,8QGTDVB7J,severe_stress,train
8QGTDVB7J_1018-1574-1530-2086.jpg,8QGTDVB7J,severe_stress,train
8QGTDVB7J_1018-2086-1530-2598.jpg,8QGTDVB7J,severe_stress,train
8QGTDVB7J_1196-3481-1708-3993.jpg,8QGTDVB7J,severe_stress,train
8QGTDVB7J_1196-3993-1708-4505.jpg,8QGTDVB7J,severe_stress,train
8QGTDVB7J_1219-4554-1731-5066.jpg,8QGTDVB7J,severe_stress,train
8QGTDVB7J_1308-2032-1820-2544.jpg,8QGTDVB7J,severe_stress,train
8QGTDVB7J_1308-2544-1820-3056.jpg,8QGTDVB7J,healthy,train
8QGTDVB7J_1308-3056-1820-3568.jpg,8QGTDVB7J,severe_stress,train
8QGTDVB7J_1412-5303-1924-5815.jpg,8QGTDVB7J,severe_stress,train
8QGTDVB7J_1518-4464-2030-4976.jpg,8QGTDVB7J,severe_stress,train
8QGTDVB7J_1518-4976-2030-5488.jpg,8QGTDVB7J,severe_stress,train
8QGTDVB7J_1530-1062-2042-1574.jpg,8QGTDVB7J,severe_stress,train
8QGTDVB7J_1530-1574-2042-2086.jpg,8QGTDVB7J,severe_stress,train
8QGTDVB7J_1708-2969-2220-3481.jpg,8QGTDVB7J,severe_stress,train
8QGTDVB7J_1708-3481-2220-3993.jpg,8QGTDVB7J,severe_stress,train
8QGTDVB7J_1708-3993-2220-4505.jpg,8QGTDVB7J,severe_stress,train
8QGTDVB7J_1820-1520-2332-2032.jpg,8QGTDVB7J,severe_stress,train
8QGTDVB7J_1820-2544-2332-3056.jpg,8QGTDVB7J,severe_stress,train
8QGTDVB7J_1924-5303-2436-5815.jpg,8QGTDVB7J,severe_stress,train
8QGTDVB7J_1933-1848-2445-2360.jpg,8QGTDVB7J,severe_stress,train
8QGTDVB7J_1943-910-2455-1422.jpg,8QGTDVB7J,severe_stress,train
8QGTDVB7J_2030-3952-2542-4464.jpg,8QGTDVB7J,severe_stress,train
8QGTDVB7J_2030-4464-2542-4976.jpg,8QGTDVB7J,severe_stress,train
8QGTDVB7J_2030-4976-2542-5488.jpg,8QGTDVB7J,severe_stress,train
8QGTDVB7J_221-1180-733-1692.jpg,8QGTDVB7J,healthy,train
8QGTDVB7J_221-1692-733-2204.jpg,8QGTDVB7J,severe_stress,train
8QGTDVB7J_2220-2969-2732-3481.jpg,8QGTDVB7J,severe_stress,train
8QGTDVB7J_2220-3481-2732-3993.jpg,8QGTDVB7J,healthy,train
8QGTDVB7J_2445-1336-2957-1848.jpg,8QGTDVB7J,severe_stress,train
8QGTDVB7J_2445-1848-2957-2360.jpg,8QGTDVB7J,severe_stress,train
8QGTDVB7J_2445-824-2957-1336.jpg,8QGTDVB7J,severe_stress,train
8QGTDVB7J_3245-4412-3757-4924.jpg,8QGTDVB7J,severe_stress,train
8QGTDVB7J_3245-4924-3757-5436.jpg,8QGTDVB7J,severe_stress,train
8QGTDVB7J_3294-3625-3806-4137.jpg,8QGTDVB7J,severe_stress,train
8QGTDVB7J_3294-4137-3806-4649.jpg,8QGTDVB7J,severe_stress,train
8QGTDVB7J_3528-3538-4040-4050.jpg,8QGTDVB7J,severe_stress,train
8QGTDVB7J_3528-4050-4040-4562.jpg,8QGTDVB7J,severe_stress,train
8QGTDVB7J_3528-4562-4040-5074.jpg,8QGTDVB7J,severe_stress,train
8QGTDVB7J_3610-1335-4122-1847.jpg,8QGTDVB7J,severe_stress,train
8QGTDVB7J_3610-2359-4122-2871.jpg,8QGTDVB7J,severe_stress,train
8QGTDVB7J_3610-2871-4122-3383.jpg,8QGTDVB7J,severe_stress,train
8QGTDVB7J_3640-1710-4152-2222.jpg,8QGTDVB7J,severe_stress,train
8QGTDVB7J_3757-4412-4269-4924.jpg,8QGTDVB7J,severe_stress,train
8QGTDVB7J_3757-4924-4269-5436.jpg,8QGTDVB7J,severe_stress,train
8QGTDVB7J_3806-3625-4318-4137.jpg,8QGTDVB7J,severe_stress,train
8QGTDVB7J_3806-4137-4318-4649.jpg,8QGTDVB7J,severe_stress,train
8QGTDVB7J_3948-332-4460-844.jpg,8QGTDVB7J,healthy,train
8QGTDVB7J_4036-5318-4548-5830.jpg,8QGTDVB7J,severe_stress,train
8QGTDVB7J_4040-4050-4552-4562.jpg,8QGTDVB7J,severe_stress,train
8QGTDVB7J_4040-4562-4552-5074.jpg,8QGTDVB7J,severe_stress,train
8QGTDVB7J_4104-5000-4616-5512.jpg,8QGTDVB7J,severe_stress,train
8QGTDVB7J_4122-1335-4634-1847.jpg,8QGTDVB7J,severe_stress,train
8QGTDVB7J_4122-2359-4634-2871.jpg,8QGTDVB7J,severe_stress,train
8QGTDVB7J_4122-2871-4634-3383.jpg,8QGTDVB7J,severe_stress,train
8QGTDVB7J_4231-3222-4743-3734.jpg,8QGTDVB7J,severe_stress,train
8QGTDVB7J_4269-3900-4781-4412.jpg,8QGTDVB7J,severe_stress,train
8QGTDVB7J_4269-4412-4781-4924.jpg,8QGTDVB7J,severe_stress,train
8QGTDVB7J_4308-5156-4820-5668.jpg,8QGTDVB7J,severe_stress,train
8QGTDVB7J_4428-3356-4940-3868.jpg,8QGTDVB7J,severe_stress,train
8QGTDVB7J_4465-4090-4977-4602.jpg,8QGTDVB7J,severe_stress,train
8QGTDVB7J_4624-3755-5136-4267.jpg,8QGTDVB7J,severe_stress,train
8QGTDVB7J_4624-4267-5136-4779.jpg,8QGTDVB7J,severe_stress,train
8QGTDVB7J_4624-4779-5136-5291.jpg,8QGTDVB7J,severe_stress,train
8QGTDVB7J_4634-1847-5146-2359.jpg,8QGTDVB7J,severe_stress,train
8QGTDVB7J_4634-2359-5146-2871.jpg,8QGTDVB7J,severe_stress,train
8QGTDVB7J_4981-2018-5493-2530.jpg,8QGTDVB7J,severe_stress,train
8QGTDVB7J_506-2086-1018-2598.jpg,8QGTDVB7J,severe_stress,train
8QGTDVB7J_5136-3755-5648-4267.jpg,8QGTDVB7J,severe_stress,train
8QGTDVB7J_5136-4779-5648-5291.jpg,8QGTDVB7J,severe_stress,train
8QGTDVB7J_594-1011-1106-1523.jpg,8QGTDVB7J,severe_stress,train
8QGTDVB7J_594-1523-1106-2035.jpg,8QGTDVB7J,severe_stress,train
8QGTDVB7J_684-3481-1196-3993.jpg,8QGTDVB7J,severe_stress,train
8QGTDVB7J_684-3993-1196-4505.jpg,8QGTDVB7J,severe_stress,train
8RRVJV67Y_3702-1879-4214-2391.jpg,8RRVJV67Y,healthy,train
8RRVJV67Y_3713-1202-4225-1714.jpg,8RRVJV67Y,healthy,train
8RRVJV67Y_403-3008-915-3520.jpg,8RRVJV67Y,healthy,train
8RRVJV67Y_424-778-936-1290.jpg,8RRVJV67Y,healthy,train
8TTYXWZ84_1461-618-1973-1130.jpg,8TTYXWZ84,healthy,train
8TTYXWZ84_2304-1423-2816-1935.jpg,8TTYXWZ84,healthy,train
8VGV8QI6E_1007-6510-1519-7022.jpg,8VGV8QI6E,moderate_stress,train
8VGV8QI6E_1007-7022-1519-7534.jpg,8VGV8QI6E,moderate_stress,train
8VGV8QI6E_1091-11397-1603-11909.jpg,8VGV8QI6E,moderate_stress,train
8VGV8QI6E_1238-5994-1750-6506.jpg,8VGV8QI6E,moderate_stress,train
8VGV8QI6E_1251-5348-1763-5860.jpg,8VGV8QI6E,moderate_stress,train
8VGV8QI6E_1321-3947-1833-4459.jpg,8VGV8QI6E,moderate_stress,train
8VGV8QI6E_1343-4307-1855-4819.jpg,8VGV8QI6E,moderate_stress,train
8VGV8QI6E_1376-4601-1888-5113.jpg,8VGV8QI6E,moderate_stress,train
8VGV8QI6E_1398-10993-1910-11505.jpg,8VGV8QI6E,moderate_stress,train
8VGV8QI6E_1542-5522-2054-6034.jpg,8VGV8QI6E,moderate_stress,train
8VGV8QI6E_1625-3827-2137-4339.jpg,8VGV8QI6E,moderate_stress,train
8VGV8QI6E_1687-11440-2199-11952.jpg,8VGV8QI6E,moderate_stress,train
8VGV8QI6E_1863-11170-2375-11682.jpg,8VGV8QI6E,moderate_stress,train
8VGV8QI6E_1913-6944-2425-7456.jpg,8VGV8QI6E,healthy,train
8VGV8QI6E_2199-11440-2711-11952.jpg,8VGV8QI6E,moderate_stress,train
8VGV8QI6E_2435-6001-2947-6513.jpg,8VGV8QI6E,moderate_stress,train
8VGV8QI6E_2435-6513-2947-7025.jpg,8VGV8QI6E,moderate_stress,train
8VGV8QI6E_2609-10847-3121-11359.jpg,8VGV8QI6E,moderate_stress,train
8VGV8QI6E_2711-11440-3223-11952.jpg,8VGV8QI6E,moderate_stress,train
8VGV8QI6E_2880-10429-3392-10941.jpg,8VGV8QI6E,moderate_stress,train
8VGV8QI6E_2947-6001-3459-6513.jpg,8VGV8QI6E,moderate_stress,train
8VGV8QI6E_2966-9962-3478-10474.jpg,8VGV8QI6E,moderate_stress,train
8VGV8QI6E_2978-5715-3490-6227.jpg,8VGV8QI6E,moderate_stress,train
8VGV8QI6E_3008-6402-3520-6914.jpg,8VGV8QI6E,moderate_stress,train
8VGV8QI6E_3045-2555-3557-3067.jpg,8VGV8QI6E,moderate_stress,train
8VGV8QI6E_3280-7181-3792-7693.jpg,8VGV8QI6E,healthy,train
8VGV8QI6E_3413-7756-3925-8268.jpg,8VGV8QI6E,moderate_stress,train
8VGV8QI6E_3520-5890-4032-6402.jpg,8VGV8QI6E,healthy,train
8VGV8QI6E_3520-6402-4032-6914.jpg,8VGV8QI6E,moderate_stress,train
8VGV8QI6E_3606-7505-4118-8017.jpg,8VGV8QI6E,moderate_stress,train
8VGV8QI6E_537-3796-1049-4308.jpg,8VGV8QI6E,moderate_stress,train
8VGV8QI6E_537-4308-1049-4820.jpg,8VGV8QI6E,moderate_stress,train
8VGV8QI6E_537-4820-1049-5332.jpg,8VGV8QI6E,moderate_stress,train
8VGV8QI6E_556-3352-1068-3864.jpg,8VGV8QI6E,moderate_stress,train
8VGV8QI6E_6104-11696-6616-12208.jpg,8VGV8QI6E,moderate_stress,train
8VGV8QI6E_6121-8840-6633-9352.jpg,8VGV8QI6E,moderate_stress,train
8VGV8QI6E_6325-3589-6837-4101.jpg,8VGV8QI6E,moderate_stress,train
8VGV8QI6E_633-5265-1145-5777.jpg,8VGV8QI6E,moderate_stress,train
8VGV8QI6E_633-5777-1145-6289.jpg,8VGV8QI6E,moderate_stress,train
8VGV8QI6E_651-3051-1163-3563.jpg,8VGV8QI6E,healthy,train
8VGV8QI6E_6884-8699-7396-9211.jpg,8VGV8QI6E,moderate_stress,train
8VGV8QI6E_7047-7058-7559-7570.jpg,8VGV8QI6E,moderate_stress,train
8VGV8QI6E_7047-7570-7559-8082.jpg,8VGV8QI6E,moderate_stress,train
8VGV8QI6E_735-11488-1247-12000.jpg,8VGV8QI6E,moderate_stress,train
8VGV8QI6E_7559-7058-8071-7570.jpg,8VGV8QI6E,moderate_stress,train
8VGV8QI6E_7559-7570-8071-8082.jpg,8VGV8QI6E,moderate_stress,train
8VGV8QI6E_8619-5764-9131-6276.jpg,8VGV8QI6E,moderate_stress,train
8VGV8QI6E_8619-6276-9131-6788.jpg,8VGV8QI6E,moderate_stress,train
8VGV8QI6E_8665-5340-9177-5852.jpg,8VGV8QI6E,moderate_stress,train
8VGV8QI6E_8732-6529-9244-7041.jpg,8VGV8QI6E,moderate_stress,train
8VGV8QI6E_8732-7041-9244-7553.jpg,8VGV8QI6E,moderate_stress,train
8VGV8QI6E_8732-7553-9244-8065.jpg,8VGV8QI6E,moderate_stress,train
8VGV8QI6E_886-10993-1398-11505.jpg,8VGV8QI6E,moderate_stress,train
8VGV8QI6E_892-7399-1404-7911.jpg,8VGV8QI6E,moderate_stress,train
8VGV8QI6E_942-6137-1454-6649.jpg,8VGV8QI6E,moderate_stress,train
8VUMUD3ZJ_4660-4648-5172-5160.jpg,8VUMUD3ZJ,moderate_stress,train
8VUMUD3ZJ_4788-4870-5300-5382.jpg,8VUMUD3ZJ,moderate_stress,train
8VUMUD3ZJ_5602-4487-6114-4999.jpg,8VUMUD3ZJ,moderate_stress,train
8VUMUD3ZJ_5805-4213-6317-4725.jpg,8VUMUD3ZJ,moderate_stress,train
8VUMUD3ZJ_5805-4725-6317-5237.jpg,8VUMUD3ZJ,moderate_stress,train
92P34ECY4_1388-599-1900-1111.jpg,92P34ECY4,healthy,train
92P34ECY4_2086-1404-2598-1916.jpg,92P34ECY4,healthy,train
92P34ECY4_2308-1171-2820-1683.jpg,92P34ECY4,healthy,train
92P34ECY4_2549-1088-3061-1600.jpg,92P34ECY4,healthy,train
92P34ECY4_2731-405-3243-917.jpg,92P34ECY4,healthy,train
974X7G6V1_231-2790-743-3302.jpg,974X7G6V1,moderate_stress,train
974X7G6V1_2314-2050-2826-2562.jpg,974X7G6V1,moderate_stress,train
974X7G6V1_2314-2562-2826-3074.jpg,974X7G6V1,moderate_stress,train
974X7G6V1_2765-385-3277-897.jpg,974X7G6V1,moderate_stress,train
974X7G6V1_2826-1026-3338-1538.jpg,974X7G6V1,moderate_stress,train
974X7G6V1_2826-1538-3338-2050.jpg,974X7G6V1,healthy,train
974X7G6V1_3004-855-3516-1367.jpg,974X7G6V1,moderate_stress,train
974X7G6V1_376-1228-888-1740.jpg,974X7G6V1,healthy,train
974X7G6V1_382-2523-894-3035.jpg,974X7G6V1,healthy,train
9DXULBV37_1357-1415-1869-1927.jpg,9DXULBV37,severe_stress,train
9DXULBV37_1357-1927-1869-2439.jpg,9DXULBV37,severe_stress,train
9DXULBV37_1357-2439-1869-2951.jpg,9DXULBV37,severe_stress,train
9DXULBV37_1357-391-1869-903.jpg,9DXULBV37,severe_stress,train
9DXULBV37_1357-903-1869-1415.jpg,9DXULBV37,severe_stress,train
9DXULBV37_1869-2439-2381-2951.jpg,9DXULBV37,severe_stress,train
9DXULBV37_1869-903-2381-1415.jpg,9DXULBV37,severe_stress,train
9DXULBV37_3237-1192-3749-1704.jpg,9DXULBV37,severe_stress,train
9DXULBV37_3237-1704-3749-2216.jpg,9DXULBV37,severe_stress,train
9DXULBV37_3237-2216-3749-2728.jpg,9DXULBV37,severe_stress,train
9DXULBV37_3237-680-3749-1192.jpg,9DXULBV37,severe_stress,train
9DXULBV37_333-1927-845-2439.jpg,9DXULBV37,severe_stress,train
9DXULBV37_333-2439-845-2951.jpg,9DXULBV37,severe_stress,train
9DXULBV37_333-391-845-903.jpg,9DXULBV37,severe_stress,train
9DXULBV37_3749-1192-4261-1704.jpg,9DXULBV37,severe_stress,train
9DXULBV37_3750-499-4262-1011.jpg,9DXULBV37,severe_stress,train
9DXULBV37_4262-499-4774-1011.jpg,9DXULBV37,severe_stress,train
9DXULBV37_4672-1243-5184-1755.jpg,9DXULBV37,severe_stress,train
9DXULBV37_4672-1755-5184-2267.jpg,9DXULBV37,severe_stress,train
9DXULBV37_4672-731-5184-1243.jpg,9DXULBV37,severe_stress,train
9DXULBV37_4774-499-5286-1011.jpg,9DXULBV37,severe_stress,train
9DXULBV37_845-1927-1357-2439.jpg,9DXULBV37,severe_stress,train
9DXULBV37_845-2439-1357-2951.jpg,9DXULBV37,severe_stress,train
9DXULBV37_845-391-1357-903.jpg,9DXULBV37,severe_stress,train
9IG1LNIY1_3115-1878-3627-2390.jpg,9IG1LNIY1,severe_stress,train
9IG1LNIY1_3315-1598-3827-2110.jpg,9IG1LNIY1,severe_stress,train
9IG1LNIY1_3508-1252-4020-1764.jpg,9IG1LNIY1,severe_stress,train
9IG1LNIY1_3664-907-4176-1419.jpg,9IG1LNIY1,severe_stress,train
9IG1LNIY1_3781-651-4293-1163.jpg,9IG1LNIY1,healthy,train
9IG1LNIY1_4125-426-4637-938.jpg,9IG1LNIY1,severe_stress,train
9NQDYZ4HA_1087-312-1599-824.jpg,9NQDYZ4HA,healthy,train
9NQDYZ4HA_176-3942-688-4454.jpg,9NQDYZ4HA,healthy,train
9NQDYZ4HA_351-1178-863-1690.jpg,9NQDYZ4HA,healthy,train
9NQDYZ4HA_4749-3050-5261-3562.jpg,9NQDYZ4HA,healthy,train
9NYPKJF7X_1056-520-1568-1032.jpg,9NYPKJF7X,healthy,train
9NYPKJF7X_779-1072-1291-1584.jpg,9NYPKJF7X,healthy,train
9PJ37NFID_3485-10176-3997-10688.jpg,9PJ37NFID,healthy,train
9PJ37NFID_3997-10176-4509-10688.jpg,9PJ37NFID,healthy,train
9PJ37NFID_4509-10176-5021-10688.jpg,9PJ37NFID,healthy,train
9PJ37NFID_953-8521-1465-9033.jpg,9PJ37NFID,healthy,train
9QK2QM1P3_1556-1714-2068-2226.jpg,9QK2QM1P3,healthy,train
9QK2QM1P3_2188-1019-2700-1531.jpg,9QK2QM1P3,healthy,train
9QK2QM1P3_2310-2646-2822-3158.jpg,9QK2QM1P3,severe_stress,train
9QK2QM1P3_2377-1425-2889-1937.jpg,9QK2QM1P3,severe_stress,train
9QK2QM1P3_2703-1805-3215-2317.jpg,9QK2QM1P3,severe_stress,train
9QK2QM1P3_2793-1419-3305-1931.jpg,9QK2QM1P3,severe_stress,train
9QK2QM1P3_2822-2646-3334-3158.jpg,9QK2QM1P3,severe_stress,train
9QK2QM1P3_2864-406-3376-918.jpg,9QK2QM1P3,severe_stress,train
9QK2QM1P3_3004-1112-3516-1624.jpg,9QK2QM1P3,severe_stress,train
9QK2QM1P3_3128-1332-3640-1844.jpg,9QK2QM1P3,severe_stress,train
9QK2QM1P3_3495-1326-4007-1838.jpg,9QK2QM1P3,severe_stress,train
9QK2QM1P3_3495-1838-4007-2350.jpg,9QK2QM1P3,severe_stress,train
9QK2QM1P3_4007-1326-4519-1838.jpg,9QK2QM1P3,severe_stress,train
9QK2QM1P3_4007-1838-4519-2350.jpg,9QK2QM1P3,severe_stress,train
9QK2QM1P3_4519-1326-5031-1838.jpg,9QK2QM1P3,severe_stress,train
9QK2QM1P3_4519-814-5031-1326.jpg,9QK2QM1P3,severe_stress,train
9QK2QM1P3_5422-619-5934-1131.jpg,9QK2QM1P3,severe_stress,train
9QK2QM1P3_5982-2576-6494-3088.jpg,9QK2QM1P3,severe_stress,train
9QK2QM1P3_6128-1737-6640-2249.jpg,9QK2QM1P3,healthy,train
9QK2QM1P3_6494-2064-7006-2576.jpg,9QK2QM1P3,severe_stress,train
9QK2QM1P3_6494-2576-7006-3088.jpg,9QK2QM1P3,healthy,train
9QK2QM1P3_6548-1656-7060-2168.jpg,9QK2QM1P3,healthy,train
9QK2QM1P3_8450-787-8962-1299.jpg,9QK2QM1P3,healthy,train
9QK2QM1P3_959-2308-1471-2820.jpg,9QK2QM1P3,healthy,train
9U2KPVAGY_255-322-767-834.jpg,9U2KPVAGY,healthy,train
9WHPKBUJ9_1553-1376-2065-1888.jpg,9WHPKBUJ9,severe_stress,train
9WHPKBUJ9_1553-1888-2065-2400.jpg,9WHPKBUJ9,severe_stress,train
9WHPKBUJ9_1553-864-2065-1376.jpg,9WHPKBUJ9,severe_stress,train
9WHPKBUJ9_2065-1376-2577-1888.jpg,9WHPKBUJ9,severe_stress,train
9WHPKBUJ9_2065-1888-2577-2400.jpg,9WHPKBUJ9,severe_stress,train
9WHPKBUJ9_2065-864-2577-1376.jpg,9WHPKBUJ9,severe_stress,train
9WHPKBUJ9_2429-2263-2941-2775.jpg,9WHPKBUJ9,severe_stress,train
9WHPKBUJ9_2429-2775-2941-3287.jpg,9WHPKBUJ9,severe_stress,train
9WHPKBUJ9_2709-1454-3221-1966.jpg,9WHPKBUJ9,severe_stress,train
9WHPKBUJ9_2709-1966-3221-2478.jpg,9WHPKBUJ9,severe_stress,train
9WHPKBUJ9_2773-2792-3285-3304.jpg,9WHPKBUJ9,severe_stress,train
9WHPKBUJ9_3127-3367-3639-3879.jpg,9WHPKBUJ9,severe_stress,train
9WHPKBUJ9_3221-1454-3733-1966.jpg,9WHPKBUJ9,severe_stress,train
9WHPKBUJ9_3221-1966-3733-2478.jpg,9WHPKBUJ9,severe_stress,train
9WHPKBUJ9_3245-5418-3757-5930.jpg,9WHPKBUJ9,severe_stress,train
9WHPKBUJ9_3285-2792-3797-3304.jpg,9WHPKBUJ9,severe_stress,train
9WHPKBUJ9_3639-3367-4151-3879.jpg,9WHPKBUJ9,severe_stress,train
9WHPKBUJ9_3653-1468-4165-1980.jpg,9WHPKBUJ9,severe_stress,train
9WHPKBUJ9_3653-1980-4165-2492.jpg,9WHPKBUJ9,severe_stress,train
9WHPKBUJ9_3757-5418-4269-5930.jpg,9WHPKBUJ9,severe_stress,train
9WHPKBUJ9_3855-2870-4367-3382.jpg,9WHPKBUJ9,severe_stress,train
9WHPKBUJ9_4165-1468-4677-1980.jpg,9WHPKBUJ9,severe_stress,train
9WHPKBUJ9_4165-1980-4677-2492.jpg,9WHPKBUJ9,severe_stress,train
9WHPKBUJ9_4269-5418-4781-5930.jpg,9WHPKBUJ9,severe_stress,train
9WHPKBUJ9_4315-4520-4827-5032.jpg,9WHPKBUJ9,severe_stress,train
9WHPKBUJ9_4315-5032-4827-5544.jpg,9WHPKBUJ9,severe_stress,train
9WHPKBUJ9_4367-2358-4879-2870.jpg,9WHPKBUJ9,severe_stress,train
9WHPKBUJ9_4367-2870-4879-3382.jpg,9WHPKBUJ9,severe_stress,train
9WHPKBUJ9_4677-1468-5189-1980.jpg,9WHPKBUJ9,severe_stress,train
9WHPKBUJ9_4691-5498-5203-6010.jpg,9WHPKBUJ9,healthy,train
9WHPKBUJ9_4827-4520-5339-5032.jpg,9WHPKBUJ9,severe_stress,train
9WHPKBUJ9_4827-5032-5339-5544.jpg,9WHPKBUJ9,severe_stress,train
9WHPKBUJ9_4879-2358-5391-2870.jpg,9WHPKBUJ9,severe_stress,train
9WHPKBUJ9_5239-4432-5751-4944.jpg,9WHPKBUJ9,severe_stress,train
9WHPKBUJ9_5239-4944-5751-5456.jpg,9WHPKBUJ9,severe_stress,train
9WHPKBUJ9_5239-5456-5751-5968.jpg,9WHPKBUJ9,severe_stress,train
9WHPKBUJ9_5751-4432-6263-4944.jpg,9WHPKBUJ9,severe_stress,train
9WHPKBUJ9_5751-4944-6263-5456.jpg,9WHPKBUJ9,severe_stress,train
9WHPKBUJ9_5751-5456-6263-5968.jpg,9WHPKBUJ9,severe_stress,train
9WHPKBUJ9_6263-4432-6775-4944.jpg,9WHPKBUJ9,severe_stress,train
9WHPKBUJ9_6263-4944-6775-5456.jpg,9WHPKBUJ9,severe_stress,train
9WHPKBUJ9_6263-5456-6775-5968.jpg,9WHPKBUJ9,severe_stress,train
9WHPKBUJ9_674-1307-1186-1819.jpg,9WHPKBUJ9,severe_stress,train
9WHPKBUJ9_674-1819-1186-2331.jpg,9WHPKBUJ9,severe_stress,train
9WHPKBUJ9_674-2331-1186-2843.jpg,9WHPKBUJ9,severe_stress,train
9WHPKBUJ9_6775-4432-7287-4944.jpg,9WHPKBUJ9,severe_stress,train
9WHPKBUJ9_6775-4944-7287-5456.jpg,9WHPKBUJ9,severe_stress,train
9WHPKBUJ9_6775-5456-7287-5968.jpg,9WHPKBUJ9,severe_stress,train
9WHPKBUJ9_7287-4432-7799-4944.jpg,9WHPKBUJ9,healthy,train
9WHPKBUJ9_7287-4944-7799-5456.jpg,9WHPKBUJ9,severe_stress,train
9WHPKBUJ9_7287-5456-7799-5968.jpg,9WHPKBUJ9,severe_stress,train
9WHPKBUJ9_7799-4432-8311-4944.jpg,9WHPKBUJ9,severe_stress,train
9WHPKBUJ9_7799-5456-8311-5968.jpg,9WHPKBUJ9,severe_stress,train
9WHPKBUJ9_8311-4432-8823-4944.jpg,9WHPKBUJ9,severe_stress,train
9WHPKBUJ9_8311-4944-8823-5456.jpg,9WHPKBUJ9,severe_stress,train
9WHPKBUJ9_8311-5456-8823-5968.jpg,9WHPKBUJ9,severe_stress,train
9WHPKBUJ9_8823-4432-9335-4944.jpg,9WHPKBUJ9,severe_stress,train
9WHPKBUJ9_8823-4944-9335-5456.jpg,9WHPKBUJ9,severe_stress,train
9WHPKBUJ9_8823-5456-9335-5968.jpg,9WHPKBUJ9,severe_stress,train
9WHPKBUJ9_9335-4432-9847-4944.jpg,9WHPKBUJ9,healthy,train
9WHPKBUJ9_9335-4944-9847-5456.jpg,9WHPKBUJ9,severe_stress,train
9WHPKBUJ9_9335-5456-9847-5968.jpg,9WHPKBUJ9,healthy,train
A4PCE44EN_1380-4921-1892-5433.jpg,A4PCE44EN,healthy,train
A4PCE44EN_1601-3870-2113-4382.jpg,A4PCE44EN,moderate_stress,train
A4PCE44EN_1681-5579-2193-6091.jpg,A4PCE44EN,moderate_stress,train
A4PCE44EN_1745-4086-2257-4598.jpg,A4PCE44EN,moderate_stress,train
A4PCE44EN_2102-3786-2614-4298.jpg,A4PCE44EN,healthy,train
A4PCE44EN_2446-2163-2958-2675.jpg,A4PCE44EN,moderate_stress,train
A4PCE44EN_2929-1966-3441-2478.jpg,A4PCE44EN,healthy,train
A4PCE44EN_3518-1144-4030-1656.jpg,A4PCE44EN,healthy,train
A4PCE44EN_3548-332-4060-844.jpg,A4PCE44EN,healthy,train
A4PCE44EN_3699-2562-4211-3074.jpg,A4PCE44EN,healthy,train
A4PCE44EN_3699-3074-4211-3586.jpg,A4PCE44EN,healthy,train
A4PCE44EN_3699-3586-4211-4098.jpg,A4PCE44EN,healthy,train
A4PCE44EN_3802-576-4314-1088.jpg,A4PCE44EN,healthy,train
A4PCE44EN_5664-4227-6176-4739.jpg,A4PCE44EN,healthy,train
A8T6D6PWZ_1386-1457-1898-1969.jpg,A8T6D6PWZ,severe_stress,train
A8T6D6PWZ_1386-2481-1898-2993.jpg,A8T6D6PWZ,severe_stress,train
A8T6D6PWZ_1386-945-1898-1457.jpg,A8T6D6PWZ,severe_stress,train
A8T6D6PWZ_1898-1457-2410-1969.jpg,A8T6D6PWZ,severe_stress,train
A8T6D6PWZ_1898-2481-2410-2993.jpg,A8T6D6PWZ,severe_stress,train
A8T6D6PWZ_1898-433-2410-945.jpg,A8T6D6PWZ,severe_stress,train
A8T6D6PWZ_1898-945-2410-1457.jpg,A8T6D6PWZ,severe_stress,train
A8T6D6PWZ_2410-1457-2922-1969.jpg,A8T6D6PWZ,severe_stress,train
A8T6D6PWZ_2410-1969-2922-2481.jpg,A8T6D6PWZ,severe_stress,train
A8T6D6PWZ_2410-2481-2922-2993.jpg,A8T6D6PWZ,severe_stress,train
A8T6D6PWZ_2410-433-2922-945.jpg,A8T6D6PWZ,severe_stress,train
A8T6D6PWZ_2410-945-2922-1457.jpg,A8T6D6PWZ,severe_stress,train
A8T6D6PWZ_362-1969-874-2481.jpg,A8T6D6PWZ,severe_stress,train
A8T6D6PWZ_362-2481-874-2993.jpg,A8T6D6PWZ,healthy,train
A8T6D6PWZ_874-1457-1386-1969.jpg,A8T6D6PWZ,severe_stress,train
A8T6D6PWZ_874-1969-1386-2481.jpg,A8T6D6PWZ,severe_stress,train
A8T6D6PWZ_874-2481-1386-2993.jpg,A8T6D6PWZ,severe_stress,train
A8T6D6PWZ_874-945-1386-1457.jpg,A8T6D6PWZ,severe_stress,train
ACEN3PB9M_1185-5269-1697-5781.jpg,ACEN3PB9M,severe_stress,train
ACEN3PB9M_1185-5781-1697-6293.jpg,ACEN3PB9M,severe_stress,train
ACEN3PB9M_1185-6293-1697-6805.jpg,ACEN3PB9M,severe_stress,train
ACEN3PB9M_1185-6805-1697-7317.jpg,ACEN3PB9M,severe_stress,train
ACEN3PB9M_474-308-986-820.jpg,ACEN3PB9M,severe_stress,train
ACEN3PB9M_474-820-986-1332.jpg,ACEN3PB9M,severe_stress,train
ACEN3PB9M_638-4137-1150-4649.jpg,ACEN3PB9M,severe_stress,train
ACEN3PB9M_638-4649-1150-5161.jpg,ACEN3PB9M,severe_stress,train
ACEN3PB9M_673-5269-1185-5781.jpg,ACEN3PB9M,severe_stress,train
ACEN3PB9M_673-5781-1185-6293.jpg,ACEN3PB9M,severe_stress,train
ACEN3PB9M_673-6293-1185-6805.jpg,ACEN3PB9M,severe_stress,train
ACEN3PB9M_673-6805-1185-7317.jpg,ACEN3PB9M,severe_stress,train
AEB2CLU9G_4454-1658-4966-2170.jpg,AEB2CLU9G,moderate_stress,train
AFA1TL17A_348-3216-860-3728.jpg,AFA1TL17A,healthy,train
AG1HM1EKE_1196-1808-1708-2320.jpg,AG1HM1EKE,moderate_stress,train
AG1HM1EKE_1199-1498-1711-2010.jpg,AG1HM1EKE,moderate_stress,train
AG1HM1EKE_1213-771-1725-1283.jpg,AG1HM1EKE,moderate_stress,train
AG1HM1EKE_1708-1808-2220-2320.jpg,AG1HM1EKE,moderate_stress,train
AG1HM1EKE_1711-1498-2223-2010.jpg,AG1HM1EKE,moderate_stress,train
AG1HM1EKE_1725-771-2237-1283.jpg,AG1HM1EKE,moderate_stress,train
AH47QBVAH_1094-1001-1606-1513.jpg,AH47QBVAH,severe_stress,train
AH47QBVAH_1094-489-1606-1001.jpg,AH47QBVAH,healthy,train
AH47QBVAH_2860-479-3372-991.jpg,AH47QBVAH,severe_stress,train
AH47QBVAH_2860-991-3372-1503.jpg,AH47QBVAH,severe_stress,train
AH47QBVAH_374-1104-886-1616.jpg,AH47QBVAH,severe_stress,train
AH47QBVAH_4405-1088-4917-1600.jpg,AH47QBVAH,severe_stress,train
AH47QBVAH_4405-1600-4917-2112.jpg,AH47QBVAH,severe_stress,train
AH47QBVAH_4917-1088-5429-1600.jpg,AH47QBVAH,severe_stress,train
AH47QBVAH_4917-1600-5429-2112.jpg,AH47QBVAH,severe_stress,train
AH47QBVAH_582-489-1094-1001.jpg,AH47QBVAH,severe_stress,train
AI6DPDYU8_1238-292-1750-804.jpg,AI6DPDYU8,healthy,train
AI6DPDYU8_153-2202-665-2714.jpg,AI6DPDYU8,healthy,train
AI6DPDYU8_1882-1417-2394-1929.jpg,AI6DPDYU8,healthy,train
AI6DPDYU8_1897-3134-2409-3646.jpg,AI6DPDYU8,healthy,train
AI6DPDYU8_201-4100-713-4612.jpg,AI6DPDYU8,healthy,train
AI6DPDYU8_2151-3629-2663-4141.jpg,AI6DPDYU8,healthy,train
AI6DPDYU8_2167-4085-2679-4597.jpg,AI6DPDYU8,healthy,train
AI6DPDYU8_2299-3881-2811-4393.jpg,AI6DPDYU8,healthy,train
AI6DPDYU8_261-1396-773-1908.jpg,AI6DPDYU8,healthy,train
AI6DPDYU8_2741-4174-3253-4686.jpg,AI6DPDYU8,healthy,train
AI6DPDYU8_523-1481-1035-1993.jpg,AI6DPDYU8,healthy,train
AI6DPDYU8_939-314-1451-826.jpg,AI6DPDYU8,healthy,train
ANFE6XNAZ_1017-465-1529-977.jpg,ANFE6XNAZ,healthy,train
ANFE6XNAZ_1280-3516-1792-4028.jpg,ANFE6XNAZ,moderate_stress,train
ANFE6XNAZ_1636-4133-2148-4645.jpg,ANFE6XNAZ,healthy,train
ANFE6XNAZ_1989-4164-2501-4676.jpg,ANFE6XNAZ,moderate_stress,train
ANFE6XNAZ_2234-3344-2746-3856.jpg,ANFE6XNAZ,healthy,train
ANFE6XNAZ_3375-4159-3887-4671.jpg,ANFE6XNAZ,healthy,train
ANFE6XNAZ_3606-4247-4118-4759.jpg,ANFE6XNAZ,moderate_stress,train
ANFE6XNAZ_3650-863-4162-1375.jpg,ANFE6XNAZ,healthy,train
ANFE6XNAZ_405-3802-917-4314.jpg,ANFE6XNAZ,moderate_stress,train
ANFE6XNAZ_643-404-1155-916.jpg,ANFE6XNAZ,moderate_stress,train
ANFE6XNAZ_681-3979-1193-4491.jpg,ANFE6XNAZ,moderate_stress,train
ANFE6XNAZ_959-3502-1471-4014.jpg,ANFE6XNAZ,moderate_stress,train
AXNCNNT9Q_1820-3430-2332-3942.jpg,AXNCNNT9Q,moderate_stress,train
B81LKF99F_1276-5365-1788-5877.jpg,B81LKF99F,severe_stress,train
B81LKF99F_1312-2950-1824-3462.jpg,B81LKF99F,healthy,train
B81LKF99F_1402-1174-1914-1686.jpg,B81LKF99F,severe_stress,train
B81LKF99F_1402-1686-1914-2198.jpg,B81LKF99F,severe_stress,train
B81LKF99F_1567-5431-2079-5943.jpg,B81LKF99F,severe_stress,train
B81LKF99F_1661-3960-2173-4472.jpg,B81LKF99F,healthy,train
B81LKF99F_1810-1544-2322-2056.jpg,B81LKF99F,severe_stress,train
B81LKF99F_1810-2056-2322-2568.jpg,B81LKF99F,severe_stress,train
B81LKF99F_2079-5431-2591-5943.jpg,B81LKF99F,severe_stress,train
B81LKF99F_221-4975-733-5487.jpg,B81LKF99F,severe_stress,train
B81LKF99F_221-5487-733-5999.jpg,B81LKF99F,severe_stress,train
B81LKF99F_2372-1783-2884-2295.jpg,B81LKF99F,severe_stress,train
B81LKF99F_2394-998-2906-1510.jpg,B81LKF99F,severe_stress,train
B81LKF99F_2402-5412-2914-5924.jpg,B81LKF99F,severe_stress,train
B81LKF99F_2914-5412-3426-5924.jpg,B81LKF99F,severe_stress,train
B81LKF99F_3297-3180-3809-3692.jpg,B81LKF99F,healthy,train
B81LKF99F_349-1236-861-1748.jpg,B81LKF99F,severe_stress,train
B81LKF99F_349-1748-861-2260.jpg,B81LKF99F,severe_stress,train
B81LKF99F_349-2260-861-2772.jpg,B81LKF99F,severe_stress,train
B81LKF99F_349-724-861-1236.jpg,B81LKF99F,severe_stress,train
B81LKF99F_3581-5037-4093-5549.jpg,B81LKF99F,healthy,train
B81LKF99F_4167-4716-4679-5228.jpg,B81LKF99F,healthy,train
B81LKF99F_4585-798-5097-1310.jpg,B81LKF99F,severe_stress,train
B81LKF99F_4797-517-5309-1029.jpg,B81LKF99F,severe_stress,train
B81LKF99F_511-5029-1023-5541.jpg,B81LKF99F,healthy,train
B81LKF99F_764-5365-1276-5877.jpg,B81LKF99F,severe_stress,train
B81LKF99F_909-1252-1421-1764.jpg,B81LKF99F,severe_stress,train
B81LKF99F_909-740-1421-1252.jpg,B81LKF99F,severe_stress,train
B81LKF99F_932-1926-1444-2438.jpg,B81LKF99F,severe_stress,train
BAZ3D7338_1618-5945-2130-6457.jpg,BAZ3D7338,moderate_stress,train
BAZ3D7338_2050-5906-2562-6418.jpg,BAZ3D7338,moderate_stress,train
BAZ3D7338_2060-2534-2572-3046.jpg,BAZ3D7338,moderate_stress,train
BAZ3D7338_2109-2860-2621-3372.jpg,BAZ3D7338,moderate_stress,train
BAZ3D7338_2257-2231-2769-2743.jpg,BAZ3D7338,moderate_stress,train
BAZ3D7338_2260-5750-2772-6262.jpg,BAZ3D7338,moderate_stress,train
BAZ3D7338_2301-2627-2813-3139.jpg,BAZ3D7338,moderate_stress,train
BAZ3D7338_2432-1699-2944-2211.jpg,BAZ3D7338,moderate_stress,train
BAZ3D7338_2461-5549-2973-6061.jpg,BAZ3D7338,moderate_stress,train
BAZ3D7338_2498-2317-3010-2829.jpg,BAZ3D7338,moderate_stress,train
BAZ3D7338_2663-5405-3175-5917.jpg,BAZ3D7338,moderate_stress,train
BAZ3D7338_2673-1846-3185-2358.jpg,BAZ3D7338,moderate_stress,train
BAZ3D7338_3107-5443-3619-5955.jpg,BAZ3D7338,moderate_stress,train
BAZ3D7338_3580-5641-4092-6153.jpg,BAZ3D7338,moderate_stress,train
BAZ3D7338_3811-5805-4323-6317.jpg,BAZ3D7338,moderate_stress,train
BAZ3D7338_4487-5927-4999-6439.jpg,BAZ3D7338,moderate_stress,train
BAZ3D7338_546-2169-1058-2681.jpg,BAZ3D7338,moderate_stress,train
BBB1JA9ZR_1002-4948-1514-5460.jpg,BBB1JA9ZR,severe_stress,train
BBB1JA9ZR_1047-2663-1559-3175.jpg,BBB1JA9ZR,severe_stress,train
BBB1JA9ZR_1109-1774-1621-2286.jpg,BBB1JA9ZR,severe_stress,train
BBB1JA9ZR_1274-4243-1786-4755.jpg,BBB1JA9ZR,severe_stress,train
BBB1JA9ZR_1298-2169-1810-2681.jpg,BBB1JA9ZR,severe_stress,train
BBB1JA9ZR_1339-326-1851-838.jpg,BBB1JA9ZR,severe_stress,train
BBB1JA9ZR_1339-838-1851-1350.jpg,BBB1JA9ZR,severe_stress,train
BBB1JA9ZR_1559-2663-2071-3175.jpg,BBB1JA9ZR,severe_stress,train
BBB1JA9ZR_1641-1034-2153-1546.jpg,BBB1JA9ZR,severe_stress,train
BBB1JA9ZR_1664-1771-2176-2283.jpg,BBB1JA9ZR,severe_stress,train
BBB1JA9ZR_177-1005-689-1517.jpg,BBB1JA9ZR,severe_stress,train
BBB1JA9ZR_1810-2169-2322-2681.jpg,BBB1JA9ZR,severe_stress,train
BBB1JA9ZR_1851-326-2363-838.jpg,BBB1JA9ZR,severe_stress,train
BBB1JA9ZR_1893-2710-2405-3222.jpg,BBB1JA9ZR,severe_stress,train
BBB1JA9ZR_2015-984-2527-1496.jpg,BBB1JA9ZR,severe_stress,train
BBB1JA9ZR_2086-2279-2598-2791.jpg,BBB1JA9ZR,severe_stress,train
BBB1JA9ZR_2160-1190-2672-1702.jpg,BBB1JA9ZR,severe_stress,train
BBB1JA9ZR_2176-1771-2688-2283.jpg,BBB1JA9ZR,severe_stress,train
BBB1JA9ZR_2183-5018-2695-5530.jpg,BBB1JA9ZR,severe_stress,train
BBB1JA9ZR_2265-497-2777-1009.jpg,BBB1JA9ZR,healthy,train
BBB1JA9ZR_2391-4460-2903-4972.jpg,BBB1JA9ZR,healthy,train
BBB1JA9ZR_2398-5321-2910-5833.jpg,BBB1JA9ZR,healthy,train
BBB1JA9ZR_243-1444-755-1956.jpg,BBB1JA9ZR,severe_stress,train
BBB1JA9ZR_2688-1771-3200-2283.jpg,BBB1JA9ZR,severe_stress,train
BBB1JA9ZR_2777-1009-3289-1521.jpg,BBB1JA9ZR,healthy,train
BBB1JA9ZR_2777-497-3289-1009.jpg,BBB1JA9ZR,severe_stress,train
BBB1JA9ZR_3200-1771-3712-2283.jpg,BBB1JA9ZR,severe_stress,train
BBB1JA9ZR_3261-5069-3773-5581.jpg,BBB1JA9ZR,severe_stress,train
BBB1JA9ZR_354-3176-866-3688.jpg,BBB1JA9ZR,severe_stress,train
BBB1JA9ZR_480-2078-992-2590.jpg,BBB1JA9ZR,severe_stress,train
BBB1JA9ZR_531-1316-1043-1828.jpg,BBB1JA9ZR,severe_stress,train
BBB1JA9ZR_535-2663-1047-3175.jpg,BBB1JA9ZR,severe_stress,train
BBB1JA9ZR_812-1658-1324-2170.jpg,BBB1JA9ZR,severe_stress,train
BBB1JA9ZR_827-326-1339-838.jpg,BBB1JA9ZR,healthy,train
BBB1JA9ZR_827-838-1339-1350.jpg,BBB1JA9ZR,severe_stress,train
BBB1JA9ZR_838-1943-1350-2455.jpg,BBB1JA9ZR,severe_stress,train
BHPM7BCFL_1125-2715-1637-3227.jpg,BHPM7BCFL,moderate_stress,train
BHPM7BCFL_1214-2126-1726-2638.jpg,BHPM7BCFL,moderate_stress,train
BHPM7BCFL_2504-1366-3016-1878.jpg,BHPM7BCFL,moderate_stress,train
BHPM7BCFL_2504-1878-3016-2390.jpg,BHPM7BCFL,moderate_stress,train
BHPM7BCFL_2505-347-3017-859.jpg,BHPM7BCFL,healthy,train
BHPM7BCFL_2517-889-3029-1401.jpg,BHPM7BCFL,moderate_stress,train
BHPM7BCFL_2942-353-3454-865.jpg,BHPM7BCFL,moderate_stress,train
BHPM7BCFL_3071-1657-3583-2169.jpg,BHPM7BCFL,moderate_stress,train
BHPM7BCFL_3478-4250-3990-4762.jpg,BHPM7BCFL,moderate_stress,train
BHPM7BCFL_3914-345-4426-857.jpg,BHPM7BCFL,moderate_stress,train
BHPM7BCFL_4426-345-4938-857.jpg,BHPM7BCFL,moderate_stress,train
BHPM7BCFL_4738-343-5250-855.jpg,BHPM7BCFL,healthy,train
BHPM7BCFL_929-2956-1441-3468.jpg,BHPM7BCFL,moderate_stress,train
BIW3EYZYD_1312-4647-1824-5159.jpg,BIW3EYZYD,healthy,train
BIW3EYZYD_1385-5080-1897-5592.jpg,BIW3EYZYD,moderate_stress,train
BIW3EYZYD_1482-3476-1994-3988.jpg,BIW3EYZYD,moderate_stress,train
BIW3EYZYD_1482-3988-1994-4500.jpg,BIW3EYZYD,moderate_stress,train
BIW3EYZYD_174-5147-686-5659.jpg,BIW3EYZYD,healthy,train
BIW3EYZYD_2080-4501-2592-5013.jpg,BIW3EYZYD,moderate_stress,train
BIW3EYZYD_2706-4658-3218-5170.jpg,BIW3EYZYD,moderate_stress,train
BIW3EYZYD_2932-4511-3444-5023.jpg,BIW3EYZYD,moderate_stress,train
BIW3EYZYD_343-4712-855-5224.jpg,BIW3EYZYD,healthy,train
BIW3EYZYD_351-4027-863-4539.jpg,BIW3EYZYD,healthy,train
BIW3EYZYD_358-2598-870-3110.jpg,BIW3EYZYD,healthy,train
BIW3EYZYD_4228-5038-4740-5550.jpg,BIW3EYZYD,moderate_stress,train
BIW3EYZYD_4740-5038-5252-5550.jpg,BIW3EYZYD,moderate_stress,train
BIW3EYZYD_5225-4091-5737-4603.jpg,BIW3EYZYD,moderate_stress,train
BIW3EYZYD_5502-4033-6014-4545.jpg,BIW3EYZYD,moderate_stress,train
BIW3EYZYD_5588-4677-6100-5189.jpg,BIW3EYZYD,moderate_stress,train
BIW3EYZYD_5923-4861-6435-5373.jpg,BIW3EYZYD,moderate_stress,train
BIW3EYZYD_6100-4677-6612-5189.jpg,BIW3EYZYD,healthy,train
BIW3EYZYD_6365-5032-6877-5544.jpg,BIW3EYZYD,moderate_stress,train
BIW3EYZYD_6877-5032-7389-5544.jpg,BIW3EYZYD,moderate_stress,train
BIW3EYZYD_7389-5032-7901-5544.jpg,BIW3EYZYD,moderate_stress,train
BLJ7WL94I_1299-1855-1811-2367.jpg,BLJ7WL94I,healthy,train
BLJ7WL94I_1479-463-1991-975.jpg,BLJ7WL94I,severe_stress,train
BLJ7WL94I_2483-657-2995-1169.jpg,BLJ7WL94I,severe_stress,train
BLJ7WL94I_311-1102-823-1614.jpg,BLJ7WL94I,severe_stress,train
BLJ7WL94I_341-1963-853-2475.jpg,BLJ7WL94I,severe_stress,train
BLJ7WL94I_341-2475-853-2987.jpg,BLJ7WL94I,severe_stress,train
BLJ7WL94I_444-1398-956-1910.jpg,BLJ7WL94I,severe_stress,train
BLJ7WL94I_569-656-1081-1168.jpg,BLJ7WL94I,severe_stress,train
BLJ7WL94I_801-2973-1313-3485.jpg,BLJ7WL94I,severe_stress,train
BLJ7WL94I_823-1102-1335-1614.jpg,BLJ7WL94I,severe_stress,train
BLJ7WL94I_853-1963-1365-2475.jpg,BLJ7WL94I,severe_stress,train
BLJ7WL94I_853-2475-1365-2987.jpg,BLJ7WL94I,severe_stress,train
BLJ7WL94I_967-463-1479-975.jpg,BLJ7WL94I,severe_stress,train
BM9HNYE3M_1298-747-1810-1259.jpg,BM9HNYE3M,moderate_stress,train
BM9HNYE3M_486-5007-998-5519.jpg,BM9HNYE3M,moderate_stress,train
BM9HNYE3M_948-4929-1460-5441.jpg,BM9HNYE3M,healthy,train
BMWJWT2PC_3032-900-3544-1412.jpg,BMWJWT2PC,severe_stress,train
BQQ4GPKKM_947-2128-1459-2640.jpg,BQQ4GPKKM,moderate_stress,train
BT179YYAD_1491-8575-2003-9087.jpg,BT179YYAD,healthy,train
BT179YYAD_2361-4217-2873-4729.jpg,BT179YYAD,severe_stress,train
BT179YYAD_2548-4559-3060-5071.jpg,BT179YYAD,severe_stress,train
BT179YYAD_2582-6121-3094-6633.jpg,BT179YYAD,severe_stress,train
BT179YYAD_2736-6363-3248-6875.jpg,BT179YYAD,severe_stress,train
BT179YYAD_2756-5916-3268-6428.jpg,BT179YYAD,severe_stress,train
BT179YYAD_2992-7109-3504-7621.jpg,BT179YYAD,severe_stress,train
BT179YYAD_3184-7891-3696-8403.jpg,BT179YYAD,healthy,train
BT179YYAD_3486-7437-3998-7949.jpg,BT179YYAD,severe_stress,train
BT179YYAD_401-10591-913-11103.jpg,BT179YYAD,healthy,train
BT179YYAD_4051-7196-4563-7708.jpg,BT179YYAD,severe_stress,train
BT179YYAD_4233-8006-4745-8518.jpg,BT179YYAD,healthy,train
BT179YYAD_4563-7196-5075-7708.jpg,BT179YYAD,severe_stress,train
BT179YYAD_5719-1229-6231-1741.jpg,BT179YYAD,severe_stress,train
BT179YYAD_5719-717-6231-1229.jpg,BT179YYAD,severe_stress,train
BT179YYAD_5832-6635-6344-7147.jpg,BT179YYAD,severe_stress,train
BT179YYAD_606-9440-1118-9952.jpg,BT179YYAD,healthy,train
BT179YYAD_6195-5722-6707-6234.jpg,BT179YYAD,severe_stress,train
BT179YYAD_6195-6234-6707-6746.jpg,BT179YYAD,severe_stress,train
BT179YYAD_6402-5478-6914-5990.jpg,BT179YYAD,severe_stress,train
BT179YYAD_6680-7117-7192-7629.jpg,BT179YYAD,severe_stress,train
BT179YYAD_6683-6430-7195-6942.jpg,BT179YYAD,severe_stress,train
BT179YYAD_6707-5722-7219-6234.jpg,BT179YYAD,severe_stress,train
BT179YYAD_6987-5738-7499-6250.jpg,BT179YYAD,severe_stress,train
BT179YYAD_6987-6250-7499-6762.jpg,BT179YYAD,severe_stress,train
BT179YYAD_7192-6605-7704-7117.jpg,BT179YYAD,severe_stress,train
BT179YYAD_7192-7117-7704-7629.jpg,BT179YYAD,severe_stress,train
BT179YYAD_7499-5738-8011-6250.jpg,BT179YYAD,severe_stress,train
BT179YYAD_7499-6250-8011-6762.jpg,BT179YYAD,severe_stress,train
BT179YYAD_7830-6760-8342-7272.jpg,BT179YYAD,severe_stress,train
BVILK1DQJ_1188-2847-1700-3359.jpg,BVILK1DQJ,severe_stress,train
BVILK1DQJ_1188-3359-1700-3871.jpg,BVILK1DQJ,severe_stress,train
BVILK1DQJ_1254-1497-1766-2009.jpg,BVILK1DQJ,severe_stress,train
BVILK1DQJ_1254-2009-1766-2521.jpg,BVILK1DQJ,severe_stress,train
BVILK1DQJ_1254-2521-1766-3033.jpg,BVILK1DQJ,severe_stress,train
BVILK1DQJ_1503-1090-2015-1602.jpg,BVILK1DQJ,severe_stress,train
BVILK1DQJ_1503-1602-2015-2114.jpg,BVILK1DQJ,severe_stress,train
BVILK1DQJ_164-2847-676-3359.jpg,BVILK1DQJ,healthy,train
BVILK1DQJ_164-3871-676-4383.jpg,BVILK1DQJ,severe_stress,train
BVILK1DQJ_1700-5407-2212-5919.jpg,BVILK1DQJ,severe_stress,train
BVILK1DQJ_1766-1497-2278-2009.jpg,BVILK1DQJ,severe_stress,train
BVILK1DQJ_1766-985-2278-1497.jpg,BVILK1DQJ,severe_stress,train
BVILK1DQJ_188-4313-700-4825.jpg,BVILK1DQJ,severe_stress,train
BVILK1DQJ_188-4825-700-5337.jpg,BVILK1DQJ,severe_stress,train
BVILK1DQJ_188-5337-700-5849.jpg,BVILK1DQJ,severe_stress,train
BVILK1DQJ_1949-531-2461-1043.jpg,BVILK1DQJ,severe_stress,train
BVILK1DQJ_2015-1090-2527-1602.jpg,BVILK1DQJ,severe_stress,train
BVILK1DQJ_2015-1602-2527-2114.jpg,BVILK1DQJ,severe_stress,train
BVILK1DQJ_230-1497-742-2009.jpg,BVILK1DQJ,severe_stress,train
BVILK1DQJ_230-2009-742-2521.jpg,BVILK1DQJ,severe_stress,train
BVILK1DQJ_230-2521-742-3033.jpg,BVILK1DQJ,severe_stress,train
BVILK1DQJ_230-473-742-985.jpg,BVILK1DQJ,severe_stress,train
BVILK1DQJ_230-985-742-1497.jpg,BVILK1DQJ,severe_stress,train
BVILK1DQJ_2461-1555-2973-2067.jpg,BVILK1DQJ,severe_stress,train
BVILK1DQJ_2461-2067-2973-2579.jpg,BVILK1DQJ,severe_stress,train
BVILK1DQJ_2461-531-2973-1043.jpg,BVILK1DQJ,severe_stress,train
BVILK1DQJ_3997-1555-4509-2067.jpg,BVILK1DQJ,severe_stress,train
BVILK1DQJ_4509-1555-5021-2067.jpg,BVILK1DQJ,severe_stress,train
BVILK1DQJ_4772-5407-5284-5919.jpg,BVILK1DQJ,severe_stress,train
BVILK1DQJ_5021-1043-5533-1555.jpg,BVILK1DQJ,severe_stress,train
BVILK1DQJ_5021-1555-5533-2067.jpg,BVILK1DQJ,severe_stress,train
BVILK1DQJ_5021-2067-5533-2579.jpg,BVILK1DQJ,severe_stress,train
BVILK1DQJ_5021-2579-5533-3091.jpg,BVILK1DQJ,severe_stress,train
BVILK1DQJ_5021-531-5533-1043.jpg,BVILK1DQJ,severe_stress,train
BVILK1DQJ_5284-2847-5796-3359.jpg,BVILK1DQJ,severe_stress,train
BVILK1DQJ_5284-3871-5796-4383.jpg,BVILK1DQJ,severe_stress,train
BVILK1DQJ_5284-5407-5796-5919.jpg,BVILK1DQJ,severe_stress,train
BVILK1DQJ_676-2847-1188-3359.jpg,BVILK1DQJ,healthy,train
BVILK1DQJ_676-3359-1188-3871.jpg,BVILK1DQJ,healthy,train
BVILK1DQJ_676-3871-1188-4383.jpg,BVILK1DQJ,severe_stress,train
BVILK1DQJ_676-5407-1188-5919.jpg,BVILK1DQJ,severe_stress,train
BVILK1DQJ_742-2521-1254-3033.jpg,BVILK1DQJ,severe_stress,train
BVILK1DQJ_991-2114-1503-2626.jpg,BVILK1DQJ,severe_stress,train
BVILK1DQJ_991-2626-1503-3138.jpg,BVILK1DQJ,severe_stress,train
BVILK1DQJ_991-3138-1503-3650.jpg,BVILK1DQJ,severe_stress,train
BVILK1DQJ_991-3650-1503-4162.jpg,BVILK1DQJ,severe_stress,train
BVMZTMH4K_2694-7748-3206-8260.jpg,BVMZTMH4K,healthy,train
BVMZTMH4K_2791-2958-3303-3470.jpg,BVMZTMH4K,healthy,train
BXMWYJFAJ_1848-3749-2360-4261.jpg,BXMWYJFAJ,healthy,train
BXMWYJFAJ_2653-2896-3165-3408.jpg,BXMWYJFAJ,healthy,train
BXMWYJFAJ_3965-5300-4477-5812.jpg,BXMWYJFAJ,healthy,train
C6GUPPMGT_2160-5320-2672-5832.jpg,C6GUPPMGT,healthy,train
C6GUPPMGT_262-5253-774-5765.jpg,C6GUPPMGT,healthy,train
C6H2DEA8V_1418-558-1930-1070.jpg,C6H2DEA8V,severe_stress,train
C6H2DEA8V_366-636-878-1148.jpg,C6H2DEA8V,severe_stress,train
C6H2DEA8V_4127-1336-4639-1848.jpg,C6H2DEA8V,severe_stress,train
C6H2DEA8V_4197-278-4709-790.jpg,C6H2DEA8V,severe_stress,train
C6H2DEA8V_4197-790-4709-1302.jpg,C6H2DEA8V,severe_stress,train
C6H2DEA8V_4435-1725-4947-2237.jpg,C6H2DEA8V,severe_stress,train
C6H2DEA8V_4639-1336-5151-1848.jpg,C6H2DEA8V,severe_stress,train
C6H2DEA8V_4639-824-5151-1336.jpg,C6H2DEA8V,severe_stress,train
C6H2DEA8V_768-566-1280-1078.jpg,C6H2DEA8V,severe_stress,train
C9YTNB4N9_1171-4562-1683-5074.jpg,C9YTNB4N9,moderate_stress,train
C9YTNB4N9_1241-4257-1753-4769.jpg,C9YTNB4N9,moderate_stress,train
C9YTNB4N9_1378-3273-1890-3785.jpg,C9YTNB4N9,moderate_stress,train
C9YTNB4N9_1412-4631-1924-5143.jpg,C9YTNB4N9,moderate_stress,train
C9YTNB4N9_1412-5143-1924-5655.jpg,C9YTNB4N9,moderate_stress,train
C9YTNB4N9_1749-4403-2261-4915.jpg,C9YTNB4N9,moderate_stress,train
C9YTNB4N9_2201-3776-2713-4288.jpg,C9YTNB4N9,moderate_stress,train
C9YTNB4N9_2216-4290-2728-4802.jpg,C9YTNB4N9,moderate_stress,train
C9YTNB4N9_2379-4096-2891-4608.jpg,C9YTNB4N9,moderate_stress,train
C9YTNB4N9_2613-4450-3125-4962.jpg,C9YTNB4N9,moderate_stress,train
C9YTNB4N9_2761-3246-3273-3758.jpg,C9YTNB4N9,healthy,train
C9YTNB4N9_2776-4635-3288-5147.jpg,C9YTNB4N9,moderate_stress,train
C9YTNB4N9_2946-4388-3458-4900.jpg,C9YTNB4N9,moderate_stress,train
C9YTNB4N9_3045-5133-3557-5645.jpg,C9YTNB4N9,moderate_stress,train
C9YTNB4N9_3112-3785-3624-4297.jpg,C9YTNB4N9,healthy,train
C9YTNB4N9_3157-4641-3669-5153.jpg,C9YTNB4N9,moderate_stress,train
C9YTNB4N9_3747-5010-4259-5522.jpg,C9YTNB4N9,healthy,train
C9YTNB4N9_4310-457-4822-969.jpg,C9YTNB4N9,healthy,train
C9YTNB4N9_4364-4057-4876-4569.jpg,C9YTNB4N9,healthy,train
C9YTNB4N9_451-388-963-900.jpg,C9YTNB4N9,moderate_stress,train
C9YTNB4N9_4703-5209-5215-5721.jpg,C9YTNB4N9,healthy,train
C9YTNB4N9_5025-5188-5537-5700.jpg,C9YTNB4N9,healthy,train
C9YTNB4N9_5225-4317-5737-4829.jpg,C9YTNB4N9,moderate_stress,train
C9YTNB4N9_5569-4423-6081-4935.jpg,C9YTNB4N9,moderate_stress,train
C9YTNB4N9_5586-4751-6098-5263.jpg,C9YTNB4N9,moderate_stress,train
C9YTNB4N9_5801-4961-6313-5473.jpg,C9YTNB4N9,moderate_stress,train
C9YTNB4N9_6011-4367-6523-4879.jpg,C9YTNB4N9,healthy,train
C9YTNB4N9_6076-5247-6588-5759.jpg,C9YTNB4N9,moderate_stress,train
C9YTNB4N9_6208-5014-6720-5526.jpg,C9YTNB4N9,moderate_stress,train
C9YTNB4N9_6251-4682-6763-5194.jpg,C9YTNB4N9,moderate_stress,train
C9YTNB4N9_6329-1296-6841-1808.jpg,C9YTNB4N9,moderate_stress,train
C9YTNB4N9_6329-1808-6841-2320.jpg,C9YTNB4N9,moderate_stress,train
C9YTNB4N9_6469-844-6981-1356.jpg,C9YTNB4N9,moderate_stress,train
C9YTNB4N9_6474-527-6986-1039.jpg,C9YTNB4N9,moderate_stress,train
C9YTNB4N9_6638-5092-7150-5604.jpg,C9YTNB4N9,moderate_stress,train
C9YTNB4N9_6861-4201-7373-4713.jpg,C9YTNB4N9,moderate_stress,train
C9YTNB4N9_7335-3704-7847-4216.jpg,C9YTNB4N9,healthy,train
C9YTNB4N9_7360-5295-7872-5807.jpg,C9YTNB4N9,moderate_stress,train
C9YTNB4N9_7500-3439-8012-3951.jpg,C9YTNB4N9,healthy,train
C9YTNB4N9_7514-626-8026-1138.jpg,C9YTNB4N9,moderate_stress,train
C9YTNB4N9_821-349-1333-861.jpg,C9YTNB4N9,moderate_stress,train
C9YTNB4N9_952-2703-1464-3215.jpg,C9YTNB4N9,healthy,train
CARG1FVE3_1591-313-2103-825.jpg,CARG1FVE3,moderate_stress,train
CARG1FVE3_236-310-748-822.jpg,CARG1FVE3,healthy,train
CARG1FVE3_241-5350-753-5862.jpg,CARG1FVE3,healthy,train
CARG1FVE3_2719-2820-3231-3332.jpg,CARG1FVE3,moderate_stress,train
CARG1FVE3_2730-3265-3242-3777.jpg,CARG1FVE3,moderate_stress,train
CARG1FVE3_2821-5328-3333-5840.jpg,CARG1FVE3,healthy,train
CEIVVFQBP_1482-1044-1994-1556.jpg,CEIVVFQBP,severe_stress,train
CEIVVFQBP_1482-532-1994-1044.jpg,CEIVVFQBP,severe_stress,train
CEIVVFQBP_1994-1044-2506-1556.jpg,CEIVVFQBP,severe_stress,train
CEIVVFQBP_1994-532-2506-1044.jpg,CEIVVFQBP,severe_stress,train
CEIVVFQBP_4893-2296-5405-2808.jpg,CEIVVFQBP,severe_stress,train
CEIVVFQBP_4893-2808-5405-3320.jpg,CEIVVFQBP,severe_stress,train
CEIVVFQBP_5130-1447-5642-1959.jpg,CEIVVFQBP,severe_stress,train
CEIVVFQBP_5130-1959-5642-2471.jpg,CEIVVFQBP,severe_stress,train
CEIVVFQBP_5233-1189-5745-1701.jpg,CEIVVFQBP,severe_stress,train
CEIVVFQBP_5233-677-5745-1189.jpg,CEIVVFQBP,severe_stress,train
CEIVVFQBP_5405-2296-5917-2808.jpg,CEIVVFQBP,severe_stress,train
CEIVVFQBP_5405-2808-5917-3320.jpg,CEIVVFQBP,severe_stress,train
CEIVVFQBP_5642-1959-6154-2471.jpg,CEIVVFQBP,severe_stress,train
CEIVVFQBP_5646-1460-6158-1972.jpg,CEIVVFQBP,severe_stress,train
CEIVVFQBP_5646-436-6158-948.jpg,CEIVVFQBP,healthy,train
CEIVVFQBP_5646-948-6158-1460.jpg,CEIVVFQBP,severe_stress,train
CEIVVFQBP_6158-1460-6670-1972.jpg,CEIVVFQBP,healthy,train
CEIVVFQBP_6158-436-6670-948.jpg,CEIVVFQBP,severe_stress,train
CEIVVFQBP_6158-948-6670-1460.jpg,CEIVVFQBP,severe_stress,train
CGUJHNC2I_10214-957-10726-1469.jpg,CGUJHNC2I,moderate_stress,train
CGUJHNC2I_10235-1346-10747-1858.jpg,CGUJHNC2I,healthy,train
CGUJHNC2I_10274-5488-10786-6000.jpg,CGUJHNC2I,healthy,train
CGUJHNC2I_10505-5661-11017-6173.jpg,CGUJHNC2I,healthy,train
CGUJHNC2I_10601-904-11113-1416.jpg,CGUJHNC2I,healthy,train
CGUJHNC2I_10637-637-11149-1149.jpg,CGUJHNC2I,healthy,train
CGUJHNC2I_10643-1471-11155-1983.jpg,CGUJHNC2I,healthy,train
CGUJHNC2I_270-10707-782-11219.jpg,CGUJHNC2I,healthy,train
CGUJHNC2I_2797-2075-3309-2587.jpg,CGUJHNC2I,healthy,train
CGUJHNC2I_2866-10812-3378-11324.jpg,CGUJHNC2I,moderate_stress,train
CGUJHNC2I_4001-10616-4513-11128.jpg,CGUJHNC2I,moderate_stress,train
CGUJHNC2I_4308-1001-4820-1513.jpg,CGUJHNC2I,moderate_stress,train
CGUJHNC2I_446-3530-958-4042.jpg,CGUJHNC2I,healthy,train
CGUJHNC2I_4570-10689-5082-11201.jpg,CGUJHNC2I,healthy,train
CGUJHNC2I_4601-944-5113-1456.jpg,CGUJHNC2I,moderate_stress,train
CGUJHNC2I_4907-852-5419-1364.jpg,CGUJHNC2I,moderate_stress,train
CGUJHNC2I_5194-10637-5706-11149.jpg,CGUJHNC2I,moderate_stress,train
CGUJHNC2I_5381-5555-5893-6067.jpg,CGUJHNC2I,moderate_stress,train
CGUJHNC2I_5436-4571-5948-5083.jpg,CGUJHNC2I,moderate_stress,train
CGUJHNC2I_5479-739-5991-1251.jpg,CGUJHNC2I,moderate_stress,train
CGUJHNC2I_5654-548-6166-1060.jpg,CGUJHNC2I,moderate_stress,train
CGUJHNC2I_8839-584-9351-1096.jpg,CGUJHNC2I,healthy,train
CGUJHNC2I_9544-1213-10056-1725.jpg,CGUJHNC2I,moderate_stress,train
CICPYZK8H_1155-7303-1667-7815.jpg,CICPYZK8H,moderate_stress,train
CICPYZK8H_1155-7815-1667-8327.jpg,CICPYZK8H,moderate_stress,train
CICPYZK8H_1324-6702-1836-7214.jpg,CICPYZK8H,healthy,train
CICPYZK8H_1449-1415-1961-1927.jpg,CICPYZK8H,healthy,train
CICPYZK8H_1449-1927-1961-2439.jpg,CICPYZK8H,moderate_stress,train
CICPYZK8H_1961-1415-2473-1927.jpg,CICPYZK8H,moderate_stress,train
CICPYZK8H_1961-1927-2473-2439.jpg,CICPYZK8H,moderate_stress,train
CICPYZK8H_1971-7848-2483-8360.jpg,CICPYZK8H,moderate_stress,train
CICPYZK8H_2208-1543-2720-2055.jpg,CICPYZK8H,moderate_stress,train
CICPYZK8H_2220-7944-2732-8456.jpg,CICPYZK8H,healthy,train
CICPYZK8H_2292-6205-2804-6717.jpg,CICPYZK8H,moderate_stress,train
CICPYZK8H_2469-3742-2981-4254.jpg,CICPYZK8H,moderate_stress,train
CICPYZK8H_2591-4016-3103-4528.jpg,CICPYZK8H,moderate_stress,train
CICPYZK8H_2657-341-3169-853.jpg,CICPYZK8H,healthy,train
CICPYZK8H_2657-853-3169-1365.jpg,CICPYZK8H,moderate_stress,train
CICPYZK8H_2980-1012-3492-1524.jpg,CICPYZK8H,moderate_stress,train
CICPYZK8H_3040-506-3552-1018.jpg,CICPYZK8H,moderate_stress,train
CICPYZK8H_3169-853-3681-1365.jpg,CICPYZK8H,moderate_stress,train
CICPYZK8H_3405-2072-3917-2584.jpg,CICPYZK8H,moderate_stress,train
CICPYZK8H_345-3865-857-4377.jpg,CICPYZK8H,moderate_stress,train
CICPYZK8H_3492-1012-4004-1524.jpg,CICPYZK8H,moderate_stress,train
CICPYZK8H_3552-506-4064-1018.jpg,CICPYZK8H,moderate_stress,train
CICPYZK8H_3689-7736-4201-8248.jpg,CICPYZK8H,moderate_stress,train
CICPYZK8H_3713-8010-4225-8522.jpg,CICPYZK8H,moderate_stress,train
CICPYZK8H_3771-900-4283-1412.jpg,CICPYZK8H,moderate_stress,train
CICPYZK8H_3894-5841-4406-6353.jpg,CICPYZK8H,moderate_stress,train
CICPYZK8H_3929-131-4441-643.jpg,CICPYZK8H,healthy,train
CICPYZK8H_4208-377-4720-889.jpg,CICPYZK8H,moderate_stress,train
CICPYZK8H_4230-7870-4742-8382.jpg,CICPYZK8H,moderate_stress,train
CICPYZK8H_4236-3658-4748-4170.jpg,CICPYZK8H,moderate_stress,train
CICPYZK8H_4453-478-4965-990.jpg,CICPYZK8H,moderate_stress,train
CICPYZK8H_4613-4642-5125-5154.jpg,CICPYZK8H,moderate_stress,train
CICPYZK8H_4766-1027-5278-1539.jpg,CICPYZK8H,moderate_stress,train
CICPYZK8H_4820-1671-5332-2183.jpg,CICPYZK8H,moderate_stress,train
CICPYZK8H_4899-5217-5411-5729.jpg,CICPYZK8H,moderate_stress,train
CICPYZK8H_4899-5729-5411-6241.jpg,CICPYZK8H,moderate_stress,train
CICPYZK8H_5075-1753-5587-2265.jpg,CICPYZK8H,moderate_stress,train
CICPYZK8H_5125-4642-5637-5154.jpg,CICPYZK8H,moderate_stress,train
CICPYZK8H_5278-1027-5790-1539.jpg,CICPYZK8H,moderate_stress,train
CICPYZK8H_5397-1284-5909-1796.jpg,CICPYZK8H,moderate_stress,train
CICPYZK8H_5411-5729-5923-6241.jpg,CICPYZK8H,moderate_stress,train
CICPYZK8H_5411-6241-5923-6753.jpg,CICPYZK8H,moderate_stress,train
CICPYZK8H_5637-4642-6149-5154.jpg,CICPYZK8H,moderate_stress,train
CICPYZK8H_5787-8762-6299-9274.jpg,CICPYZK8H,healthy,train
CICPYZK8H_5929-3638-6441-4150.jpg,CICPYZK8H,moderate_stress,train
CICPYZK8H_6301-7182-6813-7694.jpg,CICPYZK8H,moderate_stress,train
CICPYZK8H_6355-6508-6867-7020.jpg,CICPYZK8H,moderate_stress,train
CICPYZK8H_6738-4438-7250-4950.jpg,CICPYZK8H,moderate_stress,train
CICPYZK8H_6887-3835-7399-4347.jpg,CICPYZK8H,moderate_stress,train
CICPYZK8H_759-3738-1271-4250.jpg,CICPYZK8H,moderate_stress,train
CICPYZK8H_905-4230-1417-4742.jpg,CICPYZK8H,moderate_stress,train
CICPYZK8H_905-4742-1417-5254.jpg,CICPYZK8H,moderate_stress,train
CJ3P4HYNX_1630-2687-2142-3199.jpg,CJ3P4HYNX,severe_stress,train
CJ3P4HYNX_1642-1125-2154-1637.jpg,CJ3P4HYNX,severe_stress,train
CJ3P4HYNX_1642-1501-2154-2013.jpg,CJ3P4HYNX,severe_stress,train
CJ3P4HYNX_1642-2013-2154-2525.jpg,CJ3P4HYNX,severe_stress,train
CJ3P4HYNX_2113-732-2625-1244.jpg,CJ3P4HYNX,severe_stress,train
CJ3P4HYNX_2142-2687-2654-3199.jpg,CJ3P4HYNX,severe_stress,train
CJ3P4HYNX_2154-1501-2666-2013.jpg,CJ3P4HYNX,severe_stress,train
CJ3P4HYNX_2154-2013-2666-2525.jpg,CJ3P4HYNX,severe_stress,train
CJ3P4HYNX_2236-1084-2748-1596.jpg,CJ3P4HYNX,severe_stress,train
CJ3P4HYNX_234-524-746-1036.jpg,CJ3P4HYNX,severe_stress,train
CJ3P4HYNX_2403-2368-2915-2880.jpg,CJ3P4HYNX,severe_stress,train
CJ3P4HYNX_2403-2880-2915-3392.jpg,CJ3P4HYNX,severe_stress,train
CJ3P4HYNX_2443-852-2955-1364.jpg,CJ3P4HYNX,severe_stress,train
CJ3P4HYNX_2461-1719-2973-2231.jpg,CJ3P4HYNX,severe_stress,train
CJ3P4HYNX_2481-3145-2993-3657.jpg,CJ3P4HYNX,severe_stress,train
CJ3P4HYNX_2760-1357-3272-1869.jpg,CJ3P4HYNX,severe_stress,train
CJ3P4HYNX_2812-1681-3324-2193.jpg,CJ3P4HYNX,severe_stress,train
CJ3P4HYNX_2812-2193-3324-2705.jpg,CJ3P4HYNX,severe_stress,train
CJ3P4HYNX_2947-2423-3459-2935.jpg,CJ3P4HYNX,severe_stress,train
CJ3P4HYNX_2947-2935-3459-3447.jpg,CJ3P4HYNX,severe_stress,train
CJ3P4HYNX_3081-1532-3593-2044.jpg,CJ3P4HYNX,severe_stress,train
CJ3P4HYNX_3081-2044-3593-2556.jpg,CJ3P4HYNX,severe_stress,train
CJ3P4HYNX_315-2600-827-3112.jpg,CJ3P4HYNX,severe_stress,train
CJ3P4HYNX_3163-687-3675-1199.jpg,CJ3P4HYNX,severe_stress,train
CJ3P4HYNX_3236-2926-3748-3438.jpg,CJ3P4HYNX,severe_stress,train
CJ3P4HYNX_3462-504-3974-1016.jpg,CJ3P4HYNX,severe_stress,train
CJ3P4HYNX_3537-2632-4049-3144.jpg,CJ3P4HYNX,severe_stress,train
CJ3P4HYNX_3593-1532-4105-2044.jpg,CJ3P4HYNX,severe_stress,train
CJ3P4HYNX_3593-2044-4105-2556.jpg,CJ3P4HYNX,severe_stress,train
CJ3P4HYNX_3612-947-4124-1459.jpg,CJ3P4HYNX,severe_stress,train
CJ3P4HYNX_3768-2767-4280-3279.jpg,CJ3P4HYNX,severe_stress,train
CJ3P4HYNX_3965-554-4477-1066.jpg,CJ3P4HYNX,severe_stress,train
CJ3P4HYNX_4049-2120-4561-2632.jpg,CJ3P4HYNX,severe_stress,train
CJ3P4HYNX_4049-2632-4561-3144.jpg,CJ3P4HYNX,severe_stress,train
CJ3P4HYNX_4140-1259-4652-1771.jpg,CJ3P4HYNX,severe_stress,train
CJ3P4HYNX_4140-747-4652-1259.jpg,CJ3P4HYNX,severe_stress,train
CJ3P4HYNX_4477-554-4989-1066.jpg,CJ3P4HYNX,severe_stress,train
CJ3P4HYNX_453-1393-965-1905.jpg,CJ3P4HYNX,severe_stress,train
CJ3P4HYNX_453-369-965-881.jpg,CJ3P4HYNX,severe_stress,train
CJ3P4HYNX_4613-2550-5125-3062.jpg,CJ3P4HYNX,severe_stress,train
CJ3P4HYNX_4652-1259-5164-1771.jpg,CJ3P4HYNX,severe_stress,train
CJ3P4HYNX_4652-747-5164-1259.jpg,CJ3P4HYNX,severe_stress,train
CJ3P4HYNX_471-1087-983-1599.jpg,CJ3P4HYNX,severe_stress,train
CJ3P4HYNX_4758-456-5270-968.jpg,CJ3P4HYNX,severe_stress,train
CJ3P4HYNX_4758-968-5270-1480.jpg,CJ3P4HYNX,severe_stress,train
CJ3P4HYNX_4768-1850-5280-2362.jpg,CJ3P4HYNX,severe_stress,train
CJ3P4HYNX_5037-2780-5549-3292.jpg,CJ3P4HYNX,healthy,train
CJ3P4HYNX_5270-456-5782-968.jpg,CJ3P4HYNX,severe_stress,train
CJ3P4HYNX_5270-968-5782-1480.jpg,CJ3P4HYNX,severe_stress,train
CJ3P4HYNX_5307-2592-5819-3104.jpg,CJ3P4HYNX,healthy,train
CJ3P4HYNX_680-1916-1192-2428.jpg,CJ3P4HYNX,severe_stress,train
CJ3P4HYNX_827-2600-1339-3112.jpg,CJ3P4HYNX,severe_stress,train
CJ3P4HYNX_851-1669-1363-2181.jpg,CJ3P4HYNX,severe_stress,train
CJ3P4HYNX_965-1393-1477-1905.jpg,CJ3P4HYNX,severe_stress,train
CJ3P4HYNX_965-1905-1477-2417.jpg,CJ3P4HYNX,severe_stress,train
CJ3P4HYNX_965-369-1477-881.jpg,CJ3P4HYNX,severe_stress,train
CJ3P4HYNX_965-881-1477-1393.jpg,CJ3P4HYNX,severe_stress,train
CQNBRI3KK_1057-902-1569-1414.jpg,CQNBRI3KK,severe_stress,train
CQNBRI3KK_1200-1201-1712-1713.jpg,CQNBRI3KK,healthy,train
CQNBRI3KK_356-367-868-879.jpg,CQNBRI3KK,severe_stress,train
CQNBRI3KK_868-367-1380-879.jpg,CQNBRI3KK,severe_stress,train
CRJ2M6JYP_1277-434-1789-946.jpg,CRJ2M6JYP,moderate_stress,train
CRJ2M6JYP_1288-1693-1800-2205.jpg,CRJ2M6JYP,moderate_stress,train
CRJ2M6JYP_253-434-765-946.jpg,CRJ2M6JYP,moderate_stress,train
CRJ2M6JYP_253-946-765-1458.jpg,CRJ2M6JYP,moderate_stress,train
CRJ2M6JYP_264-2205-776-2717.jpg,CRJ2M6JYP,moderate_stress,train
CRJ2M6JYP_264-2717-776-3229.jpg,CRJ2M6JYP,moderate_stress,train
CRJ2M6JYP_2855-1084-3367-1596.jpg,CRJ2M6JYP,moderate_stress,train
CRJ2M6JYP_2855-1596-3367-2108.jpg,CRJ2M6JYP,moderate_stress,train
CRJ2M6JYP_2855-2108-3367-2620.jpg,CRJ2M6JYP,moderate_stress,train
CRJ2M6JYP_2855-2620-3367-3132.jpg,CRJ2M6JYP,moderate_stress,train
CRJ2M6JYP_2855-3132-3367-3644.jpg,CRJ2M6JYP,moderate_stress,train
CRJ2M6JYP_2855-3644-3367-4156.jpg,CRJ2M6JYP,moderate_stress,train
CRJ2M6JYP_2855-4156-3367-4668.jpg,CRJ2M6JYP,moderate_stress,train
CRJ2M6JYP_2855-4668-3367-5180.jpg,CRJ2M6JYP,moderate_stress,train
CRJ2M6JYP_2855-5180-3367-5692.jpg,CRJ2M6JYP,moderate_stress,train
CRJ2M6JYP_3367-1084-3879-1596.jpg,CRJ2M6JYP,moderate_stress,train
CRJ2M6JYP_3367-1596-3879-2108.jpg,CRJ2M6JYP,moderate_stress,train
CRJ2M6JYP_3367-2108-3879-2620.jpg,CRJ2M6JYP,moderate_stress,train
CRJ2M6JYP_3367-2620-3879-3132.jpg,CRJ2M6JYP,moderate_stress,train
CRJ2M6JYP_3367-3132-3879-3644.jpg,CRJ2M6JYP,moderate_stress,train
CRJ2M6JYP_3367-3644-3879-4156.jpg,CRJ2M6JYP,moderate_stress,train
CRJ2M6JYP_3367-4156-3879-4668.jpg,CRJ2M6JYP,moderate_stress,train
CRJ2M6JYP_3367-4668-3879-5180.jpg,CRJ2M6JYP,moderate_stress,train
CRJ2M6JYP_3367-5180-3879-5692.jpg,CRJ2M6JYP,moderate_stress,train
CRJ2M6JYP_3725-1287-4237-1799.jpg,CRJ2M6JYP,moderate_stress,train
CRJ2M6JYP_3725-1799-4237-2311.jpg,CRJ2M6JYP,moderate_stress,train
CRJ2M6JYP_3725-2311-4237-2823.jpg,CRJ2M6JYP,moderate_stress,train
CRJ2M6JYP_3725-263-4237-775.jpg,CRJ2M6JYP,moderate_stress,train
CRJ2M6JYP_3725-2823-4237-3335.jpg,CRJ2M6JYP,moderate_stress,train
CRJ2M6JYP_3725-3335-4237-3847.jpg,CRJ2M6JYP,moderate_stress,train
CRJ2M6JYP_3725-3847-4237-4359.jpg,CRJ2M6JYP,moderate_stress,train
CRJ2M6JYP_3725-4359-4237-4871.jpg,CRJ2M6JYP,moderate_stress,train
CRJ2M6JYP_3725-4871-4237-5383.jpg,CRJ2M6JYP,moderate_stress,train
CRJ2M6JYP_3725-5383-4237-5895.jpg,CRJ2M6JYP,moderate_stress,train
CRJ2M6JYP_3725-775-4237-1287.jpg,CRJ2M6JYP,moderate_stress,train
CRJ2M6JYP_4237-263-4749-775.jpg,CRJ2M6JYP,moderate_stress,train
CRJ2M6JYP_4237-5383-4749-5895.jpg,CRJ2M6JYP,moderate_stress,train
CRJ2M6JYP_440-1237-952-1749.jpg,CRJ2M6JYP,moderate_stress,train
CRJ2M6JYP_440-1749-952-2261.jpg,CRJ2M6JYP,moderate_stress,train
CRJ2M6JYP_4749-263-5261-775.jpg,CRJ2M6JYP,moderate_stress,train
CRJ2M6JYP_4749-5383-5261-5895.jpg,CRJ2M6JYP,moderate_stress,train
CRJ2M6JYP_5261-1799-5773-2311.jpg,CRJ2M6JYP,moderate_stress,train
CRJ2M6JYP_5261-2311-5773-2823.jpg,CRJ2M6JYP,moderate_stress,train
CRJ2M6JYP_5261-263-5773-775.jpg,CRJ2M6JYP,moderate_stress,train
CRJ2M6JYP_5261-2823-5773-3335.jpg,CRJ2M6JYP,moderate_stress,train
CRJ2M6JYP_5261-3335-5773-3847.jpg,CRJ2M6JYP,moderate_stress,train
CRJ2M6JYP_5261-3847-5773-4359.jpg,CRJ2M6JYP,moderate_stress,train
CRJ2M6JYP_5261-4359-5773-4871.jpg,CRJ2M6JYP,moderate_stress,train
CRJ2M6JYP_5261-4871-5773-5383.jpg,CRJ2M6JYP,moderate_stress,train
CRJ2M6JYP_5261-5383-5773-5895.jpg,CRJ2M6JYP,moderate_stress,train
CRJ2M6JYP_765-434-1277-946.jpg,CRJ2M6JYP,moderate_stress,train
CRJ2M6JYP_765-946-1277-1458.jpg,CRJ2M6JYP,moderate_stress,train
CRJ2M6JYP_776-1693-1288-2205.jpg,CRJ2M6JYP,moderate_stress,train
CRJ2M6JYP_776-2205-1288-2717.jpg,CRJ2M6JYP,moderate_stress,train
CRJ2M6JYP_952-1237-1464-1749.jpg,CRJ2M6JYP,moderate_stress,train
CTIYXJNCI_3143-1053-3655-1565.jpg,CTIYXJNCI,severe_stress,train
CTIYXJNCI_3143-1565-3655-2077.jpg,CTIYXJNCI,severe_stress,train
CTIYXJNCI_3592-1819-4104-2331.jpg,CTIYXJNCI,severe_stress,train
CTIYXJNCI_3655-1053-4167-1565.jpg,CTIYXJNCI,healthy,train
CTIYXJNCI_3655-1565-4167-2077.jpg,CTIYXJNCI,severe_stress,train
CWCXJMMM1_4378-10575-4890-11087.jpg,CWCXJMMM1,healthy,train
D74GYWJR3_367-3999-879-4511.jpg,D74GYWJR3,moderate_stress,train
D83BCIF7K_1328-649-1840-1161.jpg,D83BCIF7K,severe_stress,train
D83BCIF7K_1847-426-2359-938.jpg,D83BCIF7K,severe_stress,train
D83BCIF7K_4450-232-4962-744.jpg,D83BCIF7K,severe_stress,train
D83BCIF7K_4451-1241-4963-1753.jpg,D83BCIF7K,severe_stress,train
D83BCIF7K_4951-2195-5463-2707.jpg,D83BCIF7K,severe_stress,train
D83BCIF7K_4962-232-5474-744.jpg,D83BCIF7K,severe_stress,train
D83BCIF7K_4962-744-5474-1256.jpg,D83BCIF7K,severe_stress,train
D83BCIF7K_5014-1327-5526-1839.jpg,D83BCIF7K,severe_stress,train
D83BCIF7K_5474-744-5986-1256.jpg,D83BCIF7K,severe_stress,train
D83BCIF7K_5477-2050-5989-2562.jpg,D83BCIF7K,severe_stress,train
D83BCIF7K_5526-1327-6038-1839.jpg,D83BCIF7K,severe_stress,train
D83BCIF7K_5611-359-6123-871.jpg,D83BCIF7K,severe_stress,train
D83BCIF7K_5778-1537-6290-2049.jpg,D83BCIF7K,severe_stress,train
D83BCIF7K_5778-2049-6290-2561.jpg,D83BCIF7K,healthy,train
D83BCIF7K_5991-1387-6503-1899.jpg,D83BCIF7K,severe_stress,train
D83BCIF7K_6290-1537-6802-2049.jpg,D83BCIF7K,severe_stress,train
D83BCIF7K_6290-2049-6802-2561.jpg,D83BCIF7K,severe_stress,train
D83BCIF7K_6782-2150-7294-2662.jpg,D83BCIF7K,severe_stress,train
D83BCIF7K_6802-1537-7314-2049.jpg,D83BCIF7K,healthy,train
D83BCIF7K_7211-1723-7723-2235.jpg,D83BCIF7K,severe_stress,train
D83BCIF7K_7294-2150-7806-2662.jpg,D83BCIF7K,severe_stress,train
D83BCIF7K_7294-2662-7806-3174.jpg,D83BCIF7K,severe_stress,train
D83BCIF7K_7726-5457-8238-5969.jpg,D83BCIF7K,severe_stress,train
D83BCIF7K_7731-3715-8243-4227.jpg,D83BCIF7K,severe_stress,train
D83BCIF7K_7731-4227-8243-4739.jpg,D83BCIF7K,severe_stress,train
D83BCIF7K_7806-2662-8318-3174.jpg,D83BCIF7K,severe_stress,train
D83BCIF7K_7927-4545-8439-5057.jpg,D83BCIF7K,severe_stress,train
D83BCIF7K_8207-2938-8719-3450.jpg,D83BCIF7K,severe_stress,train
D83BCIF7K_8207-3450-8719-3962.jpg,D83BCIF7K,severe_stress,train
D83BCIF7K_8238-5457-8750-5969.jpg,D83BCIF7K,severe_stress,train
D83BCIF7K_8238-5969-8750-6481.jpg,D83BCIF7K,severe_stress,train
D83BCIF7K_8243-3715-8755-4227.jpg,D83BCIF7K,severe_stress,train
D83BCIF7K_8243-4227-8755-4739.jpg,D83BCIF7K,severe_stress,train
D83BCIF7K_8281-1794-8793-2306.jpg,D83BCIF7K,severe_stress,train
D83BCIF7K_8281-2306-8793-2818.jpg,D83BCIF7K,healthy,train
D83BCIF7K_8439-4545-8951-5057.jpg,D83BCIF7K,severe_stress,train
D83BCIF7K_8520-2720-9032-3232.jpg,D83BCIF7K,severe_stress,train
D83BCIF7K_8719-2938-9231-3450.jpg,D83BCIF7K,severe_stress,train
D83BCIF7K_8719-3450-9231-3962.jpg,D83BCIF7K,severe_stress,train
D83BCIF7K_8750-5457-9262-5969.jpg,D83BCIF7K,healthy,train
D83BCIF7K_8750-5969-9262-6481.jpg,D83BCIF7K,severe_stress,train
D83BCIF7K_8755-3715-9267-4227.jpg,D83BCIF7K,severe_stress,train
D83BCIF7K_8755-4227-9267-4739.jpg,D83BCIF7K,severe_stress,train
D83BCIF7K_8793-1794-9305-2306.jpg,D83BCIF7K,severe_stress,train
D83BCIF7K_8793-2306-9305-2818.jpg,D83BCIF7K,severe_stress,train
D83BCIF7K_8951-4545-9463-5057.jpg,D83BCIF7K,severe_stress,train
D83BCIF7K_9040-2392-9552-2904.jpg,D83BCIF7K,severe_stress,train
D83BCIF7K_9040-2904-9552-3416.jpg,D83BCIF7K,severe_stress,train
D83BCIF7K_9040-3416-9552-3928.jpg,D83BCIF7K,severe_stress,train
D83BCIF7K_9305-2306-9817-2818.jpg,D83BCIF7K,severe_stress,train
D83BCIF7K_9424-5865-9936-6377.jpg,D83BCIF7K,severe_stress,train
D83BCIF7K_9463-4545-9975-5057.jpg,D83BCIF7K,severe_stress,train
D83BCIF7K_9463-5057-9975-5569.jpg,D83BCIF7K,severe_stress,train
D83BCIF7K_9552-2392-10064-2904.jpg,D83BCIF7K,severe_stress,train
D83BCIF7K_9552-2904-10064-3416.jpg,D83BCIF7K,severe_stress,train
D83BCIF7K_9552-3416-10064-3928.jpg,D83BCIF7K,severe_stress,train
D83BCIF7K_9888-4642-10400-5154.jpg,D83BCIF7K,severe_stress,train
D83BCIF7K_9905-3629-10417-4141.jpg,D83BCIF7K,severe_stress,train
D83BCIF7K_9936-5865-10448-6377.jpg,D83BCIF7K,severe_stress,train
D83BCIF7K_9975-5057-10487-5569.jpg,D83BCIF7K,severe_stress,train
DB1MKZK3T_4165-8394-4677-8906.jpg,DB1MKZK3T,severe_stress,train
DB1MKZK3T_4677-8394-5189-8906.jpg,DB1MKZK3T,severe_stress,train
DB1MKZK3T_6335-7967-6847-8479.jpg,DB1MKZK3T,severe_stress,train
DB1MKZK3T_6667-8170-7179-8682.jpg,DB1MKZK3T,severe_stress,train
DB1MKZK3T_671-5731-1183-6243.jpg,DB1MKZK3T,severe_stress,train
DB1MKZK3T_671-6243-1183-6755.jpg,DB1MKZK3T,severe_stress,train
DB1MKZK3T_671-6755-1183-7267.jpg,DB1MKZK3T,severe_stress,train
DB1MKZK3T_6847-7455-7359-7967.jpg,DB1MKZK3T,severe_stress,train
DB1MKZK3T_6847-7967-7359-8479.jpg,DB1MKZK3T,severe_stress,train
DB1MKZK3T_7179-8170-7691-8682.jpg,DB1MKZK3T,severe_stress,train
DB1MKZK3T_7359-7455-7871-7967.jpg,DB1MKZK3T,severe_stress,train
DB1MKZK3T_7359-7967-7871-8479.jpg,DB1MKZK3T,severe_stress,train
DB1MKZK3T_7691-8170-8203-8682.jpg,DB1MKZK3T,severe_stress,train
DB1MKZK3T_7871-7455-8383-7967.jpg,DB1MKZK3T,severe_stress,train
DB1MKZK3T_7871-7967-8383-8479.jpg,DB1MKZK3T,severe_stress,train
DB1MKZK3T_7921-7094-8433-7606.jpg,DB1MKZK3T,severe_stress,train
DCM63W1ZI_1005-4716-1517-5228.jpg,DCM63W1ZI,severe_stress,train
DCM63W1ZI_1005-6252-1517-6764.jpg,DCM63W1ZI,severe_stress,train
DCM63W1ZI_1005-6764-1517-7276.jpg,DCM63W1ZI,severe_stress,train
DCM63W1ZI_1005-7276-1517-7788.jpg,DCM63W1ZI,severe_stress,train
DCM63W1ZI_1486-1526-1998-2038.jpg,DCM63W1ZI,severe_stress,train
DCM63W1ZI_1486-2038-1998-2550.jpg,DCM63W1ZI,severe_stress,train
DCM63W1ZI_1486-2550-1998-3062.jpg,DCM63W1ZI,severe_stress,train
DCM63W1ZI_1486-3062-1998-3574.jpg,DCM63W1ZI,severe_stress,train
DCM63W1ZI_1517-4204-2029-4716.jpg,DCM63W1ZI,severe_stress,train
DCM63W1ZI_1517-4716-2029-5228.jpg,DCM63W1ZI,severe_stress,train
DCM63W1ZI_1517-7276-2029-7788.jpg,DCM63W1ZI,severe_stress,train
DCM63W1ZI_1998-1526-2510-2038.jpg,DCM63W1ZI,severe_stress,train
DCM63W1ZI_1998-2038-2510-2550.jpg,DCM63W1ZI,severe_stress,train
DCM63W1ZI_1998-2550-2510-3062.jpg,DCM63W1ZI,healthy,train
DCM63W1ZI_1998-3062-2510-3574.jpg,DCM63W1ZI,severe_stress,train
DCM63W1ZI_1998-3574-2510-4086.jpg,DCM63W1ZI,severe_stress,train
DCM63W1ZI_2029-4204-2541-4716.jpg,DCM63W1ZI,severe_stress,train
DCM63W1ZI_2029-7276-2541-7788.jpg,DCM63W1ZI,severe_stress,train
DCM63W1ZI_2541-4204-3053-4716.jpg,DCM63W1ZI,healthy,train
DCM63W1ZI_2541-4716-3053-5228.jpg,DCM63W1ZI,severe_stress,train
DCM63W1ZI_2541-5228-3053-5740.jpg,DCM63W1ZI,severe_stress,train
DCM63W1ZI_2541-5740-3053-6252.jpg,DCM63W1ZI,severe_stress,train
DCM63W1ZI_2541-6252-3053-6764.jpg,DCM63W1ZI,severe_stress,train
DCM63W1ZI_2541-6764-3053-7276.jpg,DCM63W1ZI,severe_stress,train
DCM63W1ZI_2541-7276-3053-7788.jpg,DCM63W1ZI,severe_stress,train
DCM63W1ZI_462-2550-974-3062.jpg,DCM63W1ZI,severe_stress,train
DCM63W1ZI_462-3062-974-3574.jpg,DCM63W1ZI,severe_stress,train
DCM63W1ZI_462-3574-974-4086.jpg,DCM63W1ZI,severe_stress,train
DCM63W1ZI_462-4086-974-4598.jpg,DCM63W1ZI,severe_stress,train
DCM63W1ZI_462-4598-974-5110.jpg,DCM63W1ZI,severe_stress,train
DCM63W1ZI_493-5228-1005-5740.jpg,DCM63W1ZI,severe_stress,train
DCM63W1ZI_493-5740-1005-6252.jpg,DCM63W1ZI,severe_stress,train
DCM63W1ZI_493-6252-1005-6764.jpg,DCM63W1ZI,severe_stress,train
DCM63W1ZI_493-6764-1005-7276.jpg,DCM63W1ZI,severe_stress,train
DCM63W1ZI_974-2038-1486-2550.jpg,DCM63W1ZI,severe_stress,train
DCM63W1ZI_974-2550-1486-3062.jpg,DCM63W1ZI,severe_stress,train
DCM63W1ZI_974-3574-1486-4086.jpg,DCM63W1ZI,severe_stress,train
DCM63W1ZI_974-4086-1486-4598.jpg,DCM63W1ZI,severe_stress,train
DGKPHG17H_1125-604-1637-1116.jpg,DGKPHG17H,moderate_stress,train
DGKPHG17H_215-538-727-1050.jpg,DGKPHG17H,moderate_stress,train
DGKPHG17H_535-676-1047-1188.jpg,DGKPHG17H,moderate_stress,train
DGVJI4164_2744-468-3256-980.jpg,DGVJI4164,healthy,train
DGVJI4164_3256-468-3768-980.jpg,DGVJI4164,healthy,train
DGVJI4164_3768-468-4280-980.jpg,DGVJI4164,healthy,train
DGVJI4164_4280-468-4792-980.jpg,DGVJI4164,moderate_stress,train
DGVJI4164_4792-468-5304-980.jpg,DGVJI4164,healthy,train
DVJ76NRUZ_1247-5016-1759-5528.jpg,DVJ76NRUZ,moderate_stress,train
DVJ76NRUZ_1759-5016-2271-5528.jpg,DVJ76NRUZ,moderate_stress,train
DVJ76NRUZ_2287-4147-2799-4659.jpg,DVJ76NRUZ,moderate_stress,train
DXKCKF99Z_2372-465-2884-977.jpg,DXKCKF99Z,moderate_stress,train
DXKCKF99Z_305-518-817-1030.jpg,DXKCKF99Z,moderate_stress,train
DXKCKF99Z_334-1245-846-1757.jpg,DXKCKF99Z,healthy,train
DXKCKF99Z_5067-283-5579-795.jpg,DXKCKF99Z,healthy,train
E4828N32K_3334-7216-3846-7728.jpg,E4828N32K,healthy,train
E4828N32K_6674-8260-7186-8772.jpg,E4828N32K,healthy,train
E4DB4KTR9_4719-5101-5231-5613.jpg,E4DB4KTR9,moderate_stress,train
E4DB4KTR9_5008-5147-5520-5659.jpg,E4DB4KTR9,moderate_stress,train
E9H2JVBQ4_1208-3475-1720-3987.jpg,E9H2JVBQ4,moderate_stress,train
E9H2JVBQ4_1381-1108-1893-1620.jpg,E9H2JVBQ4,moderate_stress,train
E9H2JVBQ4_1497-3733-2009-4245.jpg,E9H2JVBQ4,moderate_stress,train
E9H2JVBQ4_1711-1326-2223-1838.jpg,E9H2JVBQ4,moderate_stress,train
E9H2JVBQ4_2190-4427-2702-4939.jpg,E9H2JVBQ4,healthy,train
E9H2JVBQ4_2681-935-3193-1447.jpg,E9H2JVBQ4,healthy,train
E9H2JVBQ4_2965-872-3477-1384.jpg,E9H2JVBQ4,moderate_stress,train
E9H2JVBQ4_3238-680-3750-1192.jpg,E9H2JVBQ4,moderate_stress,train
E9H2JVBQ4_3772-464-4284-976.jpg,E9H2JVBQ4,healthy,train
E9H2JVBQ4_3810-1683-4322-2195.jpg,E9H2JVBQ4,moderate_stress,train
E9H2JVBQ4_3922-2052-4434-2564.jpg,E9H2JVBQ4,moderate_stress,train
E9H2JVBQ4_4108-466-4620-978.jpg,E9H2JVBQ4,moderate_stress,train
E9H2JVBQ4_4132-1815-4644-2327.jpg,E9H2JVBQ4,moderate_stress,train
E9H2JVBQ4_961-2790-1473-3302.jpg,E9H2JVBQ4,moderate_stress,train
E9H2JVBQ4_985-3733-1497-4245.jpg,E9H2JVBQ4,moderate_stress,train
E9Y8VHATJ_1426-356-1938-868.jpg,E9Y8VHATJ,healthy,train
E9Y8VHATJ_1426-868-1938-1380.jpg,E9Y8VHATJ,moderate_stress,train
E9Y8VHATJ_1938-356-2450-868.jpg,E9Y8VHATJ,moderate_stress,train
E9Y8VHATJ_199-1078-711-1590.jpg,E9Y8VHATJ,moderate_stress,train
E9Y8VHATJ_199-1590-711-2102.jpg,E9Y8VHATJ,moderate_stress,train
E9Y8VHATJ_199-566-711-1078.jpg,E9Y8VHATJ,moderate_stress,train
E9Y8VHATJ_272-2200-784-2712.jpg,E9Y8VHATJ,moderate_stress,train
E9Y8VHATJ_272-2712-784-3224.jpg,E9Y8VHATJ,moderate_stress,train
E9Y8VHATJ_272-3224-784-3736.jpg,E9Y8VHATJ,moderate_stress,train
E9Y8VHATJ_305-3932-817-4444.jpg,E9Y8VHATJ,moderate_stress,train
E9Y8VHATJ_305-4444-817-4956.jpg,E9Y8VHATJ,moderate_stress,train
E9Y8VHATJ_305-4956-817-5468.jpg,E9Y8VHATJ,moderate_stress,train
E9Y8VHATJ_305-5468-817-5980.jpg,E9Y8VHATJ,moderate_stress,train
E9Y8VHATJ_402-1380-914-1892.jpg,E9Y8VHATJ,moderate_stress,train
E9Y8VHATJ_402-1892-914-2404.jpg,E9Y8VHATJ,moderate_stress,train
E9Y8VHATJ_402-356-914-868.jpg,E9Y8VHATJ,moderate_stress,train
E9Y8VHATJ_402-868-914-1380.jpg,E9Y8VHATJ,moderate_stress,train
E9Y8VHATJ_914-1380-1426-1892.jpg,E9Y8VHATJ,moderate_stress,train
E9Y8VHATJ_914-868-1426-1380.jpg,E9Y8VHATJ,moderate_stress,train
EEECD6H7F_1987-374-2499-886.jpg,EEECD6H7F,healthy,train
EEECD6H7F_201-1197-713-1709.jpg,EEECD6H7F,healthy,train
EEECD6H7F_5016-537-5528-1049.jpg,EEECD6H7F,healthy,train
EFRPYQJ43_1216-4890-1728-5402.jpg,EFRPYQJ43,healthy,train
EFRPYQJ43_1511-506-2023-1018.jpg,EFRPYQJ43,moderate_stress,train
EFRPYQJ43_2199-515-2711-1027.jpg,EFRPYQJ43,moderate_stress,train
EFRPYQJ43_2489-496-3001-1008.jpg,EFRPYQJ43,moderate_stress,train
EFRPYQJ43_2626-10264-3138-10776.jpg,EFRPYQJ43,moderate_stress,train
EFRPYQJ43_2782-510-3294-1022.jpg,EFRPYQJ43,moderate_stress,train
EFRPYQJ43_2893-10174-3405-10686.jpg,EFRPYQJ43,moderate_stress,train
EFRPYQJ43_421-514-933-1026.jpg,EFRPYQJ43,moderate_stress,train
EFRPYQJ43_5118-10339-5630-10851.jpg,EFRPYQJ43,healthy,train
EFRPYQJ43_870-3412-1382-3924.jpg,EFRPYQJ43,healthy,train
EGYI1HN6V_349-2150-861-2662.jpg,EGYI1HN6V,moderate_stress,train
EGYI1HN6V_4591-4230-5103-4742.jpg,EGYI1HN6V,moderate_stress,train
EGYI1HN6V_5103-4230-5615-4742.jpg,EGYI1HN6V,moderate_stress,train
EGYI1HN6V_5164-351-5676-863.jpg,EGYI1HN6V,healthy,train
EHTWA22IX_1201-357-1713-869.jpg,EHTWA22IX,moderate_stress,train
EHTWA22IX_153-1347-665-1859.jpg,EHTWA22IX,healthy,train
EKCP71DQ7_641-2606-1153-3118.jpg,EKCP71DQ7,moderate_stress,train
EKCP71DQ7_819-3321-1331-3833.jpg,EKCP71DQ7,moderate_stress,train
ELFNPVV7P_2547-371-3059-883.jpg,ELFNPVV7P,moderate_stress,train
EMJ1GPKFF_1273-4163-1785-4675.jpg,EMJ1GPKFF,severe_stress,train
EMJ1GPKFF_1285-2325-1797-2837.jpg,EMJ1GPKFF,severe_stress,train
EMJ1GPKFF_1542-4144-2054-4656.jpg,EMJ1GPKFF,severe_stress,train
EMJ1GPKFF_1561-2335-2073-2847.jpg,EMJ1GPKFF,severe_stress,train
EMJ1GPKFF_1634-1932-2146-2444.jpg,EMJ1GPKFF,severe_stress,train
EMJ1GPKFF_1990-3078-2502-3590.jpg,EMJ1GPKFF,severe_stress,train
EMJ1GPKFF_2009-2746-2521-3258.jpg,EMJ1GPKFF,severe_stress,train
EMJ1GPKFF_2228-3535-2740-4047.jpg,EMJ1GPKFF,severe_stress,train
EMJ1GPKFF_2244-4062-2756-4574.jpg,EMJ1GPKFF,severe_stress,train
EMJ1GPKFF_2384-404-2896-916.jpg,EMJ1GPKFF,severe_stress,train
EMJ1GPKFF_2522-3869-3034-4381.jpg,EMJ1GPKFF,severe_stress,train
EMJ1GPKFF_2524-2022-3036-2534.jpg,EMJ1GPKFF,severe_stress,train
EMJ1GPKFF_2529-3569-3041-4081.jpg,EMJ1GPKFF,healthy,train
EMJ1GPKFF_2743-1486-3255-1998.jpg,EMJ1GPKFF,severe_stress,train
EMJ1GPKFF_2896-404-3408-916.jpg,EMJ1GPKFF,severe_stress,train
EMJ1GPKFF_3036-2022-3548-2534.jpg,EMJ1GPKFF,severe_stress,train
EMJ1GPKFF_3071-844-3583-1356.jpg,EMJ1GPKFF,healthy,train
EUMIMHJBM_1141-4307-1653-4819.jpg,EUMIMHJBM,moderate_stress,train
EUMIMHJBM_773-4417-1285-4929.jpg,EUMIMHJBM,moderate_stress,train
EUMIMHJBM_873-4661-1385-5173.jpg,EUMIMHJBM,moderate_stress,train
EVD2E8UAD_987-4268-1499-4780.jpg,EVD2E8UAD,healthy,train
F1WF9YBZH_1232-438-1744-950.jpg,F1WF9YBZH,healthy,train
F1WF9YBZH_1537-329-2049-841.jpg,F1WF9YBZH,healthy,train
F1WF9YBZH_1950-315-2462-827.jpg,F1WF9YBZH,severe_stress,train
F1WF9YBZH_2334-450-2846-962.jpg,F1WF9YBZH,severe_stress,train
F1WMA7JZQ_1331-4395-1843-4907.jpg,F1WMA7JZQ,healthy,train
F1WMA7JZQ_1681-3704-2193-4216.jpg,F1WMA7JZQ,healthy,train
F1WMA7JZQ_1953-3147-2465-3659.jpg,F1WMA7JZQ,severe_stress,train
F1WMA7JZQ_2465-3147-2977-3659.jpg,F1WMA7JZQ,severe_stress,train
F37NFJ3GI_1190-1828-1702-2340.jpg,F37NFJ3GI,severe_stress,train
F37NFJ3GI_1190-2340-1702-2852.jpg,F37NFJ3GI,severe_stress,train
F37NFJ3GI_1190-2852-1702-3364.jpg,F37NFJ3GI,severe_stress,train
F37NFJ3GI_1190-292-1702-804.jpg,F37NFJ3GI,severe_stress,train
F37NFJ3GI_166-2852-678-3364.jpg,F37NFJ3GI,severe_stress,train
F37NFJ3GI_166-292-678-804.jpg,F37NFJ3GI,severe_stress,train
F37NFJ3GI_1702-1828-2214-2340.jpg,F37NFJ3GI,severe_stress,train
F37NFJ3GI_1702-2340-2214-2852.jpg,F37NFJ3GI,severe_stress,train
F37NFJ3GI_1702-2852-2214-3364.jpg,F37NFJ3GI,severe_stress,train
F37NFJ3GI_1702-292-2214-804.jpg,F37NFJ3GI,severe_stress,train
F37NFJ3GI_1702-804-2214-1316.jpg,F37NFJ3GI,severe_stress,train
F37NFJ3GI_2214-1316-2726-1828.jpg,F37NFJ3GI,severe_stress,train
F37NFJ3GI_2214-1828-2726-2340.jpg,F37NFJ3GI,severe_stress,train
F37NFJ3GI_2214-2852-2726-3364.jpg,F37NFJ3GI,severe_stress,train
F37NFJ3GI_2214-292-2726-804.jpg,F37NFJ3GI,severe_stress,train
F37NFJ3GI_2214-804-2726-1316.jpg,F37NFJ3GI,severe_stress,train
F37NFJ3GI_2726-1316-3238-1828.jpg,F37NFJ3GI,severe_stress,train
F37NFJ3GI_2726-2340-3238-2852.jpg,F37NFJ3GI,severe_stress,train
F37NFJ3GI_2726-2852-3238-3364.jpg,F37NFJ3GI,severe_stress,train
F37NFJ3GI_2726-292-3238-804.jpg,F37NFJ3GI,severe_stress,train
F37NFJ3GI_2726-804-3238-1316.jpg,F37NFJ3GI,severe_stress,train
F37NFJ3GI_3238-2340-3750-2852.jpg,F37NFJ3GI,severe_stress,train
F37NFJ3GI_3238-2852-3750-3364.jpg,F37NFJ3GI,severe_stress,train
F37NFJ3GI_3238-292-3750-804.jpg,F37NFJ3GI,severe_stress,train
F37NFJ3GI_3750-2340-4262-2852.jpg,F37NFJ3GI,severe_stress,train
F37NFJ3GI_3750-2852-4262-3364.jpg,F37NFJ3GI,severe_stress,train
F37NFJ3GI_3750-292-4262-804.jpg,F37NFJ3GI,severe_stress,train
F37NFJ3GI_4262-2340-4774-2852.jpg,F37NFJ3GI,severe_stress,train
F37NFJ3GI_4262-2852-4774-3364.jpg,F37NFJ3GI,severe_stress,train
F37NFJ3GI_4262-292-4774-804.jpg,F37NFJ3GI,severe_stress,train
F37NFJ3GI_4774-2852-5286-3364.jpg,F37NFJ3GI,severe_stress,train
F37NFJ3GI_4774-292-5286-804.jpg,F37NFJ3GI,severe_stress,train
F37NFJ3GI_5286-1316-5798-1828.jpg,F37NFJ3GI,severe_stress,train
F37NFJ3GI_5286-1828-5798-2340.jpg,F37NFJ3GI,severe_stress,train
F37NFJ3GI_5286-2340-5798-2852.jpg,F37NFJ3GI,severe_stress,train
F37NFJ3GI_5286-2852-5798-3364.jpg,F37NFJ3GI,severe_stress,train
F37NFJ3GI_5286-292-5798-804.jpg,F37NFJ3GI,severe_stress,train
F37NFJ3GI_5286-804-5798-1316.jpg,F37NFJ3GI,severe_stress,train
F37NFJ3GI_678-2852-1190-3364.jpg,F37NFJ3GI,severe_stress,train
F37NFJ3GI_678-292-1190-804.jpg,F37NFJ3GI,severe_stress,train
F3TX3AEN3_396-4313-908-4825.jpg,F3TX3AEN3,healthy,train
F3TX3AEN3_396-4825-908-5337.jpg,F3TX3AEN3,severe_stress,train
F44UUML3D_2004-578-2516-1090.jpg,F44UUML3D,healthy,train
F44UUML3D_2061-326-2573-838.jpg,F44UUML3D,healthy,train
F4UEUZ1TT_3473-1708-3985-2220.jpg,F4UEUZ1TT,moderate_stress,train
F4UEUZ1TT_369-3437-881-3949.jpg,F4UEUZ1TT,healthy,train
F4UEUZ1TT_375-3728-887-4240.jpg,F4UEUZ1TT,healthy,train
F4UEUZ1TT_407-4611-919-5123.jpg,F4UEUZ1TT,moderate_stress,train
F4UEUZ1TT_448-4288-960-4800.jpg,F4UEUZ1TT,moderate_stress,train
F4UEUZ1TT_4550-4842-5062-5354.jpg,F4UEUZ1TT,healthy,train
F4UEUZ1TT_542-712-1054-1224.jpg,F4UEUZ1TT,healthy,train
F4UEUZ1TT_895-4734-1407-5246.jpg,F4UEUZ1TT,moderate_stress,train
F9BYI6DMF_2834-1146-3346-1658.jpg,F9BYI6DMF,severe_stress,train
F9BYI6DMF_3422-1066-3934-1578.jpg,F9BYI6DMF,healthy,train
F9BYI6DMF_3540-2251-4052-2763.jpg,F9BYI6DMF,severe_stress,train
F9BYI6DMF_4081-2485-4593-2997.jpg,F9BYI6DMF,severe_stress,train
F9BYI6DMF_5050-2317-5562-2829.jpg,F9BYI6DMF,healthy,train
FEC1QT7Y4_180-3991-692-4503.jpg,FEC1QT7Y4,healthy,train
FEC1QT7Y4_374-4183-886-4695.jpg,FEC1QT7Y4,severe_stress,train
FEC1QT7Y4_774-4584-1286-5096.jpg,FEC1QT7Y4,severe_stress,train
FGERWMW6V_1248-1288-1760-1800.jpg,FGERWMW6V,severe_stress,train
FGERWMW6V_1248-2824-1760-3336.jpg,FGERWMW6V,severe_stress,train
FGERWMW6V_1248-4360-1760-4872.jpg,FGERWMW6V,severe_stress,train
FGERWMW6V_1248-4872-1760-5384.jpg,FGERWMW6V,severe_stress,train
FGERWMW6V_1248-5384-1760-5896.jpg,FGERWMW6V,healthy,train
FGERWMW6V_1257-690-1769-1202.jpg,FGERWMW6V,severe_stress,train
FGERWMW6V_1760-3848-2272-4360.jpg,FGERWMW6V,severe_stress,train
FGERWMW6V_1760-4360-2272-4872.jpg,FGERWMW6V,severe_stress,train
FGERWMW6V_1760-5384-2272-5896.jpg,FGERWMW6V,severe_stress,train
FGERWMW6V_1769-690-2281-1202.jpg,FGERWMW6V,severe_stress,train
FGERWMW6V_224-1288-736-1800.jpg,FGERWMW6V,severe_stress,train
FGERWMW6V_224-1800-736-2312.jpg,FGERWMW6V,severe_stress,train
FGERWMW6V_224-2312-736-2824.jpg,FGERWMW6V,severe_stress,train
FGERWMW6V_224-2824-736-3336.jpg,FGERWMW6V,severe_stress,train
FGERWMW6V_224-3336-736-3848.jpg,FGERWMW6V,severe_stress,train
FGERWMW6V_224-3848-736-4360.jpg,FGERWMW6V,severe_stress,train
FGERWMW6V_224-4360-736-4872.jpg,FGERWMW6V,severe_stress,train
FGERWMW6V_224-4872-736-5384.jpg,FGERWMW6V,severe_stress,train
FGERWMW6V_224-5384-736-5896.jpg,FGERWMW6V,severe_stress,train
FGERWMW6V_2272-3848-2784-4360.jpg,FGERWMW6V,severe_stress,train
FGERWMW6V_2272-5384-2784-5896.jpg,FGERWMW6V,severe_stress,train
FGERWMW6V_2281-690-2793-1202.jpg,FGERWMW6V,severe_stress,train
FGERWMW6V_2784-1288-3296-1800.jpg,FGERWMW6V,severe_stress,train
FGERWMW6V_2784-1800-3296-2312.jpg,FGERWMW6V,severe_stress,train
FGERWMW6V_2784-2312-3296-2824.jpg,FGERWMW6V,severe_stress,train
FGERWMW6V_2784-2824-3296-3336.jpg,FGERWMW6V,severe_stress,train
FGERWMW6V_2784-3336-3296-3848.jpg,FGERWMW6V,severe_stress,train
FGERWMW6V_2784-3848-3296-4360.jpg,FGERWMW6V,severe_stress,train
FGERWMW6V_2784-4360-3296-4872.jpg,FGERWMW6V,severe_stress,train
FGERWMW6V_2784-4872-3296-5384.jpg,FGERWMW6V,severe_stress,train
FGERWMW6V_2784-5384-3296-5896.jpg,FGERWMW6V,severe_stress,train
FGERWMW6V_2793-690-3305-1202.jpg,FGERWMW6V,healthy,train
FGERWMW6V_378-301-890-813.jpg,FGERWMW6V,severe_stress,train
FGERWMW6V_378-813-890-1325.jpg,FGERWMW6V,severe_stress,train
FGERWMW6V_679-962-1191-1474.jpg,FGERWMW6V,severe_stress,train
FGERWMW6V_736-1288-1248-1800.jpg,FGERWMW6V,severe_stress,train
FGERWMW6V_736-5384-1248-5896.jpg,FGERWMW6V,severe_stress,train
FGERWMW6V_745-2738-1257-3250.jpg,FGERWMW6V,severe_stress,train
FGERWMW6V_745-3250-1257-3762.jpg,FGERWMW6V,severe_stress,train
FGERWMW6V_745-690-1257-1202.jpg,FGERWMW6V,severe_stress,train
FGERWMW6V_777-352-1289-864.jpg,FGERWMW6V,severe_stress,train
FI2TC9R8W_1099-2629-1611-3141.jpg,FI2TC9R8W,healthy,train
FI2TC9R8W_323-390-835-902.jpg,FI2TC9R8W,healthy,train
FNEP7BYAI_1052-459-1564-971.jpg,FNEP7BYAI,healthy,train
FNEP7BYAI_1438-4958-1950-5470.jpg,FNEP7BYAI,moderate_stress,train
FNEP7BYAI_2108-4811-2620-5323.jpg,FNEP7BYAI,moderate_stress,train
FNEP7BYAI_215-4568-727-5080.jpg,FNEP7BYAI,healthy,train
FNEP7BYAI_2359-442-2871-954.jpg,FNEP7BYAI,healthy,train
FNEP7BYAI_2389-4198-2901-4710.jpg,FNEP7BYAI,moderate_stress,train
FNEP7BYAI_2405-4913-2917-5425.jpg,FNEP7BYAI,healthy,train
FNEP7BYAI_2408-3325-2920-3837.jpg,FNEP7BYAI,moderate_stress,train
FNEP7BYAI_2408-3837-2920-4349.jpg,FNEP7BYAI,moderate_stress,train
FNEP7BYAI_2458-1603-2970-2115.jpg,FNEP7BYAI,moderate_stress,train
FNEP7BYAI_251-3015-763-3527.jpg,FNEP7BYAI,moderate_stress,train
FNEP7BYAI_392-4756-904-5268.jpg,FNEP7BYAI,moderate_stress,train
FNEP7BYAI_400-2655-912-3167.jpg,FNEP7BYAI,healthy,train
FNEP7BYAI_405-445-917-957.jpg,FNEP7BYAI,healthy,train
FNEP7BYAI_514-4524-1026-5036.jpg,FNEP7BYAI,moderate_stress,train
FNEP7BYAI_522-1649-1034-2161.jpg,FNEP7BYAI,healthy,train
FNEP7BYAI_581-682-1093-1194.jpg,FNEP7BYAI,healthy,train
FNEP7BYAI_683-1247-1195-1759.jpg,FNEP7BYAI,moderate_stress,train
FTIMV8CJM_3302-2256-3814-2768.jpg,FTIMV8CJM,moderate_stress,train
FTIMV8CJM_3602-2363-4114-2875.jpg,FTIMV8CJM,moderate_stress,train
FTIMV8CJM_372-2150-884-2662.jpg,FTIMV8CJM,moderate_stress,train
FTIMV8CJM_3733-2909-4245-3421.jpg,FTIMV8CJM,moderate_stress,train
FTIMV8CJM_3820-5481-4332-5993.jpg,FTIMV8CJM,moderate_stress,train
FTIMV8CJM_3821-589-4333-1101.jpg,FTIMV8CJM,healthy,train
FTIMV8CJM_3890-2592-4402-3104.jpg,FTIMV8CJM,moderate_stress,train
FTIMV8CJM_4013-5339-4525-5851.jpg,FTIMV8CJM,moderate_stress,train
FTIMV8CJM_4090-742-4602-1254.jpg,FTIMV8CJM,healthy,train
FTIMV8CJM_4402-2592-4914-3104.jpg,FTIMV8CJM,moderate_stress,train
FTIMV8CJM_4643-6353-5155-6865.jpg,FTIMV8CJM,healthy,train
FTIMV8CJM_4675-7519-5187-8031.jpg,FTIMV8CJM,healthy,train
FTIMV8CJM_4752-3182-5264-3694.jpg,FTIMV8CJM,healthy,train
FTIMV8CJM_4757-2797-5269-3309.jpg,FTIMV8CJM,moderate_stress,train
FTIMV8CJM_476-2874-988-3386.jpg,FTIMV8CJM,moderate_stress,train
FTIMV8CJM_491-2436-1003-2948.jpg,FTIMV8CJM,healthy,train
FTIMV8CJM_535-381-1047-893.jpg,FTIMV8CJM,moderate_stress,train
FU7GE86FX_10467-2467-10979-2979.jpg,FU7GE86FX,moderate_stress,train
FU7GE86FX_10693-2046-11205-2558.jpg,FU7GE86FX,moderate_stress,train
FU7GE86FX_11205-2046-11717-2558.jpg,FU7GE86FX,moderate_stress,train
FU7GE86FX_11507-1729-12019-2241.jpg,FU7GE86FX,moderate_stress,train
FU7GE86FX_11897-1536-12409-2048.jpg,FU7GE86FX,moderate_stress,train
FU7GE86FX_12227-1314-12739-1826.jpg,FU7GE86FX,moderate_stress,train
FU7GE86FX_12431-1100-12943-1612.jpg,FU7GE86FX,moderate_stress,train
FU7GE86FX_1268-8454-1780-8966.jpg,FU7GE86FX,moderate_stress,train
FU7GE86FX_12719-812-13231-1324.jpg,FU7GE86FX,moderate_stress,train
FU7GE86FX_13015-445-13527-957.jpg,FU7GE86FX,moderate_stress,train
FU7GE86FX_1323-3943-1835-4455.jpg,FU7GE86FX,healthy,train
FU7GE86FX_1459-10028-1971-10540.jpg,FU7GE86FX,moderate_stress,train
FU7GE86FX_1648-3939-2160-4451.jpg,FU7GE86FX,moderate_stress,train
FU7GE86FX_1906-8585-2418-9097.jpg,FU7GE86FX,moderate_stress,train
FU7GE86FX_1963-3932-2475-4444.jpg,FU7GE86FX,healthy,train
FU7GE86FX_2002-8894-2514-9406.jpg,FU7GE86FX,healthy,train
FU7GE86FX_2316-9796-2828-10308.jpg,FU7GE86FX,moderate_stress,train
FU7GE86FX_2828-9796-3340-10308.jpg,FU7GE86FX,moderate_stress,train
FU7GE86FX_2992-3912-3504-4424.jpg,FU7GE86FX,moderate_stress,train
FU7GE86FX_3147-9804-3659-10316.jpg,FU7GE86FX,moderate_stress,train
FU7GE86FX_3697-9811-4209-10323.jpg,FU7GE86FX,moderate_stress,train
FU7GE86FX_4387-9830-4899-10342.jpg,FU7GE86FX,moderate_stress,train
FU7GE86FX_4643-9165-5155-9677.jpg,FU7GE86FX,moderate_stress,train
FU7GE86FX_4751-8950-5263-9462.jpg,FU7GE86FX,moderate_stress,train
FU7GE86FX_4933-8665-5445-9177.jpg,FU7GE86FX,moderate_stress,train
FU7GE86FX_5305-7932-5817-8444.jpg,FU7GE86FX,moderate_stress,train
FU7GE86FX_5305-8444-5817-8956.jpg,FU7GE86FX,moderate_stress,train
FU7GE86FX_5648-7284-6160-7796.jpg,FU7GE86FX,moderate_stress,train
FU7GE86FX_5648-7796-6160-8308.jpg,FU7GE86FX,moderate_stress,train
FU7GE86FX_621-10155-1133-10667.jpg,FU7GE86FX,moderate_stress,train
FU7GE86FX_6278-3718-6790-4230.jpg,FU7GE86FX,moderate_stress,train
FU7GE86FX_6443-6082-6955-6594.jpg,FU7GE86FX,moderate_stress,train
FU7GE86FX_6577-4869-7089-5381.jpg,FU7GE86FX,moderate_stress,train
FU7GE86FX_660-3962-1172-4474.jpg,FU7GE86FX,healthy,train
FU7GE86FX_6915-5337-7427-5849.jpg,FU7GE86FX,moderate_stress,train
FU7GE86FX_7046-5132-7558-5644.jpg,FU7GE86FX,moderate_stress,train
FU7GE86FX_7089-4869-7601-5381.jpg,FU7GE86FX,moderate_stress,train
FU7GE86FX_7356-4835-7868-5347.jpg,FU7GE86FX,moderate_stress,train
FU7GE86FX_7535-4525-8047-5037.jpg,FU7GE86FX,moderate_stress,train
FU7GE86FX_7762-4273-8274-4785.jpg,FU7GE86FX,moderate_stress,train
FU7GE86FX_8168-3905-8680-4417.jpg,FU7GE86FX,moderate_stress,train
FU7GE86FX_8819-3532-9331-4044.jpg,FU7GE86FX,moderate_stress,train
FU7GE86FX_9283-3004-9795-3516.jpg,FU7GE86FX,moderate_stress,train
FU7GE86FX_9657-2785-10169-3297.jpg,FU7GE86FX,moderate_stress,train
FU7GE86FX_9955-2467-10467-2979.jpg,FU7GE86FX,moderate_stress,train
FZPAML4RM_2062-789-2574-1301.jpg,FZPAML4RM,healthy,train
G16GLJN31_3070-4945-3582-5457.jpg,G16GLJN31,healthy,train
G16GLJN31_481-4984-993-5496.jpg,G16GLJN31,healthy,train
G2DFLHHVA_1164-1343-1676-1855.jpg,G2DFLHHVA,healthy,train
G2DFLHHVA_1164-831-1676-1343.jpg,G2DFLHHVA,severe_stress,train
G2DFLHHVA_1676-1343-2188-1855.jpg,G2DFLHHVA,severe_stress,train
G2DFLHHVA_1676-831-2188-1343.jpg,G2DFLHHVA,severe_stress,train
G2DFLHHVA_2188-1343-2700-1855.jpg,G2DFLHHVA,severe_stress,train
G2DFLHHVA_2274-429-2786-941.jpg,G2DFLHHVA,severe_stress,train
G2DFLHHVA_2274-941-2786-1453.jpg,G2DFLHHVA,severe_stress,train
G2DFLHHVA_2520-1401-3032-1913.jpg,G2DFLHHVA,severe_stress,train
G2DFLHHVA_2977-466-3489-978.jpg,G2DFLHHVA,severe_stress,train
G2DFLHHVA_2977-978-3489-1490.jpg,G2DFLHHVA,severe_stress,train
G2DFLHHVA_3032-1401-3544-1913.jpg,G2DFLHHVA,severe_stress,train
G2DFLHHVA_3032-1913-3544-2425.jpg,G2DFLHHVA,healthy,train
G2DFLHHVA_3298-1453-3810-1965.jpg,G2DFLHHVA,severe_stress,train
G2DFLHHVA_3298-429-3810-941.jpg,G2DFLHHVA,severe_stress,train
G2DFLHHVA_3298-941-3810-1453.jpg,G2DFLHHVA,severe_stress,train
G2DFLHHVA_3544-1913-4056-2425.jpg,G2DFLHHVA,severe_stress,train
G2DFLHHVA_3810-1453-4322-1965.jpg,G2DFLHHVA,severe_stress,train
G2DFLHHVA_4001-466-4513-978.jpg,G2DFLHHVA,severe_stress,train
G2DFLHHVA_4001-978-4513-1490.jpg,G2DFLHHVA,severe_stress,train
G2DFLHHVA_4513-466-5025-978.jpg,G2DFLHHVA,severe_stress,train
G2DFLHHVA_4513-978-5025-1490.jpg,G2DFLHHVA,severe_stress,train
G2DFLHHVA_4733-347-5245-859.jpg,G2DFLHHVA,severe_stress,train
G2DFLHHVA_4919-2511-5431-3023.jpg,G2DFLHHVA,severe_stress,train
G2DFLHHVA_5025-1490-5537-2002.jpg,G2DFLHHVA,severe_stress,train
G2DFLHHVA_5025-466-5537-978.jpg,G2DFLHHVA,severe_stress,train
G2DFLHHVA_5025-978-5537-1490.jpg,G2DFLHHVA,severe_stress,train
G2DFLHHVA_5233-295-5745-807.jpg,G2DFLHHVA,severe_stress,train
G2DFLHHVA_5431-2511-5943-3023.jpg,G2DFLHHVA,severe_stress,train
G2DFLHHVA_5537-1490-6049-2002.jpg,G2DFLHHVA,severe_stress,train
G2DFLHHVA_5537-466-6049-978.jpg,G2DFLHHVA,healthy,train
G2DFLHHVA_652-319-1164-831.jpg,G2DFLHHVA,severe_stress,train
G2DFLHHVA_652-831-1164-1343.jpg,G2DFLHHVA,severe_stress,train
G7YYTZYED_1101-2954-1613-3466.jpg,G7YYTZYED,severe_stress,train
G7YYTZYED_1131-2141-1643-2653.jpg,G7YYTZYED,healthy,train
G7YYTZYED_1164-2453-1676-2965.jpg,G7YYTZYED,severe_stress,train
G7YYTZYED_1278-303-1790-815.jpg,G7YYTZYED,healthy,train
G7YYTZYED_1356-3951-1868-4463.jpg,G7YYTZYED,severe_stress,train
G7YYTZYED_1510-3399-2022-3911.jpg,G7YYTZYED,severe_stress,train
G7YYTZYED_1582-1101-2094-1613.jpg,G7YYTZYED,severe_stress,train
G7YYTZYED_1582-1613-2094-2125.jpg,G7YYTZYED,severe_stress,train
G7YYTZYED_1613-2954-2125-3466.jpg,G7YYTZYED,severe_stress,train
G7YYTZYED_1641-465-2153-977.jpg,G7YYTZYED,severe_stress,train
G7YYTZYED_174-4015-686-4527.jpg,G7YYTZYED,severe_stress,train
G7YYTZYED_174-4527-686-5039.jpg,G7YYTZYED,severe_stress,train
G7YYTZYED_174-5039-686-5551.jpg,G7YYTZYED,severe_stress,train
G7YYTZYED_1788-5039-2300-5551.jpg,G7YYTZYED,severe_stress,train
G7YYTZYED_1868-3439-2380-3951.jpg,G7YYTZYED,severe_stress,train
G7YYTZYED_1868-3951-2380-4463.jpg,G7YYTZYED,severe_stress,train
G7YYTZYED_2380-3439-2892-3951.jpg,G7YYTZYED,severe_stress,train
G7YYTZYED_2380-3951-2892-4463.jpg,G7YYTZYED,severe_stress,train
G7YYTZYED_2666-2286-3178-2798.jpg,G7YYTZYED,severe_stress,train
G7YYTZYED_2936-2228-3448-2740.jpg,G7YYTZYED,severe_stress,train
G7YYTZYED_3037-2964-3549-3476.jpg,G7YYTZYED,severe_stress,train
G7YYTZYED_3104-4919-3616-5431.jpg,G7YYTZYED,healthy,train
G7YYTZYED_3208-275-3720-787.jpg,G7YYTZYED,severe_stress,train
G7YYTZYED_3208-787-3720-1299.jpg,G7YYTZYED,severe_stress,train
G7YYTZYED_3416-3406-3928-3918.jpg,G7YYTZYED,severe_stress,train
G7YYTZYED_3448-2228-3960-2740.jpg,G7YYTZYED,severe_stress,train
G7YYTZYED_3483-3902-3995-4414.jpg,G7YYTZYED,severe_stress,train
G7YYTZYED_3483-4414-3995-4926.jpg,G7YYTZYED,severe_stress,train
G7YYTZYED_3485-2763-3997-3275.jpg,G7YYTZYED,severe_stress,train
G7YYTZYED_3616-4919-4128-5431.jpg,G7YYTZYED,severe_stress,train
G7YYTZYED_3720-275-4232-787.jpg,G7YYTZYED,severe_stress,train
G7YYTZYED_3720-787-4232-1299.jpg,G7YYTZYED,healthy,train
G7YYTZYED_3900-3956-4412-4468.jpg,G7YYTZYED,severe_stress,train
G7YYTZYED_3928-3406-4440-3918.jpg,G7YYTZYED,severe_stress,train
G7YYTZYED_3940-2247-4452-2759.jpg,G7YYTZYED,severe_stress,train
G7YYTZYED_3995-4414-4507-4926.jpg,G7YYTZYED,severe_stress,train
G7YYTZYED_4069-346-4581-858.jpg,G7YYTZYED,severe_stress,train
G7YYTZYED_4165-973-4677-1485.jpg,G7YYTZYED,severe_stress,train
G7YYTZYED_4269-2778-4781-3290.jpg,G7YYTZYED,severe_stress,train
G7YYTZYED_4350-2413-4862-2925.jpg,G7YYTZYED,severe_stress,train
G7YYTZYED_4581-346-5093-858.jpg,G7YYTZYED,severe_stress,train
G7YYTZYED_4622-666-5134-1178.jpg,G7YYTZYED,severe_stress,train
G7YYTZYED_4689-2980-5201-3492.jpg,G7YYTZYED,severe_stress,train
G7YYTZYED_4796-2483-5308-2995.jpg,G7YYTZYED,severe_stress,train
G7YYTZYED_669-3452-1181-3964.jpg,G7YYTZYED,severe_stress,train
G7YYTZYED_922-3697-1434-4209.jpg,G7YYTZYED,severe_stress,train
G97MQGIKH_1206-1391-1718-1903.jpg,G97MQGIKH,moderate_stress,train
G97MQGIKH_1425-1865-1937-2377.jpg,G97MQGIKH,moderate_stress,train
G97MQGIKH_1504-317-2016-829.jpg,G97MQGIKH,moderate_stress,train
G97MQGIKH_1630-2226-2142-2738.jpg,G97MQGIKH,moderate_stress,train
G97MQGIKH_1834-2616-2346-3128.jpg,G97MQGIKH,moderate_stress,train
G97MQGIKH_1907-317-2419-829.jpg,G97MQGIKH,moderate_stress,train
G97MQGIKH_2029-2921-2541-3433.jpg,G97MQGIKH,moderate_stress,train
G97MQGIKH_210-332-722-844.jpg,G97MQGIKH,moderate_stress,train
G97MQGIKH_2299-304-2811-816.jpg,G97MQGIKH,moderate_stress,train
G97MQGIKH_2435-3012-2947-3524.jpg,G97MQGIKH,moderate_stress,train
G97MQGIKH_2905-280-3417-792.jpg,G97MQGIKH,moderate_stress,train
G97MQGIKH_3426-2741-3938-3253.jpg,G97MQGIKH,moderate_stress,train
G97MQGIKH_3507-283-4019-795.jpg,G97MQGIKH,moderate_stress,train
G97MQGIKH_3682-2624-4194-3136.jpg,G97MQGIKH,moderate_stress,train
G97MQGIKH_417-1053-929-1565.jpg,G97MQGIKH,moderate_stress,train
G97MQGIKH_711-1241-1223-1753.jpg,G97MQGIKH,moderate_stress,train
G97MQGIKH_904-337-1416-849.jpg,G97MQGIKH,moderate_stress,train
GAIHRLKP8_1332-4952-1844-5464.jpg,GAIHRLKP8,healthy,train
GAIHRLKP8_2372-1399-2884-1911.jpg,GAIHRLKP8,healthy,train
GAIHRLKP8_2372-2423-2884-2935.jpg,GAIHRLKP8,healthy,train
GBVF3ZJBD_355-845-867-1357.jpg,GBVF3ZJBD,healthy,train
GD3NEI3QR_10246-2690-10758-3202.jpg,GD3NEI3QR,moderate_stress,train
GD3NEI3QR_10390-4180-10902-4692.jpg,GD3NEI3QR,moderate_stress,train
GD3NEI3QR_10474-3010-10986-3522.jpg,GD3NEI3QR,healthy,train
GD3NEI3QR_1210-5419-1722-5931.jpg,GD3NEI3QR,moderate_stress,train
GD3NEI3QR_234-1617-746-2129.jpg,GD3NEI3QR,healthy,train
GD3NEI3QR_271-5146-783-5658.jpg,GD3NEI3QR,moderate_stress,train
GD3NEI3QR_3672-2089-4184-2601.jpg,GD3NEI3QR,moderate_stress,train
GD3NEI3QR_5298-464-5810-976.jpg,GD3NEI3QR,healthy,train
GD3NEI3QR_721-4950-1233-5462.jpg,GD3NEI3QR,moderate_stress,train
GD3NEI3QR_7670-2710-8182-3222.jpg,GD3NEI3QR,moderate_stress,train
GD3NEI3QR_9479-2855-9991-3367.jpg,GD3NEI3QR,moderate_stress,train
GD3NEI3QR_9597-654-10109-1166.jpg,GD3NEI3QR,healthy,train
GD3NEI3QR_9636-5138-10148-5650.jpg,GD3NEI3QR,healthy,train
GD3NEI3QR_9991-2855-10503-3367.jpg,GD3NEI3QR,moderate_stress,train
GKXY6ZDT3_4487-312-4999-824.jpg,GKXY6ZDT3,healthy,train
GQATCU1GG_1551-3608-2063-4120.jpg,GQATCU1GG,moderate_stress,train
GQATCU1GG_1877-2271-2389-2783.jpg,GQATCU1GG,moderate_stress,train
GQATCU1GG_2063-3608-2575-4120.jpg,GQATCU1GG,moderate_stress,train
GQATCU1GG_3403-583-3915-1095.jpg,GQATCU1GG,moderate_stress,train
H3AZ2WRAL_2037-4123-2549-4635.jpg,H3AZ2WRAL,moderate_stress,train
H3AZ2WRAL_2085-1160-2597-1672.jpg,H3AZ2WRAL,healthy,train
H3AZ2WRAL_2380-3885-2892-4397.jpg,H3AZ2WRAL,moderate_stress,train
H3AZ2WRAL_2551-4114-3063-4626.jpg,H3AZ2WRAL,moderate_stress,train
H3AZ2WRAL_2572-902-3084-1414.jpg,H3AZ2WRAL,moderate_stress,train
H3AZ2WRAL_3128-4275-3640-4787.jpg,H3AZ2WRAL,healthy,train
H3AZ2WRAL_3187-2388-3699-2900.jpg,H3AZ2WRAL,healthy,train
H3AZ2WRAL_3203-405-3715-917.jpg,H3AZ2WRAL,healthy,train
H3AZ2WRAL_3211-687-3723-1199.jpg,H3AZ2WRAL,healthy,train
H3TYMI63U_1332-4762-1844-5274.jpg,H3TYMI63U,moderate_stress,train
H3TYMI63U_1444-4975-1956-5487.jpg,H3TYMI63U,moderate_stress,train
H3TYMI63U_1761-4824-2273-5336.jpg,H3TYMI63U,moderate_stress,train
H3TYMI63U_2120-530-2632-1042.jpg,H3TYMI63U,moderate_stress,train
H3TYMI63U_2273-4824-2785-5336.jpg,H3TYMI63U,moderate_stress,train
H3TYMI63U_319-4770-831-5282.jpg,H3TYMI63U,moderate_stress,train
H3TYMI63U_535-489-1047-1001.jpg,H3TYMI63U,moderate_stress,train
H3TYMI63U_601-4762-1113-5274.jpg,H3TYMI63U,moderate_stress,train
H7XA64YVB_1754-4596-2266-5108.jpg,H7XA64YVB,healthy,train
H7XA64YVB_1764-3884-2276-4396.jpg,H7XA64YVB,moderate_stress,train
H7XA64YVB_1972-3766-2484-4278.jpg,H7XA64YVB,moderate_stress,train
H7XA64YVB_239-673-751-1185.jpg,H7XA64YVB,moderate_stress,train
H7XA64YVB_2602-4389-3114-4901.jpg,H7XA64YVB,healthy,train
H7XA64YVB_331-1622-843-2134.jpg,H7XA64YVB,healthy,train
H7XA64YVB_340-2334-852-2846.jpg,H7XA64YVB,healthy,train
H7XA64YVB_345-3283-857-3795.jpg,H7XA64YVB,healthy,train
H7XA64YVB_3478-4711-3990-5223.jpg,H7XA64YVB,moderate_stress,train
H7XA64YVB_3493-1226-4005-1738.jpg,H7XA64YVB,moderate_stress,train
H7XA64YVB_3496-1558-4008-2070.jpg,H7XA64YVB,moderate_stress,train
H7XA64YVB_3496-2036-4008-2548.jpg,H7XA64YVB,moderate_stress,train
H7XA64YVB_3496-494-4008-1006.jpg,H7XA64YVB,moderate_stress,train
H7XA64YVB_3497-4115-4009-4627.jpg,H7XA64YVB,moderate_stress,train
H7XA64YVB_3498-2749-4010-3261.jpg,H7XA64YVB,moderate_stress,train
H7XA64YVB_3499-3105-4011-3617.jpg,H7XA64YVB,moderate_stress,train
H7XA64YVB_359-437-871-949.jpg,H7XA64YVB,moderate_stress,train
H7XA64YVB_3714-4232-4226-4744.jpg,H7XA64YVB,moderate_stress,train
H7XA64YVB_3718-4884-4230-5396.jpg,H7XA64YVB,moderate_stress,train
H7XA64YVB_3720-1029-4232-1541.jpg,H7XA64YVB,moderate_stress,train
H7XA64YVB_3721-2929-4233-3441.jpg,H7XA64YVB,moderate_stress,train
H7XA64YVB_3722-1741-4234-2253.jpg,H7XA64YVB,moderate_stress,train
H7XA64YVB_3723-2215-4235-2727.jpg,H7XA64YVB,moderate_stress,train
H7XA64YVB_3723-337-4235-849.jpg,H7XA64YVB,healthy,train
H7XA64YVB_3732-3878-4244-4390.jpg,H7XA64YVB,moderate_stress,train
H7XA64YVB_3740-670-4252-1182.jpg,H7XA64YVB,moderate_stress,train
H7XA64YVB_417-906-929-1418.jpg,H7XA64YVB,moderate_stress,train
H7XA64YVB_4476-2910-4988-3422.jpg,H7XA64YVB,healthy,train
H7XA64YVB_5167-4395-5679-4907.jpg,H7XA64YVB,moderate_stress,train
H7XA64YVB_5679-4395-6191-4907.jpg,H7XA64YVB,healthy,train
H7XA64YVB_6246-495-6758-1007.jpg,H7XA64YVB,healthy,train
H7XA64YVB_6277-2222-6789-2734.jpg,H7XA64YVB,healthy,train
H7XA64YVB_6292-2577-6804-3089.jpg,H7XA64YVB,healthy,train
H7XA64YVB_6298-2877-6810-3389.jpg,H7XA64YVB,healthy,train
H7XA64YVB_6298-3168-6810-3680.jpg,H7XA64YVB,healthy,train
H7XA64YVB_6314-3464-6826-3976.jpg,H7XA64YVB,moderate_stress,train
H7XA64YVB_6314-3763-6826-4275.jpg,H7XA64YVB,healthy,train
H7XA64YVB_6325-4237-6837-4749.jpg,H7XA64YVB,healthy,train
H7XA64YVB_6336-4944-6848-5456.jpg,H7XA64YVB,healthy,train
H9V6C4KYM_1080-2978-1592-3490.jpg,H9V6C4KYM,healthy,train
HIE3VMQHT_147-1377-659-1889.jpg,HIE3VMQHT,healthy,train
HIE3VMQHT_2648-1604-3160-2116.jpg,HIE3VMQHT,moderate_stress,train
HIE3VMQHT_2994-1934-3506-2446.jpg,HIE3VMQHT,healthy,train
HIE3VMQHT_3353-1647-3865-2159.jpg,HIE3VMQHT,moderate_stress,train
HIE3VMQHT_3706-1412-4218-1924.jpg,HIE3VMQHT,moderate_stress,train
HIE3VMQHT_4258-846-4770-1358.jpg,HIE3VMQHT,moderate_stress,train
HIE3VMQHT_4361-594-4873-1106.jpg,HIE3VMQHT,moderate_stress,train
HRBK2HHE9_2586-534-3098-1046.jpg,HRBK2HHE9,healthy,train
HRBK2HHE9_3103-522-3615-1034.jpg,HRBK2HHE9,moderate_stress,train
HRBK2HHE9_3111-5839-3623-6351.jpg,HRBK2HHE9,moderate_stress,train
HRBK2HHE9_3615-522-4127-1034.jpg,HRBK2HHE9,moderate_stress,train
HRBK2HHE9_3623-5839-4135-6351.jpg,HRBK2HHE9,moderate_stress,train
HRBK2HHE9_3907-5815-4419-6327.jpg,HRBK2HHE9,moderate_stress,train
HRBK2HHE9_4065-535-4577-1047.jpg,HRBK2HHE9,healthy,train
HRBK2HHE9_4555-5840-5067-6352.jpg,HRBK2HHE9,moderate_stress,train
HRBK2HHE9_4657-552-5169-1064.jpg,HRBK2HHE9,moderate_stress,train
HRBK2HHE9_4900-5849-5412-6361.jpg,HRBK2HHE9,moderate_stress,train
HRBK2HHE9_5169-552-5681-1064.jpg,HRBK2HHE9,moderate_stress,train
HRBK2HHE9_5224-5848-5736-6360.jpg,HRBK2HHE9,moderate_stress,train
HRBK2HHE9_5552-5862-6064-6374.jpg,HRBK2HHE9,moderate_stress,train
HRBK2HHE9_5582-841-6094-1353.jpg,HRBK2HHE9,moderate_stress,train
I4T9UQPYC_1116-5001-1628-5513.jpg,I4T9UQPYC,severe_stress,train
I4T9UQPYC_1176-6406-1688-6918.jpg,I4T9UQPYC,severe_stress,train
I4T9UQPYC_1354-4379-1866-4891.jpg,I4T9UQPYC,severe_stress,train
I4T9UQPYC_1374-3554-1886-4066.jpg,I4T9UQPYC,severe_stress,train
I4T9UQPYC_1400-6124-1912-6636.jpg,I4T9UQPYC,severe_stress,train
I4T9UQPYC_1504-4864-2016-5376.jpg,I4T9UQPYC,severe_stress,train
I4T9UQPYC_1504-5376-2016-5888.jpg,I4T9UQPYC,severe_stress,train
I4T9UQPYC_1589-3383-2101-3895.jpg,I4T9UQPYC,severe_stress,train
I4T9UQPYC_1601-3691-2113-4203.jpg,I4T9UQPYC,severe_stress,train
I4T9UQPYC_1626-5798-2138-6310.jpg,I4T9UQPYC,severe_stress,train
I4T9UQPYC_1652-6787-2164-7299.jpg,I4T9UQPYC,severe_stress,train
I4T9UQPYC_1677-6431-2189-6943.jpg,I4T9UQPYC,severe_stress,train
I4T9UQPYC_1719-2935-2231-3447.jpg,I4T9UQPYC,severe_stress,train
I4T9UQPYC_1954-4343-2466-4855.jpg,I4T9UQPYC,severe_stress,train
I4T9UQPYC_1954-4855-2466-5367.jpg,I4T9UQPYC,severe_stress,train
I4T9UQPYC_2189-5919-2701-6431.jpg,I4T9UQPYC,severe_stress,train
I4T9UQPYC_2189-6431-2701-6943.jpg,I4T9UQPYC,severe_stress,train
I4T9UQPYC_2223-3002-2735-3514.jpg,I4T9UQPYC,healthy,train
I4T9UQPYC_2249-4350-2761-4862.jpg,I4T9UQPYC,severe_stress,train
I4T9UQPYC_2249-4862-2761-5374.jpg,I4T9UQPYC,severe_stress,train
I4T9UQPYC_2249-5374-2761-5886.jpg,I4T9UQPYC,severe_stress,train
I4T9UQPYC_2312-6996-2824-7508.jpg,I4T9UQPYC,severe_stress,train
I4T9UQPYC_496-6230-1008-6742.jpg,I4T9UQPYC,severe_stress,train
I4T9UQPYC_664-6406-1176-6918.jpg,I4T9UQPYC,severe_stress,train
I9YDR2VGT_4006-5519-4518-6031.jpg,I9YDR2VGT,healthy,train
IA9MR1UTC_1340-3027-1852-3539.jpg,IA9MR1UTC,healthy,train
IA9MR1UTC_1675-3025-2187-3537.jpg,IA9MR1UTC,healthy,train
IA9MR1UTC_2963-3563-3475-4075.jpg,IA9MR1UTC,healthy,train
IA9MR1UTC_3072-3783-3584-4295.jpg,IA9MR1UTC,healthy,train
IA9MR1UTC_3364-4322-3876-4834.jpg,IA9MR1UTC,severe_stress,train
IA9MR1UTC_3527-4511-4039-5023.jpg,IA9MR1UTC,severe_stress,train
IA9MR1UTC_3604-430-4116-942.jpg,IA9MR1UTC,severe_stress,train
IA9MR1UTC_3756-4920-4268-5432.jpg,IA9MR1UTC,severe_stress,train
IA9MR1UTC_4690-2223-5202-2735.jpg,IA9MR1UTC,healthy,train
ICI7E4W2M_571-3434-1083-3946.jpg,ICI7E4W2M,moderate_stress,train
IIJ8AKZA1_4986-1650-5498-2162.jpg,IIJ8AKZA1,severe_stress,train
IIJ8AKZA1_5054-2488-5566-3000.jpg,IIJ8AKZA1,severe_stress,train
IIJ8AKZA1_5166-1340-5678-1852.jpg,IIJ8AKZA1,severe_stress,train
IIJ8AKZA1_5167-1018-5679-1530.jpg,IIJ8AKZA1,healthy,train
IIJ8AKZA1_5187-1905-5699-2417.jpg,IIJ8AKZA1,severe_stress,train
IIJ8AKZA1_5614-969-6126-1481.jpg,IIJ8AKZA1,healthy,train
IL9J963RJ_1050-4164-1562-4676.jpg,IL9J963RJ,moderate_stress,train
IL9J963RJ_1073-1655-1585-2167.jpg,IL9J963RJ,healthy,train
IL9J963RJ_2875-1617-3387-2129.jpg,IL9J963RJ,healthy,train
IL9J963RJ_2894-4190-3406-4702.jpg,IL9J963RJ,moderate_stress,train
IL9J963RJ_3581-1724-4093-2236.jpg,IL9J963RJ,moderate_stress,train
IL9J963RJ_360-4221-872-4733.jpg,IL9J963RJ,moderate_stress,train
IL9J963RJ_363-5034-875-5546.jpg,IL9J963RJ,moderate_stress,train
IL9J963RJ_365-3832-877-4344.jpg,IL9J963RJ,moderate_stress,train
IL9J963RJ_4761-4000-5273-4512.jpg,IL9J963RJ,moderate_stress,train
IL9J963RJ_4769-1636-5281-2148.jpg,IL9J963RJ,moderate_stress,train
IL9J963RJ_5455-4194-5967-4706.jpg,IL9J963RJ,moderate_stress,train
IL9J963RJ_5474-1707-5986-2219.jpg,IL9J963RJ,moderate_stress,train
IL9J963RJ_5748-2860-6260-3372.jpg,IL9J963RJ,healthy,train
IL9J963RJ_6286-3895-6798-4407.jpg,IL9J963RJ,moderate_stress,train
IL9J963RJ_6303-375-6815-887.jpg,IL9J963RJ,moderate_stress,train
IL9J963RJ_6373-5393-6885-5905.jpg,IL9J963RJ,moderate_stress,train
ILVM1FABB_3678-518-4190-1030.jpg,ILVM1FABB,healthy,train
IQ6VZWA72_2250-1241-2762-1753.jpg,IQ6VZWA72,severe_stress,train
IQ6VZWA72_2250-1753-2762-2265.jpg,IQ6VZWA72,severe_stress,train
IQ6VZWA72_2250-2265-2762-2777.jpg,IQ6VZWA72,severe_stress,train
IQ6VZWA72_2250-2777-2762-3289.jpg,IQ6VZWA72,severe_stress,train
IQ6VZWA72_2433-495-2945-1007.jpg,IQ6VZWA72,severe_stress,train
IQ6VZWA72_2510-826-3022-1338.jpg,IQ6VZWA72,severe_stress,train
IQ6VZWA72_2762-1241-3274-1753.jpg,IQ6VZWA72,severe_stress,train
IQ6VZWA72_2762-1753-3274-2265.jpg,IQ6VZWA72,severe_stress,train
IQ6VZWA72_2762-2265-3274-2777.jpg,IQ6VZWA72,severe_stress,train
IQ6VZWA72_2762-2777-3274-3289.jpg,IQ6VZWA72,severe_stress,train
IQ6VZWA72_3906-452-4418-964.jpg,IQ6VZWA72,severe_stress,train
IQ6VZWA72_4229-1811-4741-2323.jpg,IQ6VZWA72,severe_stress,train
IQ6VZWA72_4418-452-4930-964.jpg,IQ6VZWA72,severe_stress,train
IQ6VZWA72_4741-1811-5253-2323.jpg,IQ6VZWA72,severe_stress,train
IQ6VZWA72_5154-2906-5666-3418.jpg,IQ6VZWA72,healthy,train
IRECZUUGW_576-562-1088-1074.jpg,IRECZUUGW,moderate_stress,train
IRWQVZPJK_1182-5894-1694-6406.jpg,IRWQVZPJK,moderate_stress,train
IRWQVZPJK_1632-4466-2144-4978.jpg,IRWQVZPJK,moderate_stress,train
IRWQVZPJK_1721-4209-2233-4721.jpg,IRWQVZPJK,moderate_stress,train
IRWQVZPJK_1721-4721-2233-5233.jpg,IRWQVZPJK,moderate_stress,train
IRWQVZPJK_1721-5745-2233-6257.jpg,IRWQVZPJK,moderate_stress,train
IRWQVZPJK_1870-5257-2382-5769.jpg,IRWQVZPJK,moderate_stress,train
IRWQVZPJK_1919-5595-2431-6107.jpg,IRWQVZPJK,moderate_stress,train
IRWQVZPJK_2233-4209-2745-4721.jpg,IRWQVZPJK,moderate_stress,train
IRWQVZPJK_2233-4721-2745-5233.jpg,IRWQVZPJK,moderate_stress,train
IRWQVZPJK_2233-5233-2745-5745.jpg,IRWQVZPJK,moderate_stress,train
IRWQVZPJK_2233-5745-2745-6257.jpg,IRWQVZPJK,moderate_stress,train
IRWQVZPJK_2423-5010-2935-5522.jpg,IRWQVZPJK,moderate_stress,train
IRWQVZPJK_670-5894-1182-6406.jpg,IRWQVZPJK,moderate_stress,train
IRWQVZPJK_8019-5959-8531-6471.jpg,IRWQVZPJK,moderate_stress,train
IRWQVZPJK_8027-6293-8539-6805.jpg,IRWQVZPJK,moderate_stress,train
IRWQVZPJK_889-4346-1401-4858.jpg,IRWQVZPJK,moderate_stress,train
ITAQF473Q_1140-10138-1652-10650.jpg,ITAQF473Q,severe_stress,train
ITAQF473Q_1140-9626-1652-10138.jpg,ITAQF473Q,severe_stress,train
ITAQF473Q_1312-8885-1824-9397.jpg,ITAQF473Q,severe_stress,train
ITAQF473Q_1312-9397-1824-9909.jpg,ITAQF473Q,severe_stress,train
ITAQF473Q_1963-7646-2475-8158.jpg,ITAQF473Q,healthy,train
ITAQF473Q_201-1109-713-1621.jpg,ITAQF473Q,severe_stress,train
ITAQF473Q_2185-9509-2697-10021.jpg,ITAQF473Q,severe_stress,train
ITAQF473Q_2213-8340-2725-8852.jpg,ITAQF473Q,severe_stress,train
ITAQF473Q_2213-8852-2725-9364.jpg,ITAQF473Q,severe_stress,train
ITAQF473Q_2257-1724-2769-2236.jpg,ITAQF473Q,healthy,train
ITAQF473Q_341-4851-853-5363.jpg,ITAQF473Q,severe_stress,train
ITAQF473Q_678-10107-1190-10619.jpg,ITAQF473Q,healthy,train
ITHX3ZRHL_1352-1223-1864-1735.jpg,ITHX3ZRHL,severe_stress,train
ITHX3ZRHL_1405-2337-1917-2849.jpg,ITHX3ZRHL,severe_stress,train
ITHX3ZRHL_1594-1574-2106-2086.jpg,ITHX3ZRHL,severe_stress,train
ITHX3ZRHL_1701-1214-2213-1726.jpg,ITHX3ZRHL,severe_stress,train
ITHX3ZRHL_1701-2238-2213-2750.jpg,ITHX3ZRHL,severe_stress,train
ITHX3ZRHL_1701-600-2213-1112.jpg,ITHX3ZRHL,severe_stress,train
ITHX3ZRHL_1872-295-2384-807.jpg,ITHX3ZRHL,healthy,train
ITHX3ZRHL_2039-479-2551-991.jpg,ITHX3ZRHL,severe_stress,train
ITHX3ZRHL_2369-264-2881-776.jpg,ITHX3ZRHL,healthy,train
ITHX3ZRHL_2485-685-2997-1197.jpg,ITHX3ZRHL,healthy,train
J1JM6JF9H_1359-2465-1871-2977.jpg,J1JM6JF9H,moderate_stress,train
J1JM6JF9H_1507-527-2019-1039.jpg,J1JM6JF9H,moderate_stress,train
J1JM6JF9H_1713-2595-2225-3107.jpg,J1JM6JF9H,healthy,train
J1JM6JF9H_1815-400-2327-912.jpg,J1JM6JF9H,moderate_stress,train
J1JM6JF9H_340-373-852-885.jpg,J1JM6JF9H,healthy,train
J1JM6JF9H_742-503-1254-1015.jpg,J1JM6JF9H,healthy,train
J4KVX69E1_1495-517-2007-1029.jpg,J4KVX69E1,healthy,train
J4KVX69E1_1972-517-2484-1029.jpg,J4KVX69E1,healthy,train
J4KVX69E1_214-401-726-913.jpg,J4KVX69E1,healthy,train
J4KVX69E1_2733-10562-3245-11074.jpg,J4KVX69E1,moderate_stress,train
J4KVX69E1_2816-515-3328-1027.jpg,J4KVX69E1,moderate_stress,train
J4KVX69E1_3023-10481-3535-10993.jpg,J4KVX69E1,moderate_stress,train
J67M313AF_1052-403-1564-915.jpg,J67M313AF,healthy,train
J67M313AF_2861-2694-3373-3206.jpg,J67M313AF,moderate_stress,train
J67M313AF_298-1730-810-2242.jpg,J67M313AF,healthy,train
J67M313AF_3158-5185-3670-5697.jpg,J67M313AF,moderate_stress,train
J67M313AF_3670-5185-4182-5697.jpg,J67M313AF,moderate_stress,train
J67M313AF_394-355-906-867.jpg,J67M313AF,healthy,train
J67M313AF_5181-477-5693-989.jpg,J67M313AF,healthy,train
J67M313AF_5204-5301-5716-5813.jpg,J67M313AF,healthy,train
J67M313AF_979-1821-1491-2333.jpg,J67M313AF,healthy,train
J6MTDIKBW_1049-432-1561-944.jpg,J6MTDIKBW,moderate_stress,train
J6MTDIKBW_1315-3344-1827-3856.jpg,J6MTDIKBW,moderate_stress,train
J6MTDIKBW_1435-4392-1947-4904.jpg,J6MTDIKBW,moderate_stress,train
J6MTDIKBW_1439-2794-1951-3306.jpg,J6MTDIKBW,moderate_stress,train
J6MTDIKBW_1445-4073-1957-4585.jpg,J6MTDIKBW,healthy,train
J6MTDIKBW_1476-264-1988-776.jpg,J6MTDIKBW,moderate_stress,train
J6MTDIKBW_1505-4889-2017-5401.jpg,J6MTDIKBW,moderate_stress,train
J6MTDIKBW_1777-2888-2289-3400.jpg,J6MTDIKBW,moderate_stress,train
J6MTDIKBW_1830-3230-2342-3742.jpg,J6MTDIKBW,moderate_stress,train
J6MTDIKBW_1864-4149-2376-4661.jpg,J6MTDIKBW,moderate_stress,train
J6MTDIKBW_1961-1352-2473-1864.jpg,J6MTDIKBW,moderate_stress,train
J6MTDIKBW_1961-328-2473-840.jpg,J6MTDIKBW,moderate_stress,train
J6MTDIKBW_2000-5009-2512-5521.jpg,J6MTDIKBW,moderate_stress,train
J6MTDIKBW_2070-1724-2582-2236.jpg,J6MTDIKBW,moderate_stress,train
J6MTDIKBW_2072-643-2584-1155.jpg,J6MTDIKBW,moderate_stress,train
J6MTDIKBW_2075-2404-2587-2916.jpg,J6MTDIKBW,moderate_stress,train
J6MTDIKBW_2109-3157-2621-3669.jpg,J6MTDIKBW,moderate_stress,train
J6MTDIKBW_212-323-724-835.jpg,J6MTDIKBW,moderate_stress,train
J6MTDIKBW_2225-5115-2737-5627.jpg,J6MTDIKBW,moderate_stress,train
J6MTDIKBW_2297-474-2809-986.jpg,J6MTDIKBW,moderate_stress,train
J6MTDIKBW_2313-1493-2825-2005.jpg,J6MTDIKBW,moderate_stress,train
J6MTDIKBW_2570-1757-3082-2269.jpg,J6MTDIKBW,healthy,train
J6MTDIKBW_314-3636-826-4148.jpg,J6MTDIKBW,moderate_stress,train
J6MTDIKBW_314-4148-826-4660.jpg,J6MTDIKBW,moderate_stress,train
J6MTDIKBW_323-1106-835-1618.jpg,J6MTDIKBW,moderate_stress,train
J6MTDIKBW_323-1618-835-2130.jpg,J6MTDIKBW,moderate_stress,train
J6MTDIKBW_346-1984-858-2496.jpg,J6MTDIKBW,healthy,train
J6MTDIKBW_351-2320-863-2832.jpg,J6MTDIKBW,moderate_stress,train
J6MTDIKBW_351-2832-863-3344.jpg,J6MTDIKBW,moderate_stress,train
J6MTDIKBW_351-3344-863-3856.jpg,J6MTDIKBW,moderate_stress,train
J6MTDIKBW_402-4959-914-5471.jpg,J6MTDIKBW,moderate_stress,train
J6MTDIKBW_537-432-1049-944.jpg,J6MTDIKBW,moderate_stress,train
J6MTDIKBW_803-3344-1315-3856.jpg,J6MTDIKBW,moderate_stress,train
J6MTDIKBW_889-3630-1401-4142.jpg,J6MTDIKBW,healthy,train
J6X9NAPG4_243-304-755-816.jpg,J6X9NAPG4,healthy,train
J6X9NAPG4_2558-5505-3070-6017.jpg,J6X9NAPG4,moderate_stress,train
J6X9NAPG4_2786-4795-3298-5307.jpg,J6X9NAPG4,moderate_stress,train
J6X9NAPG4_2786-5307-3298-5819.jpg,J6X9NAPG4,moderate_stress,train
J6X9NAPG4_2871-5697-3383-6209.jpg,J6X9NAPG4,healthy,train
J6X9NAPG4_3407-3989-3919-4501.jpg,J6X9NAPG4,moderate_stress,train
J6X9NAPG4_3407-4501-3919-5013.jpg,J6X9NAPG4,moderate_stress,train
J6X9NAPG4_3691-4738-4203-5250.jpg,J6X9NAPG4,moderate_stress,train
J6X9NAPG4_430-4844-942-5356.jpg,J6X9NAPG4,healthy,train
JACI2U679_312-411-824-923.jpg,JACI2U679,moderate_stress,train
JAUXR8GV2_1320-600-1832-1112.jpg,JAUXR8GV2,severe_stress,train
JAUXR8GV2_1321-2269-1833-2781.jpg,JAUXR8GV2,severe_stress,train
JAUXR8GV2_1321-2781-1833-3293.jpg,JAUXR8GV2,severe_stress,train
JAUXR8GV2_1321-3293-1833-3805.jpg,JAUXR8GV2,severe_stress,train
JAUXR8GV2_1321-3805-1833-4317.jpg,JAUXR8GV2,severe_stress,train
JAUXR8GV2_1321-4317-1833-4829.jpg,JAUXR8GV2,severe_stress,train
JAUXR8GV2_1321-4829-1833-5341.jpg,JAUXR8GV2,severe_stress,train
JAUXR8GV2_1321-5341-1833-5853.jpg,JAUXR8GV2,severe_stress,train
JAUXR8GV2_1344-1300-1856-1812.jpg,JAUXR8GV2,severe_stress,train
JAUXR8GV2_1344-1812-1856-2324.jpg,JAUXR8GV2,severe_stress,train
JAUXR8GV2_1658-1109-2170-1621.jpg,JAUXR8GV2,severe_stress,train
JAUXR8GV2_1658-597-2170-1109.jpg,JAUXR8GV2,severe_stress,train
JAUXR8GV2_1833-3293-2345-3805.jpg,JAUXR8GV2,severe_stress,train
JAUXR8GV2_1833-3805-2345-4317.jpg,JAUXR8GV2,severe_stress,train
JAUXR8GV2_1833-4317-2345-4829.jpg,JAUXR8GV2,severe_stress,train
JAUXR8GV2_1833-5341-2345-5853.jpg,JAUXR8GV2,severe_stress,train
JAUXR8GV2_1856-1300-2368-1812.jpg,JAUXR8GV2,severe_stress,train
JAUXR8GV2_1856-1812-2368-2324.jpg,JAUXR8GV2,severe_stress,train
JAUXR8GV2_2011-2130-2523-2642.jpg,JAUXR8GV2,severe_stress,train
JAUXR8GV2_2011-2642-2523-3154.jpg,JAUXR8GV2,severe_stress,train
JAUXR8GV2_2056-1001-2568-1513.jpg,JAUXR8GV2,severe_stress,train
JAUXR8GV2_2056-1513-2568-2025.jpg,JAUXR8GV2,severe_stress,train
JAUXR8GV2_2056-489-2568-1001.jpg,JAUXR8GV2,severe_stress,train
JAUXR8GV2_2175-3474-2687-3986.jpg,JAUXR8GV2,severe_stress,train
JAUXR8GV2_2175-3986-2687-4498.jpg,JAUXR8GV2,severe_stress,train
JAUXR8GV2_2345-2269-2857-2781.jpg,JAUXR8GV2,severe_stress,train
JAUXR8GV2_2345-3805-2857-4317.jpg,JAUXR8GV2,severe_stress,train
JAUXR8GV2_2345-4317-2857-4829.jpg,JAUXR8GV2,severe_stress,train
JAUXR8GV2_2345-4829-2857-5341.jpg,JAUXR8GV2,severe_stress,train
JAUXR8GV2_2345-5341-2857-5853.jpg,JAUXR8GV2,severe_stress,train
JAUXR8GV2_2523-2642-3035-3154.jpg,JAUXR8GV2,severe_stress,train
JAUXR8GV2_2523-3154-3035-3666.jpg,JAUXR8GV2,severe_stress,train
JAUXR8GV2_2568-1001-3080-1513.jpg,JAUXR8GV2,severe_stress,train
JAUXR8GV2_2568-1513-3080-2025.jpg,JAUXR8GV2,severe_stress,train
JAUXR8GV2_2568-489-3080-1001.jpg,JAUXR8GV2,severe_stress,train
JAUXR8GV2_2857-2269-3369-2781.jpg,JAUXR8GV2,severe_stress,train
JAUXR8GV2_2857-2781-3369-3293.jpg,JAUXR8GV2,severe_stress,train
JAUXR8GV2_2857-3293-3369-3805.jpg,JAUXR8GV2,severe_stress,train
JAUXR8GV2_2857-4317-3369-4829.jpg,JAUXR8GV2,healthy,train
JAUXR8GV2_2857-4829-3369-5341.jpg,JAUXR8GV2,severe_stress,train
JAUXR8GV2_2857-5341-3369-5853.jpg,JAUXR8GV2,severe_stress,train
JAUXR8GV2_2880-1368-3392-1880.jpg,JAUXR8GV2,severe_stress,train
JAUXR8GV2_2880-1880-3392-2392.jpg,JAUXR8GV2,severe_stress,train
JAUXR8GV2_296-1112-808-1624.jpg,JAUXR8GV2,severe_stress,train
JAUXR8GV2_296-600-808-1112.jpg,JAUXR8GV2,severe_stress,train
JAUXR8GV2_297-2269-809-2781.jpg,JAUXR8GV2,severe_stress,train
JAUXR8GV2_297-2781-809-3293.jpg,JAUXR8GV2,severe_stress,train
JAUXR8GV2_297-3293-809-3805.jpg,JAUXR8GV2,severe_stress,train
JAUXR8GV2_297-3805-809-4317.jpg,JAUXR8GV2,severe_stress,train
JAUXR8GV2_297-4317-809-4829.jpg,JAUXR8GV2,severe_stress,train
JAUXR8GV2_297-4829-809-5341.jpg,JAUXR8GV2,severe_stress,train
JAUXR8GV2_297-5341-809-5853.jpg,JAUXR8GV2,severe_stress,train
JAUXR8GV2_3080-1001-3592-1513.jpg,JAUXR8GV2,severe_stress,train
JAUXR8GV2_3080-1513-3592-2025.jpg,JAUXR8GV2,severe_stress,train
JAUXR8GV2_3080-489-3592-1001.jpg,JAUXR8GV2,healthy,train
JAUXR8GV2_3180-4185-3692-4697.jpg,JAUXR8GV2,severe_stress,train
JAUXR8GV2_3387-331-3899-843.jpg,JAUXR8GV2,severe_stress,train
JAUXR8GV2_3387-843-3899-1355.jpg,JAUXR8GV2,severe_stress,train
JAUXR8GV2_3392-1368-3904-1880.jpg,JAUXR8GV2,severe_stress,train
JAUXR8GV2_3392-1880-3904-2392.jpg,JAUXR8GV2,severe_stress,train
JAUXR8GV2_3392-2392-3904-2904.jpg,JAUXR8GV2,severe_stress,train
JAUXR8GV2_3392-2904-3904-3416.jpg,JAUXR8GV2,severe_stress,train
JAUXR8GV2_3392-3416-3904-3928.jpg,JAUXR8GV2,severe_stress,train
JAUXR8GV2_3856-2964-4368-3476.jpg,JAUXR8GV2,severe_stress,train
JAUXR8GV2_3856-3988-4368-4500.jpg,JAUXR8GV2,severe_stress,train
JAUXR8GV2_3856-4500-4368-5012.jpg,JAUXR8GV2,severe_stress,train
JAUXR8GV2_3899-331-4411-843.jpg,JAUXR8GV2,severe_stress,train
JAUXR8GV2_3899-843-4411-1355.jpg,JAUXR8GV2,severe_stress,train
JAUXR8GV2_3904-1368-4416-1880.jpg,JAUXR8GV2,severe_stress,train
JAUXR8GV2_3904-1880-4416-2392.jpg,JAUXR8GV2,severe_stress,train
JAUXR8GV2_3904-2392-4416-2904.jpg,JAUXR8GV2,severe_stress,train
JAUXR8GV2_3904-3416-4416-3928.jpg,JAUXR8GV2,severe_stress,train
JAUXR8GV2_4368-3476-4880-3988.jpg,JAUXR8GV2,severe_stress,train
JAUXR8GV2_4411-331-4923-843.jpg,JAUXR8GV2,severe_stress,train
JAUXR8GV2_4411-843-4923-1355.jpg,JAUXR8GV2,severe_stress,train
JAUXR8GV2_4416-1368-4928-1880.jpg,JAUXR8GV2,severe_stress,train
JAUXR8GV2_4416-1880-4928-2392.jpg,JAUXR8GV2,severe_stress,train
JAUXR8GV2_4416-2392-4928-2904.jpg,JAUXR8GV2,severe_stress,train
JAUXR8GV2_4416-2904-4928-3416.jpg,JAUXR8GV2,severe_stress,train
JAUXR8GV2_4527-4073-5039-4585.jpg,JAUXR8GV2,severe_stress,train
JAUXR8GV2_4527-4585-5039-5097.jpg,JAUXR8GV2,severe_stress,train
JAUXR8GV2_458-1965-970-2477.jpg,JAUXR8GV2,severe_stress,train
JAUXR8GV2_458-2477-970-2989.jpg,JAUXR8GV2,severe_stress,train
JAUXR8GV2_458-2989-970-3501.jpg,JAUXR8GV2,severe_stress,train
JAUXR8GV2_458-3501-970-4013.jpg,JAUXR8GV2,severe_stress,train
JAUXR8GV2_4861-1021-5373-1533.jpg,JAUXR8GV2,severe_stress,train
JAUXR8GV2_4880-2964-5392-3476.jpg,JAUXR8GV2,severe_stress,train
JAUXR8GV2_4880-3988-5392-4500.jpg,JAUXR8GV2,severe_stress,train
JAUXR8GV2_4880-4500-5392-5012.jpg,JAUXR8GV2,severe_stress,train
JAUXR8GV2_4923-331-5435-843.jpg,JAUXR8GV2,severe_stress,train
JAUXR8GV2_4928-1368-5440-1880.jpg,JAUXR8GV2,severe_stress,train
JAUXR8GV2_4928-1880-5440-2392.jpg,JAUXR8GV2,severe_stress,train
JAUXR8GV2_4928-2392-5440-2904.jpg,JAUXR8GV2,severe_stress,train
JAUXR8GV2_5039-3561-5551-4073.jpg,JAUXR8GV2,severe_stress,train
JAUXR8GV2_808-1112-1320-1624.jpg,JAUXR8GV2,severe_stress,train
JAUXR8GV2_808-600-1320-1112.jpg,JAUXR8GV2,severe_stress,train
JAUXR8GV2_809-2269-1321-2781.jpg,JAUXR8GV2,severe_stress,train
JAUXR8GV2_809-2781-1321-3293.jpg,JAUXR8GV2,severe_stress,train
JAUXR8GV2_809-3293-1321-3805.jpg,JAUXR8GV2,severe_stress,train
JAUXR8GV2_809-3805-1321-4317.jpg,JAUXR8GV2,severe_stress,train
JAUXR8GV2_809-4317-1321-4829.jpg,JAUXR8GV2,severe_stress,train
JAUXR8GV2_809-4829-1321-5341.jpg,JAUXR8GV2,severe_stress,train
JAUXR8GV2_809-5341-1321-5853.jpg,JAUXR8GV2,severe_stress,train
JAUXR8GV2_970-1965-1482-2477.jpg,JAUXR8GV2,severe_stress,train
JAUXR8GV2_970-2477-1482-2989.jpg,JAUXR8GV2,severe_stress,train
JAUXR8GV2_970-2989-1482-3501.jpg,JAUXR8GV2,severe_stress,train
JAUXR8GV2_970-3501-1482-4013.jpg,JAUXR8GV2,severe_stress,train
JDYF18DFY_189-5046-701-5558.jpg,JDYF18DFY,moderate_stress,train
JDYF18DFY_3275-4855-3787-5367.jpg,JDYF18DFY,moderate_stress,train
JDYF18DFY_4391-4930-4903-5442.jpg,JDYF18DFY,healthy,train
JIRGBCCB1_257-721-769-1233.jpg,JIRGBCCB1,healthy,train
JIRGBCCB1_558-1378-1070-1890.jpg,JIRGBCCB1,moderate_stress,train
JIRGBCCB1_692-824-1204-1336.jpg,JIRGBCCB1,moderate_stress,train
JIRGBCCB1_747-263-1259-775.jpg,JIRGBCCB1,moderate_stress,train
JIRGBCCB1_889-455-1401-967.jpg,JIRGBCCB1,moderate_stress,train
JITKAXKIE_413-4582-925-5094.jpg,JITKAXKIE,moderate_stress,train
JITKAXKIE_4433-841-4945-1353.jpg,JITKAXKIE,moderate_stress,train
JITKAXKIE_453-5036-965-5548.jpg,JITKAXKIE,moderate_stress,train
JITKAXKIE_529-4794-1041-5306.jpg,JITKAXKIE,moderate_stress,train
JJ73I6A9T_1126-2227-1638-2739.jpg,JJ73I6A9T,moderate_stress,train
JJ73I6A9T_1677-2209-2189-2721.jpg,JJ73I6A9T,moderate_stress,train
JJ73I6A9T_2092-2180-2604-2692.jpg,JJ73I6A9T,moderate_stress,train
JJ73I6A9T_2278-1675-2790-2187.jpg,JJ73I6A9T,moderate_stress,train
JJ73I6A9T_458-1841-970-2353.jpg,JJ73I6A9T,healthy,train
JJ73I6A9T_614-2227-1126-2739.jpg,JJ73I6A9T,healthy,train
JN3R7HXUH_1074-1536-1586-2048.jpg,JN3R7HXUH,healthy,train
JN3R7HXUH_1174-2926-1686-3438.jpg,JN3R7HXUH,moderate_stress,train
JN3R7HXUH_1175-790-1687-1302.jpg,JN3R7HXUH,moderate_stress,train
JN3R7HXUH_1214-2461-1726-2973.jpg,JN3R7HXUH,moderate_stress,train
JN3R7HXUH_1214-5021-1726-5533.jpg,JN3R7HXUH,moderate_stress,train
JN3R7HXUH_1406-533-1918-1045.jpg,JN3R7HXUH,moderate_stress,train
JN3R7HXUH_1636-2153-2148-2665.jpg,JN3R7HXUH,healthy,train
JN3R7HXUH_1652-3115-2164-3627.jpg,JN3R7HXUH,moderate_stress,train
JN3R7HXUH_1653-1774-2165-2286.jpg,JN3R7HXUH,moderate_stress,train
JN3R7HXUH_1697-2716-2209-3228.jpg,JN3R7HXUH,moderate_stress,train
JN3R7HXUH_1726-3485-2238-3997.jpg,JN3R7HXUH,moderate_stress,train
JN3R7HXUH_1726-5021-2238-5533.jpg,JN3R7HXUH,moderate_stress,train
JN3R7HXUH_190-2461-702-2973.jpg,JN3R7HXUH,moderate_stress,train
JN3R7HXUH_190-2973-702-3485.jpg,JN3R7HXUH,moderate_stress,train
JN3R7HXUH_190-3485-702-3997.jpg,JN3R7HXUH,moderate_stress,train
JN3R7HXUH_190-3997-702-4509.jpg,JN3R7HXUH,moderate_stress,train
JN3R7HXUH_190-4509-702-5021.jpg,JN3R7HXUH,moderate_stress,train
JN3R7HXUH_1918-533-2430-1045.jpg,JN3R7HXUH,moderate_stress,train
JN3R7HXUH_1954-2496-2466-3008.jpg,JN3R7HXUH,moderate_stress,train
JN3R7HXUH_1970-2872-2482-3384.jpg,JN3R7HXUH,moderate_stress,train
JN3R7HXUH_2238-3485-2750-3997.jpg,JN3R7HXUH,moderate_stress,train
JN3R7HXUH_2238-5021-2750-5533.jpg,JN3R7HXUH,moderate_stress,train
JN3R7HXUH_2244-2714-2756-3226.jpg,JN3R7HXUH,moderate_stress,train
JN3R7HXUH_2250-3188-2762-3700.jpg,JN3R7HXUH,moderate_stress,train
JN3R7HXUH_2520-3071-3032-3583.jpg,JN3R7HXUH,moderate_stress,train
JN3R7HXUH_2724-2512-3236-3024.jpg,JN3R7HXUH,moderate_stress,train
JN3R7HXUH_2738-612-3250-1124.jpg,JN3R7HXUH,moderate_stress,train
JN3R7HXUH_2750-2973-3262-3485.jpg,JN3R7HXUH,moderate_stress,train
JN3R7HXUH_2750-3485-3262-3997.jpg,JN3R7HXUH,moderate_stress,train
JN3R7HXUH_2750-3997-3262-4509.jpg,JN3R7HXUH,moderate_stress,train
JN3R7HXUH_2750-4509-3262-5021.jpg,JN3R7HXUH,moderate_stress,train
JN3R7HXUH_2750-5021-3262-5533.jpg,JN3R7HXUH,moderate_stress,train
JN3R7HXUH_598-1760-1110-2272.jpg,JN3R7HXUH,moderate_stress,train
JN3R7HXUH_598-680-1110-1192.jpg,JN3R7HXUH,moderate_stress,train
JN3R7HXUH_702-2461-1214-2973.jpg,JN3R7HXUH,moderate_stress,train
JN3R7HXUH_702-5021-1214-5533.jpg,JN3R7HXUH,moderate_stress,train
JN3R7HXUH_781-368-1293-880.jpg,JN3R7HXUH,moderate_stress,train
JN3R7HXUH_964-1979-1476-2491.jpg,JN3R7HXUH,moderate_stress,train
JRALMMAL2_1091-8777-1603-9289.jpg,JRALMMAL2,severe_stress,train
JRALMMAL2_1106-12100-1618-12612.jpg,JRALMMAL2,severe_stress,train
JRALMMAL2_1131-9409-1643-9921.jpg,JRALMMAL2,severe_stress,train
JRALMMAL2_1237-9695-1749-10207.jpg,JRALMMAL2,severe_stress,train
JRALMMAL2_1265-8553-1777-9065.jpg,JRALMMAL2,severe_stress,train
JRALMMAL2_1284-8957-1796-9469.jpg,JRALMMAL2,severe_stress,train
JRALMMAL2_1526-9491-2038-10003.jpg,JRALMMAL2,healthy,train
JRALMMAL2_1612-8530-2124-9042.jpg,JRALMMAL2,healthy,train
JRALMMAL2_2053-8460-2565-8972.jpg,JRALMMAL2,severe_stress,train
JRALMMAL2_387-11679-899-12191.jpg,JRALMMAL2,healthy,train
JRALMMAL2_4287-7186-4799-7698.jpg,JRALMMAL2,healthy,train
JRALMMAL2_455-9049-967-9561.jpg,JRALMMAL2,severe_stress,train
JRALMMAL2_898-9239-1410-9751.jpg,JRALMMAL2,severe_stress,train
JUHAXLPM7_1612-2206-2124-2718.jpg,JUHAXLPM7,moderate_stress,train
JUHAXLPM7_1668-2707-2180-3219.jpg,JUHAXLPM7,healthy,train
JUHAXLPM7_2133-2333-2645-2845.jpg,JUHAXLPM7,healthy,train
JUHAXLPM7_2331-2569-2843-3081.jpg,JUHAXLPM7,moderate_stress,train
JUHAXLPM7_2357-1513-2869-2025.jpg,JUHAXLPM7,moderate_stress,train
JUHAXLPM7_2488-3103-3000-3615.jpg,JUHAXLPM7,moderate_stress,train
JUHAXLPM7_2687-1840-3199-2352.jpg,JUHAXLPM7,moderate_stress,train
JUHAXLPM7_2764-1384-3276-1896.jpg,JUHAXLPM7,moderate_stress,train
JUHAXLPM7_2875-2841-3387-3353.jpg,JUHAXLPM7,moderate_stress,train
JUHAXLPM7_2913-2050-3425-2562.jpg,JUHAXLPM7,moderate_stress,train
JUHAXLPM7_2970-2586-3482-3098.jpg,JUHAXLPM7,moderate_stress,train
JUHAXLPM7_3151-1874-3663-2386.jpg,JUHAXLPM7,moderate_stress,train
JUHAXLPM7_3217-2751-3729-3263.jpg,JUHAXLPM7,moderate_stress,train
JUHAXLPM7_3276-1384-3788-1896.jpg,JUHAXLPM7,moderate_stress,train
JUHAXLPM7_3511-3210-4023-3722.jpg,JUHAXLPM7,moderate_stress,train
JUHAXLPM7_3516-3514-4028-4026.jpg,JUHAXLPM7,moderate_stress,train
JUHAXLPM7_3582-2065-4094-2577.jpg,JUHAXLPM7,moderate_stress,train
JUHAXLPM7_3727-886-4239-1398.jpg,JUHAXLPM7,moderate_stress,train
JUHAXLPM7_3742-1801-4254-2313.jpg,JUHAXLPM7,moderate_stress,train
JUHAXLPM7_3936-3164-4448-3676.jpg,JUHAXLPM7,moderate_stress,train
JUHAXLPM7_4011-2786-4523-3298.jpg,JUHAXLPM7,moderate_stress,train
JUHAXLPM7_4052-1267-4564-1779.jpg,JUHAXLPM7,moderate_stress,train
JUHAXLPM7_4154-3418-4666-3930.jpg,JUHAXLPM7,moderate_stress,train
JUHAXLPM7_4197-1655-4709-2167.jpg,JUHAXLPM7,moderate_stress,train
JUHAXLPM7_4315-930-4827-1442.jpg,JUHAXLPM7,moderate_stress,train
JUHAXLPM7_4385-2763-4897-3275.jpg,JUHAXLPM7,moderate_stress,train
JUHAXLPM7_4407-3920-4919-4432.jpg,JUHAXLPM7,moderate_stress,train
JUHAXLPM7_4448-3164-4960-3676.jpg,JUHAXLPM7,moderate_stress,train
JUHAXLPM7_4466-1146-4978-1658.jpg,JUHAXLPM7,moderate_stress,train
JUHAXLPM7_4500-1946-5012-2458.jpg,JUHAXLPM7,moderate_stress,train
JUHAXLPM7_4505-2257-5017-2769.jpg,JUHAXLPM7,moderate_stress,train
JUHAXLPM7_4666-3418-5178-3930.jpg,JUHAXLPM7,moderate_stress,train
JUHAXLPM7_4709-1655-5221-2167.jpg,JUHAXLPM7,moderate_stress,train
JUHAXLPM7_4827-930-5339-1442.jpg,JUHAXLPM7,moderate_stress,train
JUQDG1YED_1921-1019-2433-1531.jpg,JUQDG1YED,healthy,train
JUQDG1YED_2073-2017-2585-2529.jpg,JUQDG1YED,moderate_stress,train
JUQDG1YED_2135-815-2647-1327.jpg,JUQDG1YED,moderate_stress,train
JUQDG1YED_294-3810-806-4322.jpg,JUQDG1YED,healthy,train
JUQDG1YED_3910-467-4422-979.jpg,JUQDG1YED,healthy,train
JWRGLMHP8_3867-1076-4379-1588.jpg,JWRGLMHP8,healthy,train
JWRGLMHP8_394-824-906-1336.jpg,JWRGLMHP8,healthy,train
JWRGLMHP8_405-1402-917-1914.jpg,JWRGLMHP8,healthy,train
JWRGLMHP8_4379-1076-4891-1588.jpg,JWRGLMHP8,healthy,train
JWRGLMHP8_5168-1229-5680-1741.jpg,JWRGLMHP8,healthy,train
JWRGLMHP8_5168-1741-5680-2253.jpg,JWRGLMHP8,moderate_stress,train
K1K3HEYFT_1065-2451-1577-2963.jpg,K1K3HEYFT,healthy,train
K1K3HEYFT_1900-1837-2412-2349.jpg,K1K3HEYFT,healthy,train
K1K3HEYFT_2350-1798-2862-2310.jpg,K1K3HEYFT,healthy,train
K1K3HEYFT_2609-2113-3121-2625.jpg,K1K3HEYFT,moderate_stress,train
K1K3HEYFT_299-1470-811-1982.jpg,K1K3HEYFT,healthy,train
K229F1T2R_1006-1249-1518-1761.jpg,K229F1T2R,severe_stress,train
K229F1T2R_1006-1761-1518-2273.jpg,K229F1T2R,severe_stress,train
K229F1T2R_1006-737-1518-1249.jpg,K229F1T2R,severe_stress,train
K229F1T2R_1518-1761-2030-2273.jpg,K229F1T2R,severe_stress,train
K229F1T2R_1934-2112-2446-2624.jpg,K229F1T2R,severe_stress,train
K229F1T2R_2850-1295-3362-1807.jpg,K229F1T2R,healthy,train
K229F1T2R_2850-783-3362-1295.jpg,K229F1T2R,severe_stress,train
K229F1T2R_2969-2003-3481-2515.jpg,K229F1T2R,severe_stress,train
K229F1T2R_3084-676-3596-1188.jpg,K229F1T2R,severe_stress,train
K229F1T2R_3362-1295-3874-1807.jpg,K229F1T2R,severe_stress,train
K229F1T2R_3362-783-3874-1295.jpg,K229F1T2R,severe_stress,train
K229F1T2R_3481-2003-3993-2515.jpg,K229F1T2R,healthy,train
K229F1T2R_3596-676-4108-1188.jpg,K229F1T2R,severe_stress,train
K229F1T2R_3918-2278-4430-2790.jpg,K229F1T2R,healthy,train
K229F1T2R_478-2119-990-2631.jpg,K229F1T2R,severe_stress,train
K229F1T2R_478-2631-990-3143.jpg,K229F1T2R,severe_stress,train
K229F1T2R_494-1249-1006-1761.jpg,K229F1T2R,severe_stress,train
K229F1T2R_494-1761-1006-2273.jpg,K229F1T2R,healthy,train
K229F1T2R_494-737-1006-1249.jpg,K229F1T2R,severe_stress,train
K229F1T2R_990-2119-1502-2631.jpg,K229F1T2R,severe_stress,train
K229F1T2R_990-2631-1502-3143.jpg,K229F1T2R,severe_stress,train
K3CCYNP2E_384-687-896-1199.jpg,K3CCYNP2E,healthy,train
K3EWRIMFT_5003-1286-5515-1798.jpg,K3EWRIMFT,moderate_stress,train
KC8JQDBQT_1502-9917-2014-10429.jpg,KC8JQDBQT,healthy,train
KC8JQDBQT_2782-9927-3294-10439.jpg,KC8JQDBQT,moderate_stress,train
KC8JQDBQT_3077-9923-3589-10435.jpg,KC8JQDBQT,healthy,train
KC8JQDBQT_3685-9915-4197-10427.jpg,KC8JQDBQT,moderate_stress,train
KC8JQDBQT_3995-9841-4507-10353.jpg,KC8JQDBQT,moderate_stress,train
KC8JQDBQT_4507-9841-5019-10353.jpg,KC8JQDBQT,moderate_stress,train
KC8JQDBQT_4813-9940-5325-10452.jpg,KC8JQDBQT,moderate_stress,train
KC8JQDBQT_5325-9940-5837-10452.jpg,KC8JQDBQT,moderate_stress,train
KC8JQDBQT_5621-9927-6133-10439.jpg,KC8JQDBQT,moderate_stress,train
KC8JQDBQT_6261-9920-6773-10432.jpg,KC8JQDBQT,moderate_stress,train
KC8JQDBQT_6799-10060-7311-10572.jpg,KC8JQDBQT,moderate_stress,train
KC8JQDBQT_879-9918-1391-10430.jpg,KC8JQDBQT,healthy,train
KEP4MBVE7_1039-2866-1551-3378.jpg,KEP4MBVE7,moderate_stress,train
KEP4MBVE7_1039-3378-1551-3890.jpg,KEP4MBVE7,moderate_stress,train
KEP4MBVE7_1039-3890-1551-4402.jpg,KEP4MBVE7,moderate_stress,train
KEP4MBVE7_1311-3443-1823-3955.jpg,KEP4MBVE7,moderate_stress,train
KEP4MBVE7_1502-1281-2014-1793.jpg,KEP4MBVE7,moderate_stress,train
KEP4MBVE7_1502-1793-2014-2305.jpg,KEP4MBVE7,healthy,train
KEP4MBVE7_1502-769-2014-1281.jpg,KEP4MBVE7,moderate_stress,train
KEP4MBVE7_1820-1974-2332-2486.jpg,KEP4MBVE7,moderate_stress,train
KEP4MBVE7_1820-2486-2332-2998.jpg,KEP4MBVE7,moderate_stress,train
KEP4MBVE7_2014-1281-2526-1793.jpg,KEP4MBVE7,moderate_stress,train
KEP4MBVE7_2014-1793-2526-2305.jpg,KEP4MBVE7,moderate_stress,train
KEP4MBVE7_2014-769-2526-1281.jpg,KEP4MBVE7,moderate_stress,train
KEP4MBVE7_2332-1974-2844-2486.jpg,KEP4MBVE7,moderate_stress,train
KEP4MBVE7_2332-2486-2844-2998.jpg,KEP4MBVE7,moderate_stress,train
KEP4MBVE7_2526-1281-3038-1793.jpg,KEP4MBVE7,moderate_stress,train
KEP4MBVE7_2526-1793-3038-2305.jpg,KEP4MBVE7,moderate_stress,train
KEP4MBVE7_2526-769-3038-1281.jpg,KEP4MBVE7,moderate_stress,train
KEP4MBVE7_2844-1974-3356-2486.jpg,KEP4MBVE7,moderate_stress,train
KEP4MBVE7_2844-2486-3356-2998.jpg,KEP4MBVE7,moderate_stress,train
KEP4MBVE7_543-506-1055-1018.jpg,KEP4MBVE7,moderate_stress,train
KEP4MBVE7_757-2962-1269-3474.jpg,KEP4MBVE7,moderate_stress,train
KGF19YMG4_1151-5151-1663-5663.jpg,KGF19YMG4,healthy,train
KGF19YMG4_1296-558-1808-1070.jpg,KGF19YMG4,healthy,train
KGF19YMG4_1456-5158-1968-5670.jpg,KGF19YMG4,healthy,train
KGF19YMG4_1942-564-2454-1076.jpg,KGF19YMG4,healthy,train
KGF19YMG4_2040-5157-2552-5669.jpg,KGF19YMG4,moderate_stress,train
KGF19YMG4_2116-4612-2628-5124.jpg,KGF19YMG4,healthy,train
KGF19YMG4_2410-4503-2922-5015.jpg,KGF19YMG4,healthy,train
KGF19YMG4_2734-554-3246-1066.jpg,KGF19YMG4,moderate_stress,train
KGF19YMG4_2747-4500-3259-5012.jpg,KGF19YMG4,healthy,train
KGF19YMG4_3007-561-3519-1073.jpg,KGF19YMG4,moderate_stress,train
KGF19YMG4_335-502-847-1014.jpg,KGF19YMG4,moderate_stress,train
KGF19YMG4_3350-5156-3862-5668.jpg,KGF19YMG4,healthy,train
KGF19YMG4_4832-563-5344-1075.jpg,KGF19YMG4,healthy,train
KGF19YMG4_5161-5159-5673-5671.jpg,KGF19YMG4,healthy,train
KGF19YMG4_5482-4632-5994-5144.jpg,KGF19YMG4,healthy,train
KGF19YMG4_5644-3090-6156-3602.jpg,KGF19YMG4,healthy,train
KGF19YMG4_5791-568-6303-1080.jpg,KGF19YMG4,healthy,train
KGF19YMG4_5959-3088-6471-3600.jpg,KGF19YMG4,healthy,train
KGF19YMG4_6336-3101-6848-3613.jpg,KGF19YMG4,healthy,train
KGF19YMG4_657-561-1169-1073.jpg,KGF19YMG4,healthy,train
KGF19YMG4_808-5154-1320-5666.jpg,KGF19YMG4,healthy,train
KGF19YMG4_973-560-1485-1072.jpg,KGF19YMG4,healthy,train
KIBFI6XCV_2543-4705-3055-5217.jpg,KIBFI6XCV,severe_stress,train
KIBFI6XCV_3055-4193-3567-4705.jpg,KIBFI6XCV,severe_stress,train
KIBFI6XCV_3055-4705-3567-5217.jpg,KIBFI6XCV,severe_stress,train
KIBFI6XCV_3567-4193-4079-4705.jpg,KIBFI6XCV,severe_stress,train
KIBFI6XCV_3567-4705-4079-5217.jpg,KIBFI6XCV,severe_stress,train
KIBFI6XCV_4079-4193-4591-4705.jpg,KIBFI6XCV,severe_stress,train
KIBFI6XCV_4079-4705-4591-5217.jpg,KIBFI6XCV,severe_stress,train
KIBFI6XCV_4591-4193-5103-4705.jpg,KIBFI6XCV,severe_stress,train
KIBFI6XCV_4591-4705-5103-5217.jpg,KIBFI6XCV,severe_stress,train
KIBFI6XCV_5103-4193-5615-4705.jpg,KIBFI6XCV,healthy,train
KIBFI6XCV_5103-4705-5615-5217.jpg,KIBFI6XCV,severe_stress,train
KLI6KFNEY_1084-798-1596-1310.jpg,KLI6KFNEY,moderate_stress,train
KLI6KFNEY_1439-596-1951-1108.jpg,KLI6KFNEY,moderate_stress,train
KLI6KFNEY_1521-1052-2033-1564.jpg,KLI6KFNEY,moderate_stress,train
KLI6KFNEY_1702-1218-2214-1730.jpg,KLI6KFNEY,moderate_stress,train
KLI6KFNEY_1742-773-2254-1285.jpg,KLI6KFNEY,moderate_stress,train
KLI6KFNEY_415-1108-927-1620.jpg,KLI6KFNEY,moderate_stress,train
KLI6KFNEY_534-771-1046-1283.jpg,KLI6KFNEY,moderate_stress,train
KLI6KFNEY_790-850-1302-1362.jpg,KLI6KFNEY,moderate_stress,train
KLI6KFNEY_927-1108-1439-1620.jpg,KLI6KFNEY,moderate_stress,train
KLI6KFNEY_927-596-1439-1108.jpg,KLI6KFNEY,moderate_stress,train
KMMMFZ4VK_2829-2689-3341-3201.jpg,KMMMFZ4VK,moderate_stress,train
KMMMFZ4VK_2919-5269-3431-5781.jpg,KMMMFZ4VK,healthy,train
KMMMFZ4VK_4217-2352-4729-2864.jpg,KMMMFZ4VK,moderate_stress,train
KMMMFZ4VK_4729-2352-5241-2864.jpg,KMMMFZ4VK,moderate_stress,train
KMMMFZ4VK_5277-1671-5789-2183.jpg,KMMMFZ4VK,healthy,train
KMMMFZ4VK_5311-5254-5823-5766.jpg,KMMMFZ4VK,moderate_stress,train
KNIGHCR77_1055-3949-1567-4461.jpg,KNIGHCR77,moderate_stress,train
KNIGHCR77_1567-3437-2079-3949.jpg,KNIGHCR77,moderate_stress,train
KNIGHCR77_1567-4461-2079-4973.jpg,KNIGHCR77,moderate_stress,train
KNIGHCR77_2033-9795-2545-10307.jpg,KNIGHCR77,healthy,train
KNIGHCR77_2079-3437-2591-3949.jpg,KNIGHCR77,moderate_stress,train
KNIGHCR77_2079-4461-2591-4973.jpg,KNIGHCR77,moderate_stress,train
KNIGHCR77_2591-3437-3103-3949.jpg,KNIGHCR77,moderate_stress,train
KNIGHCR77_2857-9421-3369-9933.jpg,KNIGHCR77,moderate_stress,train
KNIGHCR77_3103-3437-3615-3949.jpg,KNIGHCR77,healthy,train
KNIGHCR77_3103-3949-3615-4461.jpg,KNIGHCR77,moderate_stress,train
KNIGHCR77_3103-4461-3615-4973.jpg,KNIGHCR77,moderate_stress,train
KNIGHCR77_3369-8909-3881-9421.jpg,KNIGHCR77,moderate_stress,train
KNIGHCR77_3369-9421-3881-9933.jpg,KNIGHCR77,moderate_stress,train
KNIGHCR77_3881-8909-4393-9421.jpg,KNIGHCR77,moderate_stress,train
KNIGHCR77_3974-9422-4486-9934.jpg,KNIGHCR77,moderate_stress,train
KNIGHCR77_4486-9422-4998-9934.jpg,KNIGHCR77,moderate_stress,train
KNIGHCR77_4753-7489-5265-8001.jpg,KNIGHCR77,healthy,train
KNIGHCR77_4998-9422-5510-9934.jpg,KNIGHCR77,moderate_stress,train
KNIGHCR77_598-4782-1110-5294.jpg,KNIGHCR77,moderate_stress,train
KNIGHCR77_602-4482-1114-4994.jpg,KNIGHCR77,moderate_stress,train
KPRH6YDVE_1313-452-1825-964.jpg,KPRH6YDVE,moderate_stress,train
KPRH6YDVE_1579-7518-2091-8030.jpg,KPRH6YDVE,moderate_stress,train
KPRH6YDVE_1635-480-2147-992.jpg,KPRH6YDVE,moderate_stress,train
KPRH6YDVE_1976-7571-2488-8083.jpg,KPRH6YDVE,moderate_stress,train
KPRH6YDVE_2495-379-3007-891.jpg,KPRH6YDVE,moderate_stress,train
KPRH6YDVE_2695-7563-3207-8075.jpg,KPRH6YDVE,moderate_stress,train
KPRH6YDVE_3093-538-3605-1050.jpg,KPRH6YDVE,healthy,train
KPRH6YDVE_315-7556-827-8068.jpg,KPRH6YDVE,moderate_stress,train
KPRH6YDVE_3502-7409-4014-7921.jpg,KPRH6YDVE,moderate_stress,train
KPRH6YDVE_3674-558-4186-1070.jpg,KPRH6YDVE,moderate_stress,train
KPRH6YDVE_3789-825-4301-1337.jpg,KPRH6YDVE,moderate_stress,train
KPRH6YDVE_4132-592-4644-1104.jpg,KPRH6YDVE,moderate_stress,train
KPRH6YDVE_4995-3842-5507-4354.jpg,KPRH6YDVE,moderate_stress,train
KPRH6YDVE_551-350-1063-862.jpg,KPRH6YDVE,moderate_stress,train
KPRH6YDVE_5679-583-6191-1095.jpg,KPRH6YDVE,moderate_stress,train
KPRH6YDVE_801-452-1313-964.jpg,KPRH6YDVE,moderate_stress,train
KPRH6YDVE_827-7556-1339-8068.jpg,KPRH6YDVE,moderate_stress,train
KVE8D1LQI_1574-2361-2086-2873.jpg,KVE8D1LQI,healthy,train
L11NKU4YK_1382-5070-1894-5582.jpg,L11NKU4YK,moderate_stress,train
L11NKU4YK_1533-3891-2045-4403.jpg,L11NKU4YK,moderate_stress,train
L11NKU4YK_514-5088-1026-5600.jpg,L11NKU4YK,moderate_stress,train
L11NKU4YK_665-4814-1177-5326.jpg,L11NKU4YK,moderate_stress,train
L11NKU4YK_710-4020-1222-4532.jpg,L11NKU4YK,moderate_stress,train
L2U7Z1X2Y_1166-421-1678-933.jpg,L2U7Z1X2Y,healthy,train
L63XA28BN_1213-3229-1725-3741.jpg,L63XA28BN,healthy,train
L63XA28BN_1532-1974-2044-2486.jpg,L63XA28BN,severe_stress,train
L63XA28BN_1858-2997-2370-3509.jpg,L63XA28BN,healthy,train
L63XA28BN_194-1325-706-1837.jpg,L63XA28BN,healthy,train
L63XA28BN_254-866-766-1378.jpg,L63XA28BN,severe_stress,train
L63XA28BN_2563-4167-3075-4679.jpg,L63XA28BN,severe_stress,train
L63XA28BN_2669-1251-3181-1763.jpg,L63XA28BN,healthy,train
L63XA28BN_2712-4375-3224-4887.jpg,L63XA28BN,healthy,train
L63XA28BN_2714-1696-3226-2208.jpg,L63XA28BN,healthy,train
L63XA28BN_2761-3033-3273-3545.jpg,L63XA28BN,healthy,train
L63XA28BN_2774-930-3286-1442.jpg,L63XA28BN,healthy,train
L63XA28BN_391-280-903-792.jpg,L63XA28BN,severe_stress,train
L63XA28BN_581-2345-1093-2857.jpg,L63XA28BN,severe_stress,train
L63XA28BN_685-414-1197-926.jpg,L63XA28BN,severe_stress,train
L63XA28BN_685-926-1197-1438.jpg,L63XA28BN,severe_stress,train
L63XA28BN_692-2626-1204-3138.jpg,L63XA28BN,healthy,train
L63XA28BN_998-2380-1510-2892.jpg,L63XA28BN,severe_stress,train
L6AHNQV6P_2155-461-2667-973.jpg,L6AHNQV6P,healthy,train
L6AHNQV6P_319-3576-831-4088.jpg,L6AHNQV6P,healthy,train
L7GKBVV9C_1062-704-1574-1216.jpg,L7GKBVV9C,moderate_stress,train
L7GKBVV9C_1574-704-2086-1216.jpg,L7GKBVV9C,moderate_stress,train
L7GKBVV9C_1621-5065-2133-5577.jpg,L7GKBVV9C,moderate_stress,train
L7GKBVV9C_1958-606-2470-1118.jpg,L7GKBVV9C,moderate_stress,train
L7GKBVV9C_1999-5032-2511-5544.jpg,L7GKBVV9C,moderate_stress,train
L7GKBVV9C_240-5258-752-5770.jpg,L7GKBVV9C,moderate_stress,train
L7GKBVV9C_2470-606-2982-1118.jpg,L7GKBVV9C,moderate_stress,train
L7GKBVV9C_249-780-761-1292.jpg,L7GKBVV9C,moderate_stress,train
L7GKBVV9C_2971-4920-3483-5432.jpg,L7GKBVV9C,moderate_stress,train
L7GKBVV9C_3291-4906-3803-5418.jpg,L7GKBVV9C,moderate_stress,train
L7GKBVV9C_3299-474-3811-986.jpg,L7GKBVV9C,moderate_stress,train
L7GKBVV9C_3803-4906-4315-5418.jpg,L7GKBVV9C,moderate_stress,train
L7GKBVV9C_3811-474-4323-986.jpg,L7GKBVV9C,moderate_stress,train
L7GKBVV9C_592-777-1104-1289.jpg,L7GKBVV9C,moderate_stress,train
L7UADZYQL_1305-2579-1817-3091.jpg,L7UADZYQL,severe_stress,train
L7UADZYQL_1305-3091-1817-3603.jpg,L7UADZYQL,severe_stress,train
L7UADZYQL_1817-2579-2329-3091.jpg,L7UADZYQL,severe_stress,train
L7UADZYQL_1817-3091-2329-3603.jpg,L7UADZYQL,severe_stress,train
L7UADZYQL_1831-2165-2343-2677.jpg,L7UADZYQL,severe_stress,train
L7UADZYQL_2272-2394-2784-2906.jpg,L7UADZYQL,severe_stress,train
L7UADZYQL_2296-2663-2808-3175.jpg,L7UADZYQL,severe_stress,train
L7UADZYQL_2329-3091-2841-3603.jpg,L7UADZYQL,severe_stress,train
L7UADZYQL_275-2482-787-2994.jpg,L7UADZYQL,severe_stress,train
L7UADZYQL_410-2870-922-3382.jpg,L7UADZYQL,severe_stress,train
L7UADZYQL_413-951-925-1463.jpg,L7UADZYQL,severe_stress,train
L8JY8U3IN_1224-4019-1736-4531.jpg,L8JY8U3IN,severe_stress,train
L8JY8U3IN_1224-435-1736-947.jpg,L8JY8U3IN,severe_stress,train
L8JY8U3IN_1355-2392-1867-2904.jpg,L8JY8U3IN,severe_stress,train
L8JY8U3IN_1355-2904-1867-3416.jpg,L8JY8U3IN,severe_stress,train
L8JY8U3IN_1355-3416-1867-3928.jpg,L8JY8U3IN,severe_stress,train
L8JY8U3IN_1625-2561-2137-3073.jpg,L8JY8U3IN,severe_stress,train
L8JY8U3IN_1736-2995-2248-3507.jpg,L8JY8U3IN,severe_stress,train
L8JY8U3IN_1736-4019-2248-4531.jpg,L8JY8U3IN,severe_stress,train
L8JY8U3IN_1736-435-2248-947.jpg,L8JY8U3IN,severe_stress,train
L8JY8U3IN_1867-1368-2379-1880.jpg,L8JY8U3IN,severe_stress,train
L8JY8U3IN_1867-1880-2379-2392.jpg,L8JY8U3IN,severe_stress,train
L8JY8U3IN_1867-3416-2379-3928.jpg,L8JY8U3IN,severe_stress,train
L8JY8U3IN_200-1459-712-1971.jpg,L8JY8U3IN,healthy,train
L8JY8U3IN_200-1971-712-2483.jpg,L8JY8U3IN,healthy,train
L8JY8U3IN_200-2483-712-2995.jpg,L8JY8U3IN,healthy,train
L8JY8U3IN_200-2995-712-3507.jpg,L8JY8U3IN,healthy,train
L8JY8U3IN_200-3507-712-4019.jpg,L8JY8U3IN,severe_stress,train
L8JY8U3IN_200-4019-712-4531.jpg,L8JY8U3IN,severe_stress,train
L8JY8U3IN_200-435-712-947.jpg,L8JY8U3IN,severe_stress,train
L8JY8U3IN_200-947-712-1459.jpg,L8JY8U3IN,severe_stress,train
L8JY8U3IN_2059-4051-2571-4563.jpg,L8JY8U3IN,severe_stress,train
L8JY8U3IN_2137-2049-2649-2561.jpg,L8JY8U3IN,severe_stress,train
L8JY8U3IN_2137-2561-2649-3073.jpg,L8JY8U3IN,severe_stress,train
L8JY8U3IN_2137-3585-2649-4097.jpg,L8JY8U3IN,severe_stress,train
L8JY8U3IN_2379-2392-2891-2904.jpg,L8JY8U3IN,severe_stress,train
L8JY8U3IN_2379-2904-2891-3416.jpg,L8JY8U3IN,severe_stress,train
L8JY8U3IN_2379-3416-2891-3928.jpg,L8JY8U3IN,severe_stress,train
L8JY8U3IN_2379-344-2891-856.jpg,L8JY8U3IN,severe_stress,train
L8JY8U3IN_2571-4051-3083-4563.jpg,L8JY8U3IN,severe_stress,train
L8JY8U3IN_2649-513-3161-1025.jpg,L8JY8U3IN,severe_stress,train
L8JY8U3IN_2742-1926-3254-2438.jpg,L8JY8U3IN,severe_stress,train
L8JY8U3IN_2742-2438-3254-2950.jpg,L8JY8U3IN,severe_stress,train
L8JY8U3IN_2742-2950-3254-3462.jpg,L8JY8U3IN,severe_stress,train
L8JY8U3IN_3083-4051-3595-4563.jpg,L8JY8U3IN,severe_stress,train
L8JY8U3IN_3161-3585-3673-4097.jpg,L8JY8U3IN,severe_stress,train
L8JY8U3IN_3161-513-3673-1025.jpg,L8JY8U3IN,severe_stress,train
L8JY8U3IN_3595-3539-4107-4051.jpg,L8JY8U3IN,severe_stress,train
L8JY8U3IN_3595-4051-4107-4563.jpg,L8JY8U3IN,severe_stress,train
L8JY8U3IN_3673-1025-4185-1537.jpg,L8JY8U3IN,severe_stress,train
L8JY8U3IN_3673-3073-4185-3585.jpg,L8JY8U3IN,severe_stress,train
L8JY8U3IN_3673-513-4185-1025.jpg,L8JY8U3IN,healthy,train
L8JY8U3IN_712-3507-1224-4019.jpg,L8JY8U3IN,severe_stress,train
L8JY8U3IN_712-4019-1224-4531.jpg,L8JY8U3IN,severe_stress,train
L8JY8U3IN_712-435-1224-947.jpg,L8JY8U3IN,severe_stress,train
L99A1EFQ6_1760-7687-2272-8199.jpg,L99A1EFQ6,moderate_stress,train
L99A1EFQ6_2019-769-2531-1281.jpg,L99A1EFQ6,moderate_stress,train
L99A1EFQ6_3580-7072-4092-7584.jpg,L99A1EFQ6,moderate_stress,train
L99A1EFQ6_5348-7207-5860-7719.jpg,L99A1EFQ6,moderate_stress,train
L99A1EFQ6_5509-10479-6021-10991.jpg,L99A1EFQ6,healthy,train
LF6Z6BLJY_1986-1005-2498-1517.jpg,LF6Z6BLJY,moderate_stress,train
LHFJWGWW4_2296-1551-2808-2063.jpg,LHFJWGWW4,healthy,train
LHFJWGWW4_3769-1533-4281-2045.jpg,LHFJWGWW4,moderate_stress,train
LHFJWGWW4_3769-2045-4281-2557.jpg,LHFJWGWW4,moderate_stress,train
LHFJWGWW4_3790-1143-4302-1655.jpg,LHFJWGWW4,moderate_stress,train
LHFJWGWW4_3813-612-4325-1124.jpg,LHFJWGWW4,moderate_stress,train
LHFJWGWW4_590-1258-1102-1770.jpg,LHFJWGWW4,healthy,train
LLV7JDILE_1060-2551-1572-3063.jpg,LLV7JDILE,moderate_stress,train
LLV7JDILE_1087-3253-1599-3765.jpg,LLV7JDILE,moderate_stress,train
LLV7JDILE_1097-4056-1609-4568.jpg,LLV7JDILE,moderate_stress,train
LLV7JDILE_1397-3932-1909-4444.jpg,LLV7JDILE,moderate_stress,train
LLV7JDILE_1436-5388-1948-5900.jpg,LLV7JDILE,healthy,train
LLV7JDILE_1609-4056-2121-4568.jpg,LLV7JDILE,moderate_stress,train
LLV7JDILE_2121-4056-2633-4568.jpg,LLV7JDILE,moderate_stress,train
LLV7JDILE_2633-4056-3145-4568.jpg,LLV7JDILE,moderate_stress,train
LLV7JDILE_321-3982-833-4494.jpg,LLV7JDILE,moderate_stress,train
LLV7JDILE_5073-5327-5585-5839.jpg,LLV7JDILE,healthy,train
LLV7JDILE_585-4056-1097-4568.jpg,LLV7JDILE,moderate_stress,train
LLV7JDILE_926-3716-1438-4228.jpg,LLV7JDILE,moderate_stress,train
LNLCQT7DN_1384-4279-1896-4791.jpg,LNLCQT7DN,healthy,train
LNLCQT7DN_1614-3976-2126-4488.jpg,LNLCQT7DN,healthy,train
LNLCQT7DN_2110-2815-2622-3327.jpg,LNLCQT7DN,healthy,train
LNLCQT7DN_2465-4663-2977-5175.jpg,LNLCQT7DN,severe_stress,train
LQJX483VQ_1619-2118-2131-2630.jpg,LQJX483VQ,healthy,train
LQJX483VQ_2009-432-2521-944.jpg,LQJX483VQ,healthy,train
LQJX483VQ_292-1366-804-1878.jpg,LQJX483VQ,healthy,train
LQJX483VQ_385-380-897-892.jpg,LQJX483VQ,moderate_stress,train
LRAD67UCW_5376-3370-5888-3882.jpg,LRAD67UCW,moderate_stress,train
LTWD8YPCU_1339-1773-1851-2285.jpg,LTWD8YPCU,severe_stress,train
LTWD8YPCU_1824-788-2336-1300.jpg,LTWD8YPCU,severe_stress,train
LTWD8YPCU_1899-1045-2411-1557.jpg,LTWD8YPCU,severe_stress,train
LTWD8YPCU_3792-841-4304-1353.jpg,LTWD8YPCU,severe_stress,train
LTWD8YPCU_3879-1496-4391-2008.jpg,LTWD8YPCU,severe_stress,train
LTWD8YPCU_3905-1998-4417-2510.jpg,LTWD8YPCU,severe_stress,train
LTWD8YPCU_4140-1745-4652-2257.jpg,LTWD8YPCU,severe_stress,train
LTWD8YPCU_4417-1998-4929-2510.jpg,LTWD8YPCU,severe_stress,train
LTWD8YPCU_507-2121-1019-2633.jpg,LTWD8YPCU,severe_stress,train
LTWD8YPCU_827-1773-1339-2285.jpg,LTWD8YPCU,severe_stress,train
LWKIMUCCV_1204-1035-1716-1547.jpg,LWKIMUCCV,severe_stress,train
LWKIMUCCV_1204-5131-1716-5643.jpg,LWKIMUCCV,severe_stress,train
LWKIMUCCV_1716-5131-2228-5643.jpg,LWKIMUCCV,severe_stress,train
LWKIMUCCV_1716-523-2228-1035.jpg,LWKIMUCCV,severe_stress,train
LWKIMUCCV_180-1035-692-1547.jpg,LWKIMUCCV,severe_stress,train
LWKIMUCCV_180-1547-692-2059.jpg,LWKIMUCCV,severe_stress,train
LWKIMUCCV_180-2059-692-2571.jpg,LWKIMUCCV,severe_stress,train
LWKIMUCCV_180-2571-692-3083.jpg,LWKIMUCCV,severe_stress,train
LWKIMUCCV_180-3083-692-3595.jpg,LWKIMUCCV,severe_stress,train
LWKIMUCCV_180-3595-692-4107.jpg,LWKIMUCCV,severe_stress,train
LWKIMUCCV_180-4107-692-4619.jpg,LWKIMUCCV,severe_stress,train
LWKIMUCCV_180-4619-692-5131.jpg,LWKIMUCCV,severe_stress,train
LWKIMUCCV_180-5131-692-5643.jpg,LWKIMUCCV,severe_stress,train
LWKIMUCCV_180-523-692-1035.jpg,LWKIMUCCV,severe_stress,train
LWKIMUCCV_2228-5131-2740-5643.jpg,LWKIMUCCV,severe_stress,train
LWKIMUCCV_2228-523-2740-1035.jpg,LWKIMUCCV,severe_stress,train
LWKIMUCCV_2740-5131-3252-5643.jpg,LWKIMUCCV,severe_stress,train
LWKIMUCCV_2740-523-3252-1035.jpg,LWKIMUCCV,severe_stress,train
LWKIMUCCV_3252-5131-3764-5643.jpg,LWKIMUCCV,severe_stress,train
LWKIMUCCV_3252-523-3764-1035.jpg,LWKIMUCCV,severe_stress,train
LWKIMUCCV_3764-5131-4276-5643.jpg,LWKIMUCCV,severe_stress,train
LWKIMUCCV_3764-523-4276-1035.jpg,LWKIMUCCV,severe_stress,train
LWKIMUCCV_4276-1035-4788-1547.jpg,LWKIMUCCV,severe_stress,train
LWKIMUCCV_4276-1547-4788-2059.jpg,LWKIMUCCV,severe_stress,train
LWKIMUCCV_4276-2059-4788-2571.jpg,LWKIMUCCV,severe_stress,train
LWKIMUCCV_4276-2571-4788-3083.jpg,LWKIMUCCV,severe_stress,train
LWKIMUCCV_4276-3083-4788-3595.jpg,LWKIMUCCV,severe_stress,train
LWKIMUCCV_4276-3595-4788-4107.jpg,LWKIMUCCV,severe_stress,train
LWKIMUCCV_4276-4107-4788-4619.jpg,LWKIMUCCV,severe_stress,train
LWKIMUCCV_4276-4619-4788-5131.jpg,LWKIMUCCV,severe_stress,train
LWKIMUCCV_4276-5131-4788-5643.jpg,LWKIMUCCV,severe_stress,train
LWKIMUCCV_4276-523-4788-1035.jpg,LWKIMUCCV,severe_stress,train
LWKIMUCCV_5741-4760-6253-5272.jpg,LWKIMUCCV,severe_stress,train
LWKIMUCCV_5741-5272-6253-5784.jpg,LWKIMUCCV,severe_stress,train
LWKIMUCCV_5792-1501-6304-2013.jpg,LWKIMUCCV,severe_stress,train
LWKIMUCCV_5792-2013-6304-2525.jpg,LWKIMUCCV,severe_stress,train
LWKIMUCCV_5792-2525-6304-3037.jpg,LWKIMUCCV,severe_stress,train
LWKIMUCCV_5792-3037-6304-3549.jpg,LWKIMUCCV,severe_stress,train
LWKIMUCCV_5792-3549-6304-4061.jpg,LWKIMUCCV,severe_stress,train
LWKIMUCCV_5792-4061-6304-4573.jpg,LWKIMUCCV,severe_stress,train
LWKIMUCCV_5792-477-6304-989.jpg,LWKIMUCCV,severe_stress,train
LWKIMUCCV_5792-989-6304-1501.jpg,LWKIMUCCV,severe_stress,train
LWKIMUCCV_6304-2525-6816-3037.jpg,LWKIMUCCV,severe_stress,train
LWKIMUCCV_6304-3037-6816-3549.jpg,LWKIMUCCV,severe_stress,train
LWKIMUCCV_6304-3549-6816-4061.jpg,LWKIMUCCV,severe_stress,train
LWKIMUCCV_6304-477-6816-989.jpg,LWKIMUCCV,severe_stress,train
LWKIMUCCV_6816-1501-7328-2013.jpg,LWKIMUCCV,severe_stress,train
LWKIMUCCV_6816-2013-7328-2525.jpg,LWKIMUCCV,severe_stress,train
LWKIMUCCV_6816-2525-7328-3037.jpg,LWKIMUCCV,severe_stress,train
LWKIMUCCV_6816-3037-7328-3549.jpg,LWKIMUCCV,severe_stress,train
LWKIMUCCV_6816-3549-7328-4061.jpg,LWKIMUCCV,severe_stress,train
LWKIMUCCV_6816-477-7328-989.jpg,LWKIMUCCV,severe_stress,train
LWKIMUCCV_6816-989-7328-1501.jpg,LWKIMUCCV,severe_stress,train
LWKIMUCCV_692-5131-1204-5643.jpg,LWKIMUCCV,severe_stress,train
LWKIMUCCV_692-523-1204-1035.jpg,LWKIMUCCV,severe_stress,train
LY6VJPB9Q_1009-5146-1521-5658.jpg,LY6VJPB9Q,healthy,train
LY6VJPB9Q_1082-520-1594-1032.jpg,LY6VJPB9Q,healthy,train
LY6VJPB9Q_1559-5149-2071-5661.jpg,LY6VJPB9Q,moderate_stress,train
LY6VJPB9Q_1633-522-2145-1034.jpg,LY6VJPB9Q,moderate_stress,train
LY6VJPB9Q_2109-5184-2621-5696.jpg,LY6VJPB9Q,moderate_stress,train
LY6VJPB9Q_2145-522-2657-1034.jpg,LY6VJPB9Q,moderate_stress,train
LY6VJPB9Q_245-5276-757-5788.jpg,LY6VJPB9Q,moderate_stress,train
LY6VJPB9Q_2537-5151-3049-5663.jpg,LY6VJPB9Q,healthy,train
LY6VJPB9Q_2563-529-3075-1041.jpg,LY6VJPB9Q,moderate_stress,train
LY6VJPB9Q_3000-5156-3512-5668.jpg,LY6VJPB9Q,moderate_stress,train
LY6VJPB9Q_3075-529-3587-1041.jpg,LY6VJPB9Q,moderate_stress,train
LY6VJPB9Q_3346-5152-3858-5664.jpg,LY6VJPB9Q,healthy,train
LY6VJPB9Q_3629-528-4141-1040.jpg,LY6VJPB9Q,moderate_stress,train
LY6VJPB9Q_3883-402-4395-914.jpg,LY6VJPB9Q,moderate_stress,train
LY9JR3FF2_1368-2918-1880-3430.jpg,LY9JR3FF2,healthy,train
LY9JR3FF2_1368-358-1880-870.jpg,LY9JR3FF2,severe_stress,train
LY9JR3FF2_1373-4973-1885-5485.jpg,LY9JR3FF2,severe_stress,train
LY9JR3FF2_1880-1894-2392-2406.jpg,LY9JR3FF2,healthy,train
LY9JR3FF2_1880-2406-2392-2918.jpg,LY9JR3FF2,severe_stress,train
LY9JR3FF2_1880-2918-2392-3430.jpg,LY9JR3FF2,severe_stress,train
LY9JR3FF2_1880-358-2392-870.jpg,LY9JR3FF2,severe_stress,train
LY9JR3FF2_1880-870-2392-1382.jpg,LY9JR3FF2,healthy,train
LY9JR3FF2_1885-4973-2397-5485.jpg,LY9JR3FF2,severe_stress,train
LY9JR3FF2_207-227-719-739.jpg,LY9JR3FF2,severe_stress,train
LY9JR3FF2_2392-1382-2904-1894.jpg,LY9JR3FF2,severe_stress,train
LY9JR3FF2_2392-1894-2904-2406.jpg,LY9JR3FF2,severe_stress,train
LY9JR3FF2_2392-2406-2904-2918.jpg,LY9JR3FF2,severe_stress,train
LY9JR3FF2_2392-2918-2904-3430.jpg,LY9JR3FF2,severe_stress,train
LY9JR3FF2_2392-3430-2904-3942.jpg,LY9JR3FF2,severe_stress,train
LY9JR3FF2_2392-358-2904-870.jpg,LY9JR3FF2,severe_stress,train
LY9JR3FF2_2392-3942-2904-4454.jpg,LY9JR3FF2,severe_stress,train
LY9JR3FF2_2392-870-2904-1382.jpg,LY9JR3FF2,severe_stress,train
LY9JR3FF2_2397-4461-2909-4973.jpg,LY9JR3FF2,severe_stress,train
LY9JR3FF2_2397-4973-2909-5485.jpg,LY9JR3FF2,severe_stress,train
LY9JR3FF2_719-227-1231-739.jpg,LY9JR3FF2,healthy,train
LYEUYBXQE_243-340-755-852.jpg,LYEUYBXQE,healthy,train
LYEUYBXQE_4025-1212-4537-1724.jpg,LYEUYBXQE,moderate_stress,train
LYEUYBXQE_4025-700-4537-1212.jpg,LYEUYBXQE,moderate_stress,train
M1JPVKFZI_1192-4357-1704-4869.jpg,M1JPVKFZI,moderate_stress,train
M1JPVKFZI_1195-1368-1707-1880.jpg,M1JPVKFZI,moderate_stress,train
M1JPVKFZI_1195-856-1707-1368.jpg,M1JPVKFZI,moderate_stress,train
M1JPVKFZI_1236-2959-1748-3471.jpg,M1JPVKFZI,moderate_stress,train
M1JPVKFZI_1240-3707-1752-4219.jpg,M1JPVKFZI,moderate_stress,train
M1JPVKFZI_1260-2004-1772-2516.jpg,M1JPVKFZI,moderate_stress,train
M1JPVKFZI_1260-2516-1772-3028.jpg,M1JPVKFZI,moderate_stress,train
M1JPVKFZI_1268-4030-1780-4542.jpg,M1JPVKFZI,moderate_stress,train
M1JPVKFZI_1424-552-1936-1064.jpg,M1JPVKFZI,moderate_stress,train
M1JPVKFZI_1663-334-2175-846.jpg,M1JPVKFZI,moderate_stress,train
M1JPVKFZI_1931-584-2443-1096.jpg,M1JPVKFZI,moderate_stress,train
M1JPVKFZI_2380-3946-2892-4458.jpg,M1JPVKFZI,moderate_stress,train
M1JPVKFZI_2465-2474-2977-2986.jpg,M1JPVKFZI,moderate_stress,train
M1JPVKFZI_2912-1323-3424-1835.jpg,M1JPVKFZI,moderate_stress,train
M1JPVKFZI_2967-6294-3479-6806.jpg,M1JPVKFZI,moderate_stress,train
M1JPVKFZI_2969-5085-3481-5597.jpg,M1JPVKFZI,moderate_stress,train
M1JPVKFZI_3294-3722-3806-4234.jpg,M1JPVKFZI,moderate_stress,train
M1JPVKFZI_3994-4007-4506-4519.jpg,M1JPVKFZI,moderate_stress,train
M1JPVKFZI_479-1912-991-2424.jpg,M1JPVKFZI,moderate_stress,train
M1JPVKFZI_4917-3754-5429-4266.jpg,M1JPVKFZI,moderate_stress,train
M1JPVKFZI_688-3726-1200-4238.jpg,M1JPVKFZI,moderate_stress,train
M1JPVKFZI_806-708-1318-1220.jpg,M1JPVKFZI,moderate_stress,train
M33E8TEVQ_1200-5151-1712-5663.jpg,M33E8TEVQ,moderate_stress,train
M33E8TEVQ_1511-3170-2023-3682.jpg,M33E8TEVQ,moderate_stress,train
M33E8TEVQ_1511-3682-2023-4194.jpg,M33E8TEVQ,moderate_stress,train
M33E8TEVQ_1722-3030-2234-3542.jpg,M33E8TEVQ,moderate_stress,train
M33E8TEVQ_1752-526-2264-1038.jpg,M33E8TEVQ,moderate_stress,train
M33E8TEVQ_1831-1763-2343-2275.jpg,M33E8TEVQ,healthy,train
M33E8TEVQ_1837-4572-2349-5084.jpg,M33E8TEVQ,moderate_stress,train
M33E8TEVQ_1837-5084-2349-5596.jpg,M33E8TEVQ,moderate_stress,train
M33E8TEVQ_1950-3137-2462-3649.jpg,M33E8TEVQ,moderate_stress,train
M33E8TEVQ_1984-3884-2496-4396.jpg,M33E8TEVQ,moderate_stress,train
M33E8TEVQ_2211-4074-2723-4586.jpg,M33E8TEVQ,moderate_stress,train
M33E8TEVQ_2211-4586-2723-5098.jpg,M33E8TEVQ,moderate_stress,train
M33E8TEVQ_2383-623-2895-1135.jpg,M33E8TEVQ,moderate_stress,train
M33E8TEVQ_2564-1965-3076-2477.jpg,M33E8TEVQ,moderate_stress,train
M33E8TEVQ_2816-4105-3328-4617.jpg,M33E8TEVQ,moderate_stress,train
M33E8TEVQ_2816-4617-3328-5129.jpg,M33E8TEVQ,moderate_stress,train
M33E8TEVQ_3123-4038-3635-4550.jpg,M33E8TEVQ,moderate_stress,train
M33E8TEVQ_3284-4560-3796-5072.jpg,M33E8TEVQ,moderate_stress,train
M33E8TEVQ_356-3524-868-4036.jpg,M33E8TEVQ,moderate_stress,train
M33E8TEVQ_356-4036-868-4548.jpg,M33E8TEVQ,moderate_stress,train
M33E8TEVQ_356-4548-868-5060.jpg,M33E8TEVQ,healthy,train
M33E8TEVQ_3866-3951-4378-4463.jpg,M33E8TEVQ,moderate_stress,train
M33E8TEVQ_3926-5016-4438-5528.jpg,M33E8TEVQ,moderate_stress,train
M33E8TEVQ_4388-4390-4900-4902.jpg,M33E8TEVQ,moderate_stress,train
M33E8TEVQ_4553-5064-5065-5576.jpg,M33E8TEVQ,moderate_stress,train
M33E8TEVQ_4610-3839-5122-4351.jpg,M33E8TEVQ,moderate_stress,train
M33E8TEVQ_4802-1674-5314-2186.jpg,M33E8TEVQ,moderate_stress,train
M33E8TEVQ_868-3012-1380-3524.jpg,M33E8TEVQ,moderate_stress,train
M33E8TEVQ_868-3524-1380-4036.jpg,M33E8TEVQ,moderate_stress,train
M33E8TEVQ_868-4036-1380-4548.jpg,M33E8TEVQ,moderate_stress,train
M33E8TEVQ_868-4548-1380-5060.jpg,M33E8TEVQ,moderate_stress,train
MFWTJZYPC_1002-698-1514-1210.jpg,MFWTJZYPC,moderate_stress,train
MFWTJZYPC_1216-2473-1728-2985.jpg,MFWTJZYPC,moderate_stress,train
MFWTJZYPC_1364-2727-1876-3239.jpg,MFWTJZYPC,moderate_stress,train
MFWTJZYPC_1738-2661-2250-3173.jpg,MFWTJZYPC,moderate_stress,train
MFWTJZYPC_1824-1752-2336-2264.jpg,MFWTJZYPC,moderate_stress,train
MFWTJZYPC_1909-2305-2421-2817.jpg,MFWTJZYPC,moderate_stress,train
MFWTJZYPC_1976-940-2488-1452.jpg,MFWTJZYPC,moderate_stress,train
MFWTJZYPC_2013-356-2525-868.jpg,MFWTJZYPC,moderate_stress,train
MFWTJZYPC_2205-1992-2717-2504.jpg,MFWTJZYPC,moderate_stress,train
MFWTJZYPC_2533-2596-3045-3108.jpg,MFWTJZYPC,moderate_stress,train
MFWTJZYPC_2894-2676-3406-3188.jpg,MFWTJZYPC,moderate_stress,train
MFWTJZYPC_2913-1103-3425-1615.jpg,MFWTJZYPC,moderate_stress,train
MFWTJZYPC_3985-2545-4497-3057.jpg,MFWTJZYPC,healthy,train
MFWTJZYPC_4634-1594-5146-2106.jpg,MFWTJZYPC,moderate_stress,train
MFWTJZYPC_4698-2021-5210-2533.jpg,MFWTJZYPC,moderate_stress,train
MFWTJZYPC_490-698-1002-1210.jpg,MFWTJZYPC,moderate_stress,train
MFWTJZYPC_497-1710-1009-2222.jpg,MFWTJZYPC,moderate_stress,train
MFWTJZYPC_620-394-1132-906.jpg,MFWTJZYPC,moderate_stress,train
MFWTJZYPC_691-1497-1203-2009.jpg,MFWTJZYPC,moderate_stress,train
MFWTJZYPC_720-891-1232-1403.jpg,MFWTJZYPC,moderate_stress,train
MIB4PPQ9X_1269-5200-1781-5712.jpg,MIB4PPQ9X,moderate_stress,train
MIB4PPQ9X_1726-5222-2238-5734.jpg,MIB4PPQ9X,moderate_stress,train
MIB4PPQ9X_2175-5209-2687-5721.jpg,MIB4PPQ9X,moderate_stress,train
MIB4PPQ9X_2398-2311-2910-2823.jpg,MIB4PPQ9X,healthy,train
MIB4PPQ9X_2570-2103-3082-2615.jpg,MIB4PPQ9X,healthy,train
MIB4PPQ9X_3143-3852-3655-4364.jpg,MIB4PPQ9X,healthy,train
MIB4PPQ9X_3197-2293-3709-2805.jpg,MIB4PPQ9X,healthy,train
MIB4PPQ9X_526-5184-1038-5696.jpg,MIB4PPQ9X,moderate_stress,train
MIB4PPQ9X_819-5194-1331-5706.jpg,MIB4PPQ9X,moderate_stress,train
MITBREV1Z_3854-7293-4366-7805.jpg,MITBREV1Z,healthy,train
MITBREV1Z_4041-6808-4553-7320.jpg,MITBREV1Z,moderate_stress,train
MITBREV1Z_4283-7005-4795-7517.jpg,MITBREV1Z,moderate_stress,train
MITBREV1Z_5861-4151-6373-4663.jpg,MITBREV1Z,moderate_stress,train
MITBREV1Z_6234-4979-6746-5491.jpg,MITBREV1Z,moderate_stress,train
MKJI2MEKH_195-333-707-845.jpg,MKJI2MEKH,moderate_stress,train
MLLVW9KWL_1146-2324-1658-2836.jpg,MLLVW9KWL,severe_stress,train
MLLVW9KWL_1146-3348-1658-3860.jpg,MLLVW9KWL,severe_stress,train
MLLVW9KWL_1394-1127-1906-1639.jpg,MLLVW9KWL,healthy,train
MLLVW9KWL_1394-2151-1906-2663.jpg,MLLVW9KWL,severe_stress,train
MLLVW9KWL_1394-2663-1906-3175.jpg,MLLVW9KWL,severe_stress,train
MLLVW9KWL_1658-2324-2170-2836.jpg,MLLVW9KWL,severe_stress,train
MLLVW9KWL_1658-2836-2170-3348.jpg,MLLVW9KWL,severe_stress,train
MLLVW9KWL_1658-3348-2170-3860.jpg,MLLVW9KWL,severe_stress,train
MLLVW9KWL_1906-1127-2418-1639.jpg,MLLVW9KWL,severe_stress,train
MLLVW9KWL_1906-2151-2418-2663.jpg,MLLVW9KWL,severe_stress,train
MLLVW9KWL_1906-2663-2418-3175.jpg,MLLVW9KWL,severe_stress,train
MLLVW9KWL_1906-615-2418-1127.jpg,MLLVW9KWL,healthy,train
MLLVW9KWL_2418-1127-2930-1639.jpg,MLLVW9KWL,severe_stress,train
MLLVW9KWL_2418-1639-2930-2151.jpg,MLLVW9KWL,severe_stress,train
MLLVW9KWL_2418-2151-2930-2663.jpg,MLLVW9KWL,severe_stress,train
MLLVW9KWL_2418-2663-2930-3175.jpg,MLLVW9KWL,severe_stress,train
MLLVW9KWL_2418-615-2930-1127.jpg,MLLVW9KWL,severe_stress,train
MLLVW9KWL_634-2324-1146-2836.jpg,MLLVW9KWL,severe_stress,train
MLLVW9KWL_634-2836-1146-3348.jpg,MLLVW9KWL,severe_stress,train
MLLVW9KWL_882-1127-1394-1639.jpg,MLLVW9KWL,severe_stress,train
MLLVW9KWL_882-1639-1394-2151.jpg,MLLVW9KWL,severe_stress,train
MLLVW9KWL_882-2151-1394-2663.jpg,MLLVW9KWL,severe_stress,train
MLLVW9KWL_882-2663-1394-3175.jpg,MLLVW9KWL,severe_stress,train
MQK3YM8TI_5454-4863-5966-5375.jpg,MQK3YM8TI,healthy,train
MQK3YM8TI_5758-1355-6270-1867.jpg,MQK3YM8TI,healthy,train
MQK3YM8TI_646-557-1158-1069.jpg,MQK3YM8TI,moderate_stress,train
MQK3YM8TI_7730-433-8242-945.jpg,MQK3YM8TI,healthy,train
MQK3YM8TI_7763-5035-8275-5547.jpg,MQK3YM8TI,healthy,train
MQK3YM8TI_8398-4364-8910-4876.jpg,MQK3YM8TI,healthy,train
MQK3YM8TI_975-414-1487-926.jpg,MQK3YM8TI,healthy,train
MR1GMMGEC_3355-1421-3867-1933.jpg,MR1GMMGEC,severe_stress,train
MR1GMMGEC_3355-909-3867-1421.jpg,MR1GMMGEC,severe_stress,train
MR8TGLJW6_1007-1304-1519-1816.jpg,MR8TGLJW6,healthy,train
MR8TGLJW6_1053-1616-1565-2128.jpg,MR8TGLJW6,severe_stress,train
MR8TGLJW6_1372-1128-1884-1640.jpg,MR8TGLJW6,severe_stress,train
MR8TGLJW6_1505-1382-2017-1894.jpg,MR8TGLJW6,severe_stress,train
MR8TGLJW6_1646-1669-2158-2181.jpg,MR8TGLJW6,severe_stress,train
MR8TGLJW6_1968-4731-2480-5243.jpg,MR8TGLJW6,severe_stress,train
MR8TGLJW6_2017-1382-2529-1894.jpg,MR8TGLJW6,severe_stress,train
MR8TGLJW6_2286-4434-2798-4946.jpg,MR8TGLJW6,severe_stress,train
MR8TGLJW6_3426-436-3938-948.jpg,MR8TGLJW6,severe_stress,train
MR8TGLJW6_3938-436-4450-948.jpg,MR8TGLJW6,severe_stress,train
MR8TGLJW6_4450-436-4962-948.jpg,MR8TGLJW6,severe_stress,train
MR8TGLJW6_4962-436-5474-948.jpg,MR8TGLJW6,severe_stress,train
MR8TGLJW6_5720-322-6232-834.jpg,MR8TGLJW6,severe_stress,train
MWXXFQXP3_3565-3701-4077-4213.jpg,MWXXFQXP3,severe_stress,train
MWZ166A99_2481-632-2993-1144.jpg,MWZ166A99,moderate_stress,train
MWZ166A99_2730-445-3242-957.jpg,MWZ166A99,moderate_stress,train
MWZ166A99_5125-11975-5637-12487.jpg,MWZ166A99,moderate_stress,train
MWZ166A99_6395-1808-6907-2320.jpg,MWZ166A99,moderate_stress,train
MYJE6E87W_2812-4799-3324-5311.jpg,MYJE6E87W,healthy,train
MYJE6E87W_290-2450-802-2962.jpg,MYJE6E87W,healthy,train
MYJE6E87W_3075-1229-3587-1741.jpg,MYJE6E87W,healthy,train
MYJE6E87W_4603-1155-5115-1667.jpg,MYJE6E87W,moderate_stress,train
MYJE6E87W_5568-2299-6080-2811.jpg,MYJE6E87W,moderate_stress,train
MYJE6E87W_6575-2428-7087-2940.jpg,MYJE6E87W,moderate_stress,train
MYJE6E87W_6947-5259-7459-5771.jpg,MYJE6E87W,healthy,train
N3TJ47IKB_8991-816-9503-1328.jpg,N3TJ47IKB,healthy,train
NAVZYFKA8_1112-10552-1624-11064.jpg,NAVZYFKA8,moderate_stress,train
NAVZYFKA8_2973-12861-3485-13373.jpg,NAVZYFKA8,healthy,train
NAVZYFKA8_3133-12646-3645-13158.jpg,NAVZYFKA8,healthy,train
NAVZYFKA8_3153-8604-3665-9116.jpg,NAVZYFKA8,moderate_stress,train
NAVZYFKA8_3608-8631-4120-9143.jpg,NAVZYFKA8,healthy,train
NAVZYFKA8_4077-8675-4589-9187.jpg,NAVZYFKA8,moderate_stress,train
NAVZYFKA8_5106-394-5618-906.jpg,NAVZYFKA8,healthy,train
NAVZYFKA8_6229-8639-6741-9151.jpg,NAVZYFKA8,healthy,train
NAVZYFKA8_6868-8559-7380-9071.jpg,NAVZYFKA8,healthy,train
NAVZYFKA8_8264-8459-8776-8971.jpg,NAVZYFKA8,healthy,train
NAVZYFKA8_8566-8481-9078-8993.jpg,NAVZYFKA8,moderate_stress,train
NB2A1XV4C_1521-1729-2033-2241.jpg,NB2A1XV4C,moderate_stress,train
NB2A1XV4C_1758-1026-2270-1538.jpg,NB2A1XV4C,moderate_stress,train
NB2A1XV4C_1758-1538-2270-2050.jpg,NB2A1XV4C,moderate_stress,train
NB2A1XV4C_2192-907-2704-1419.jpg,NB2A1XV4C,moderate_stress,train
NB2A1XV4C_2846-1251-3358-1763.jpg,NB2A1XV4C,moderate_stress,train
NB2A1XV4C_2846-739-3358-1251.jpg,NB2A1XV4C,moderate_stress,train
NB2A1XV4C_3358-1251-3870-1763.jpg,NB2A1XV4C,moderate_stress,train
NB2A1XV4C_3358-739-3870-1251.jpg,NB2A1XV4C,moderate_stress,train
NFYZZ2G6D_1037-653-1549-1165.jpg,NFYZZ2G6D,severe_stress,train
NFYZZ2G6D_1549-653-2061-1165.jpg,NFYZZ2G6D,severe_stress,train
NJ4DXDBER_3811-7083-4323-7595.jpg,NJ4DXDBER,healthy,train
NP3IFTC1Z_3420-4030-3932-4542.jpg,NP3IFTC1Z,moderate_stress,train
NP3IFTC1Z_3932-4030-4444-4542.jpg,NP3IFTC1Z,moderate_stress,train
NP3IFTC1Z_4510-3426-5022-3938.jpg,NP3IFTC1Z,moderate_stress,train
NP3IFTC1Z_4859-3541-5371-4053.jpg,NP3IFTC1Z,moderate_stress,train
NP3IFTC1Z_4873-7051-5385-7563.jpg,NP3IFTC1Z,moderate_stress,train
NP3IFTC1Z_5036-3069-5548-3581.jpg,NP3IFTC1Z,moderate_stress,train
NP3IFTC1Z_5169-5578-5681-6090.jpg,NP3IFTC1Z,moderate_stress,train
NP3IFTC1Z_5385-7051-5897-7563.jpg,NP3IFTC1Z,moderate_stress,train
NP3IFTC1Z_5897-6539-6409-7051.jpg,NP3IFTC1Z,moderate_stress,train
NP3IFTC1Z_5897-7051-6409-7563.jpg,NP3IFTC1Z,moderate_stress,train
NP3IFTC1Z_6409-6539-6921-7051.jpg,NP3IFTC1Z,moderate_stress,train
NP3IFTC1Z_6409-7051-6921-7563.jpg,NP3IFTC1Z,moderate_stress,train
NP3IFTC1Z_6921-6539-7433-7051.jpg,NP3IFTC1Z,moderate_stress,train
NUJAJT7CK_1107-3135-1619-3647.jpg,NUJAJT7CK,healthy,train
NUJAJT7CK_221-3176-733-3688.jpg,NUJAJT7CK,moderate_stress,train
NUJAJT7CK_247-290-759-802.jpg,NUJAJT7CK,moderate_stress,train
NUJAJT7CK_249-1143-761-1655.jpg,NUJAJT7CK,moderate_stress,train
NUJAJT7CK_886-381-1398-893.jpg,NUJAJT7CK,moderate_stress,train
NXGEYTEEL_159-344-671-856.jpg,NXGEYTEEL,healthy,train
NXGEYTEEL_426-386-938-898.jpg,NXGEYTEEL,healthy,train
NZ47T2L1J_1729-3368-2241-3880.jpg,NZ47T2L1J,healthy,train
NZ47T2L1J_2723-3788-3235-4300.jpg,NZ47T2L1J,severe_stress,train
NZ47T2L1J_2762-2916-3274-3428.jpg,NZ47T2L1J,severe_stress,train
NZ47T2L1J_4187-2929-4699-3441.jpg,NZ47T2L1J,severe_stress,train
NZ47T2L1J_4457-3048-4969-3560.jpg,NZ47T2L1J,severe_stress,train
NZ47T2L1J_4482-3997-4994-4509.jpg,NZ47T2L1J,healthy,train
NZ47T2L1J_581-5106-1093-5618.jpg,NZ47T2L1J,healthy,train
NZ47T2L1J_629-3599-1141-4111.jpg,NZ47T2L1J,severe_stress,train
NZ47T2L1J_756-3356-1268-3868.jpg,NZ47T2L1J,healthy,train
NZ47T2L1J_997-4917-1509-5429.jpg,NZ47T2L1J,healthy,train
P6KX3ML4M_1900-450-2412-962.jpg,P6KX3ML4M,moderate_stress,train
P6KX3ML4M_2242-3840-2754-4352.jpg,P6KX3ML4M,moderate_stress,train
P6KX3ML4M_2472-479-2984-991.jpg,P6KX3ML4M,moderate_stress,train
P6KX3ML4M_3026-3973-3538-4485.jpg,P6KX3ML4M,moderate_stress,train
P6KX3ML4M_4088-522-4600-1034.jpg,P6KX3ML4M,healthy,train
P6KX3ML4M_4111-4011-4623-4523.jpg,P6KX3ML4M,moderate_stress,train
P7MP7RP9A_3352-4614-3864-5126.jpg,P7MP7RP9A,moderate_stress,train
P91K2H3TL_1130-1676-1642-2188.jpg,P91K2H3TL,severe_stress,train
P91K2H3TL_2938-905-3450-1417.jpg,P91K2H3TL,severe_stress,train
P91K2H3TL_2961-2157-3473-2669.jpg,P91K2H3TL,severe_stress,train
P91K2H3TL_2961-2669-3473-3181.jpg,P91K2H3TL,severe_stress,train
P91K2H3TL_3263-2414-3775-2926.jpg,P91K2H3TL,severe_stress,train
P91K2H3TL_3473-2157-3985-2669.jpg,P91K2H3TL,severe_stress,train
P91K2H3TL_3473-2669-3985-3181.jpg,P91K2H3TL,severe_stress,train
P91K2H3TL_3565-1637-4077-2149.jpg,P91K2H3TL,severe_stress,train
P91K2H3TL_3651-1286-4163-1798.jpg,P91K2H3TL,severe_stress,train
P91K2H3TL_3651-774-4163-1286.jpg,P91K2H3TL,healthy,train
P91K2H3TL_3775-2414-4287-2926.jpg,P91K2H3TL,severe_stress,train
P91K2H3TL_4037-4686-4549-5198.jpg,P91K2H3TL,severe_stress,train
P91K2H3TL_4077-1637-4589-2149.jpg,P91K2H3TL,severe_stress,train
P91K2H3TL_4077-2149-4589-2661.jpg,P91K2H3TL,severe_stress,train
P91K2H3TL_4163-1286-4675-1798.jpg,P91K2H3TL,severe_stress,train
P91K2H3TL_4163-774-4675-1286.jpg,P91K2H3TL,severe_stress,train
P91K2H3TL_4451-471-4963-983.jpg,P91K2H3TL,severe_stress,train
P91K2H3TL_4549-4686-5061-5198.jpg,P91K2H3TL,severe_stress,train
P91K2H3TL_4589-1637-5101-2149.jpg,P91K2H3TL,severe_stress,train
P91K2H3TL_4813-3677-5325-4189.jpg,P91K2H3TL,severe_stress,train
P91K2H3TL_4982-3162-5494-3674.jpg,P91K2H3TL,severe_stress,train
P91K2H3TL_5084-4233-5596-4745.jpg,P91K2H3TL,severe_stress,train
P91K2H3TL_5084-4745-5596-5257.jpg,P91K2H3TL,severe_stress,train
P91K2H3TL_5101-1637-5613-2149.jpg,P91K2H3TL,severe_stress,train
P91K2H3TL_5101-2149-5613-2661.jpg,P91K2H3TL,severe_stress,train
P91K2H3TL_5366-3672-5878-4184.jpg,P91K2H3TL,healthy,train
P91K2H3TL_5433-901-5945-1413.jpg,P91K2H3TL,severe_stress,train
P91K2H3TL_5596-4233-6108-4745.jpg,P91K2H3TL,severe_stress,train
P91K2H3TL_5596-4745-6108-5257.jpg,P91K2H3TL,severe_stress,train
P91K2H3TL_5613-2149-6125-2661.jpg,P91K2H3TL,severe_stress,train
P91K2H3TL_5628-1217-6140-1729.jpg,P91K2H3TL,severe_stress,train
P91K2H3TL_618-1676-1130-2188.jpg,P91K2H3TL,severe_stress,train
PCJTZQ3IV_2194-4025-2706-4537.jpg,PCJTZQ3IV,moderate_stress,train
PCJTZQ3IV_4521-4366-5033-4878.jpg,PCJTZQ3IV,moderate_stress,train
PE8HTHJ6E_2425-3160-2937-3672.jpg,PE8HTHJ6E,healthy,train
PEH27QRCH_4618-1749-5130-2261.jpg,PEH27QRCH,moderate_stress,train
PEHYWGBRY_3056-4467-3568-4979.jpg,PEHYWGBRY,healthy,train
PEHYWGBRY_3551-4193-4063-4705.jpg,PEHYWGBRY,healthy,train
PEHYWGBRY_4301-5050-4813-5562.jpg,PEHYWGBRY,healthy,train
PEHYWGBRY_485-4442-997-4954.jpg,PEHYWGBRY,moderate_stress,train
PETGF32MY_1044-4457-1556-4969.jpg,PETGF32MY,moderate_stress,train
PETGF32MY_1210-5043-1722-5555.jpg,PETGF32MY,healthy,train
PETGF32MY_1566-5075-2078-5587.jpg,PETGF32MY,moderate_stress,train
PETGF32MY_1773-4628-2285-5140.jpg,PETGF32MY,moderate_stress,train
PETGF32MY_1888-3067-2400-3579.jpg,PETGF32MY,moderate_stress,train
PETGF32MY_2047-4909-2559-5421.jpg,PETGF32MY,moderate_stress,train
PETGF32MY_2184-3353-2696-3865.jpg,PETGF32MY,moderate_stress,train
PETGF32MY_2283-4676-2795-5188.jpg,PETGF32MY,moderate_stress,train
PETGF32MY_2448-3056-2960-3568.jpg,PETGF32MY,moderate_stress,train
PETGF32MY_2647-4783-3159-5295.jpg,PETGF32MY,healthy,train
PETGF32MY_2775-3055-3287-3567.jpg,PETGF32MY,healthy,train
PETGF32MY_3454-4797-3966-5309.jpg,PETGF32MY,moderate_stress,train
PETGF32MY_3460-3079-3972-3591.jpg,PETGF32MY,moderate_stress,train
PETGF32MY_3698-4240-4210-4752.jpg,PETGF32MY,healthy,train
PETGF32MY_3719-4549-4231-5061.jpg,PETGF32MY,moderate_stress,train
PETGF32MY_3750-3746-4262-4258.jpg,PETGF32MY,healthy,train
PETGF32MY_3957-5187-4469-5699.jpg,PETGF32MY,healthy,train
PETGF32MY_3999-4401-4511-4913.jpg,PETGF32MY,moderate_stress,train
PETGF32MY_4215-4002-4727-4514.jpg,PETGF32MY,moderate_stress,train
PETGF32MY_4233-3167-4745-3679.jpg,PETGF32MY,moderate_stress,train
PETGF32MY_4239-4297-4751-4809.jpg,PETGF32MY,moderate_stress,train
PETGF32MY_4424-3875-4936-4387.jpg,PETGF32MY,moderate_stress,train
PETGF32MY_464-4502-976-5014.jpg,PETGF32MY,moderate_stress,train
PETGF32MY_4687-3748-5199-4260.jpg,PETGF32MY,moderate_stress,train
PETGF32MY_4703-2728-5215-3240.jpg,PETGF32MY,moderate_stress,train
PETGF32MY_4731-1374-5243-1886.jpg,PETGF32MY,moderate_stress,train
PETGF32MY_4745-3167-5257-3679.jpg,PETGF32MY,moderate_stress,train
PETGF32MY_4774-437-5286-949.jpg,PETGF32MY,healthy,train
PETGF32MY_4812-887-5324-1399.jpg,PETGF32MY,moderate_stress,train
PETGF32MY_4832-1894-5344-2406.jpg,PETGF32MY,moderate_stress,train
PETGF32MY_4837-3453-5349-3965.jpg,PETGF32MY,moderate_stress,train
PETGF32MY_5050-3221-5562-3733.jpg,PETGF32MY,moderate_stress,train
PETGF32MY_5054-3918-5566-4430.jpg,PETGF32MY,healthy,train
PETGF32MY_5081-952-5593-1464.jpg,PETGF32MY,moderate_stress,train
PETGF32MY_5153-3443-5665-3955.jpg,PETGF32MY,moderate_stress,train
PETGF32MY_535-3583-1047-4095.jpg,PETGF32MY,moderate_stress,train
PETGF32MY_5386-3693-5898-4205.jpg,PETGF32MY,moderate_stress,train
PETGF32MY_5415-1556-5927-2068.jpg,PETGF32MY,healthy,train
PETGF32MY_5479-2701-5991-3213.jpg,PETGF32MY,moderate_stress,train
PETGF32MY_5534-1223-6046-1735.jpg,PETGF32MY,moderate_stress,train
PETGF32MY_5545-4979-6057-5491.jpg,PETGF32MY,moderate_stress,train
PETGF32MY_567-3001-1079-3513.jpg,PETGF32MY,moderate_stress,train
PETGF32MY_5770-3313-6282-3825.jpg,PETGF32MY,moderate_stress,train
PETGF32MY_5922-5145-6434-5657.jpg,PETGF32MY,moderate_stress,train
PETGF32MY_6029-2158-6541-2670.jpg,PETGF32MY,healthy,train
PETGF32MY_6061-3391-6573-3903.jpg,PETGF32MY,moderate_stress,train
PETGF32MY_6075-4785-6587-5297.jpg,PETGF32MY,moderate_stress,train
PETGF32MY_6138-2730-6650-3242.jpg,PETGF32MY,moderate_stress,train
PETGF32MY_628-4303-1140-4815.jpg,PETGF32MY,moderate_stress,train
PETGF32MY_6350-2912-6862-3424.jpg,PETGF32MY,moderate_stress,train
PETGF32MY_6424-3220-6936-3732.jpg,PETGF32MY,moderate_stress,train
PETGF32MY_6483-2138-6995-2650.jpg,PETGF32MY,moderate_stress,train
PETGF32MY_6496-4994-7008-5506.jpg,PETGF32MY,moderate_stress,train
PETGF32MY_6548-4049-7060-4561.jpg,PETGF32MY,moderate_stress,train
PETGF32MY_6690-2375-7202-2887.jpg,PETGF32MY,moderate_stress,train
PETGF32MY_6697-2665-7209-3177.jpg,PETGF32MY,moderate_stress,train
PETGF32MY_6720-3049-7232-3561.jpg,PETGF32MY,moderate_stress,train
PETGF32MY_6863-1545-7375-2057.jpg,PETGF32MY,moderate_stress,train
PETGF32MY_6933-2484-7445-2996.jpg,PETGF32MY,moderate_stress,train
PETGF32MY_6949-2864-7461-3376.jpg,PETGF32MY,moderate_stress,train
PETGF32MY_7099-1792-7611-2304.jpg,PETGF32MY,moderate_stress,train
PETGF32MY_7149-2333-7661-2845.jpg,PETGF32MY,moderate_stress,train
PETGF32MY_7272-2640-7784-3152.jpg,PETGF32MY,moderate_stress,train
PETGF32MY_7303-1022-7815-1534.jpg,PETGF32MY,moderate_stress,train
PETGF32MY_7383-4089-7895-4601.jpg,PETGF32MY,moderate_stress,train
PETGF32MY_7521-1486-8033-1998.jpg,PETGF32MY,healthy,train
PETGF32MY_7572-2677-8084-3189.jpg,PETGF32MY,moderate_stress,train
PETGF32MY_7627-4852-8139-5364.jpg,PETGF32MY,moderate_stress,train
PETGF32MY_7766-3283-8278-3795.jpg,PETGF32MY,healthy,train
PETGF32MY_7787-1568-8299-2080.jpg,PETGF32MY,moderate_stress,train
PETGF32MY_7851-2120-8363-2632.jpg,PETGF32MY,healthy,train
PETGF32MY_7855-585-8367-1097.jpg,PETGF32MY,healthy,train
PETGF32MY_808-4661-1320-5173.jpg,PETGF32MY,moderate_stress,train
PGJB3BMTF_1036-3567-1548-4079.jpg,PGJB3BMTF,severe_stress,train
PGJB3BMTF_1132-3244-1644-3756.jpg,PGJB3BMTF,severe_stress,train
PGJB3BMTF_1133-5188-1645-5700.jpg,PGJB3BMTF,severe_stress,train
PGJB3BMTF_1133-5700-1645-6212.jpg,PGJB3BMTF,severe_stress,train
PGJB3BMTF_1133-6212-1645-6724.jpg,PGJB3BMTF,severe_stress,train
PGJB3BMTF_1169-4048-1681-4560.jpg,PGJB3BMTF,severe_stress,train
PGJB3BMTF_1171-2193-1683-2705.jpg,PGJB3BMTF,severe_stress,train
PGJB3BMTF_1171-2705-1683-3217.jpg,PGJB3BMTF,severe_stress,train
PGJB3BMTF_1366-7109-1878-7621.jpg,PGJB3BMTF,severe_stress,train
PGJB3BMTF_1366-7621-1878-8133.jpg,PGJB3BMTF,severe_stress,train
PGJB3BMTF_1366-8133-1878-8645.jpg,PGJB3BMTF,severe_stress,train
PGJB3BMTF_1457-5391-1969-5903.jpg,PGJB3BMTF,severe_stress,train
PGJB3BMTF_1457-5903-1969-6415.jpg,PGJB3BMTF,severe_stress,train
PGJB3BMTF_1457-6415-1969-6927.jpg,PGJB3BMTF,severe_stress,train
PGJB3BMTF_1501-3083-2013-3595.jpg,PGJB3BMTF,severe_stress,train
PGJB3BMTF_1548-3567-2060-4079.jpg,PGJB3BMTF,severe_stress,train
PGJB3BMTF_1645-4676-2157-5188.jpg,PGJB3BMTF,severe_stress,train
PGJB3BMTF_1645-5188-2157-5700.jpg,PGJB3BMTF,severe_stress,train
PGJB3BMTF_1645-5700-2157-6212.jpg,PGJB3BMTF,severe_stress,train
PGJB3BMTF_1645-6212-2157-6724.jpg,PGJB3BMTF,severe_stress,train
PGJB3BMTF_1651-7188-2163-7700.jpg,PGJB3BMTF,severe_stress,train
PGJB3BMTF_1669-1860-2181-2372.jpg,PGJB3BMTF,severe_stress,train
PGJB3BMTF_1679-6869-2191-7381.jpg,PGJB3BMTF,severe_stress,train
PGJB3BMTF_1681-4048-2193-4560.jpg,PGJB3BMTF,severe_stress,train
PGJB3BMTF_1683-2193-2195-2705.jpg,PGJB3BMTF,severe_stress,train
PGJB3BMTF_1683-2705-2195-3217.jpg,PGJB3BMTF,severe_stress,train
PGJB3BMTF_1750-426-2262-938.jpg,PGJB3BMTF,severe_stress,train
PGJB3BMTF_1878-7621-2390-8133.jpg,PGJB3BMTF,severe_stress,train
PGJB3BMTF_1878-8133-2390-8645.jpg,PGJB3BMTF,severe_stress,train
PGJB3BMTF_1936-2932-2448-3444.jpg,PGJB3BMTF,severe_stress,train
PGJB3BMTF_1936-3444-2448-3956.jpg,PGJB3BMTF,severe_stress,train
PGJB3BMTF_1969-5391-2481-5903.jpg,PGJB3BMTF,severe_stress,train
PGJB3BMTF_1969-5903-2481-6415.jpg,PGJB3BMTF,severe_stress,train
PGJB3BMTF_2157-4676-2669-5188.jpg,PGJB3BMTF,severe_stress,train
PGJB3BMTF_2157-5188-2669-5700.jpg,PGJB3BMTF,severe_stress,train
PGJB3BMTF_2157-5700-2669-6212.jpg,PGJB3BMTF,severe_stress,train
PGJB3BMTF_2181-1860-2693-2372.jpg,PGJB3BMTF,severe_stress,train
PGJB3BMTF_2191-6357-2703-6869.jpg,PGJB3BMTF,severe_stress,train
PGJB3BMTF_2191-6869-2703-7381.jpg,PGJB3BMTF,severe_stress,train
PGJB3BMTF_2262-426-2774-938.jpg,PGJB3BMTF,severe_stress,train
PGJB3BMTF_2361-2415-2873-2927.jpg,PGJB3BMTF,severe_stress,train
PGJB3BMTF_2361-2927-2873-3439.jpg,PGJB3BMTF,severe_stress,train
PGJB3BMTF_2390-7109-2902-7621.jpg,PGJB3BMTF,healthy,train
PGJB3BMTF_2390-7621-2902-8133.jpg,PGJB3BMTF,severe_stress,train
PGJB3BMTF_2448-3444-2960-3956.jpg,PGJB3BMTF,severe_stress,train
PGJB3BMTF_2669-4676-3181-5188.jpg,PGJB3BMTF,severe_stress,train
PGJB3BMTF_2669-5188-3181-5700.jpg,PGJB3BMTF,severe_stress,train
PGJB3BMTF_2669-5700-3181-6212.jpg,PGJB3BMTF,severe_stress,train
PGJB3BMTF_2686-658-3198-1170.jpg,PGJB3BMTF,severe_stress,train
PGJB3BMTF_2700-1193-3212-1705.jpg,PGJB3BMTF,severe_stress,train
PGJB3BMTF_2703-6357-3215-6869.jpg,PGJB3BMTF,severe_stress,train
PGJB3BMTF_2703-6869-3215-7381.jpg,PGJB3BMTF,severe_stress,train
PGJB3BMTF_2748-2037-3260-2549.jpg,PGJB3BMTF,severe_stress,train
PGJB3BMTF_2960-2932-3472-3444.jpg,PGJB3BMTF,severe_stress,train
PGJB3BMTF_2960-3444-3472-3956.jpg,PGJB3BMTF,severe_stress,train
PGJB3BMTF_3136-6912-3648-7424.jpg,PGJB3BMTF,severe_stress,train
PGJB3BMTF_3181-4676-3693-5188.jpg,PGJB3BMTF,severe_stress,train
PGJB3BMTF_3181-5188-3693-5700.jpg,PGJB3BMTF,severe_stress,train
PGJB3BMTF_3181-5700-3693-6212.jpg,PGJB3BMTF,severe_stress,train
PGJB3BMTF_3198-658-3710-1170.jpg,PGJB3BMTF,severe_stress,train
PGJB3BMTF_3215-6357-3727-6869.jpg,PGJB3BMTF,severe_stress,train
PGJB3BMTF_3260-2037-3772-2549.jpg,PGJB3BMTF,severe_stress,train
PGJB3BMTF_3385-2927-3897-3439.jpg,PGJB3BMTF,severe_stress,train
PGJB3BMTF_3400-6007-3912-6519.jpg,PGJB3BMTF,severe_stress,train
PGJB3BMTF_3437-3900-3949-4412.jpg,PGJB3BMTF,severe_stress,train
PGJB3BMTF_3658-1316-4170-1828.jpg,PGJB3BMTF,severe_stress,train
PGJB3BMTF_3658-1828-4170-2340.jpg,PGJB3BMTF,severe_stress,train
PGJB3BMTF_3663-5808-4175-6320.jpg,PGJB3BMTF,severe_stress,train
PGJB3BMTF_3693-4676-4205-5188.jpg,PGJB3BMTF,severe_stress,train
PGJB3BMTF_3693-5188-4205-5700.jpg,PGJB3BMTF,severe_stress,train
PGJB3BMTF_3693-6212-4205-6724.jpg,PGJB3BMTF,severe_stress,train
PGJB3BMTF_3752-3718-4264-4230.jpg,PGJB3BMTF,severe_stress,train
PGJB3BMTF_3862-4030-4374-4542.jpg,PGJB3BMTF,severe_stress,train
PGJB3BMTF_3984-2932-4496-3444.jpg,PGJB3BMTF,severe_stress,train
PGJB3BMTF_3984-3534-4496-4046.jpg,PGJB3BMTF,severe_stress,train
PGJB3BMTF_4010-4546-4522-5058.jpg,PGJB3BMTF,severe_stress,train
PGJB3BMTF_4108-3825-4620-4337.jpg,PGJB3BMTF,severe_stress,train
PGJB3BMTF_4170-1828-4682-2340.jpg,PGJB3BMTF,severe_stress,train
PGJB3BMTF_4170-2340-4682-2852.jpg,PGJB3BMTF,severe_stress,train
PGJB3BMTF_4175-5808-4687-6320.jpg,PGJB3BMTF,severe_stress,train
PGJB3BMTF_4205-5188-4717-5700.jpg,PGJB3BMTF,severe_stress,train
PGJB3BMTF_4205-6212-4717-6724.jpg,PGJB3BMTF,severe_stress,train
PGJB3BMTF_4374-4030-4886-4542.jpg,PGJB3BMTF,severe_stress,train
PGJB3BMTF_4496-3022-5008-3534.jpg,PGJB3BMTF,severe_stress,train
PGJB3BMTF_4496-3534-5008-4046.jpg,PGJB3BMTF,severe_stress,train
PGJB3BMTF_4620-3825-5132-4337.jpg,PGJB3BMTF,severe_stress,train
PGJB3BMTF_4649-6615-5161-7127.jpg,PGJB3BMTF,healthy,train
PGJB3BMTF_4681-5972-5193-6484.jpg,PGJB3BMTF,severe_stress,train
PGJB3BMTF_4717-5188-5229-5700.jpg,PGJB3BMTF,severe_stress,train
PGJB3BMTF_4717-5700-5229-6212.jpg,PGJB3BMTF,severe_stress,train
PGJB3BMTF_4813-4530-5325-5042.jpg,PGJB3BMTF,severe_stress,train
PGJB3BMTF_4886-4030-5398-4542.jpg,PGJB3BMTF,severe_stress,train
PGJB3BMTF_4897-3417-5409-3929.jpg,PGJB3BMTF,severe_stress,train
PGJB3BMTF_5161-6615-5673-7127.jpg,PGJB3BMTF,severe_stress,train
PGJB3BMTF_5161-7127-5673-7639.jpg,PGJB3BMTF,severe_stress,train
PGJB3BMTF_5193-5972-5705-6484.jpg,PGJB3BMTF,severe_stress,train
PGJB3BMTF_5321-4811-5833-5323.jpg,PGJB3BMTF,severe_stress,train
PGJB3BMTF_5321-5323-5833-5835.jpg,PGJB3BMTF,severe_stress,train
PGJB3BMTF_5336-4454-5848-4966.jpg,PGJB3BMTF,severe_stress,train
PGJB3BMTF_5500-5640-6012-6152.jpg,PGJB3BMTF,severe_stress,train
PGJB3BMTF_5581-5931-6093-6443.jpg,PGJB3BMTF,severe_stress,train
PGJB3BMTF_5673-7127-6185-7639.jpg,PGJB3BMTF,severe_stress,train
PGJB3BMTF_5693-6151-6205-6663.jpg,PGJB3BMTF,severe_stress,train
PGJB3BMTF_763-2673-1275-3185.jpg,PGJB3BMTF,severe_stress,train
PGJB3BMTF_791-3437-1303-3949.jpg,PGJB3BMTF,severe_stress,train
PGJB3BMTF_793-5113-1305-5625.jpg,PGJB3BMTF,severe_stress,train
PGJB3BMTF_793-5625-1305-6137.jpg,PGJB3BMTF,severe_stress,train
PGJB3BMTF_793-6137-1305-6649.jpg,PGJB3BMTF,severe_stress,train
PGJB3BMTF_837-1389-1349-1901.jpg,PGJB3BMTF,severe_stress,train
PGJB3BMTF_837-1901-1349-2413.jpg,PGJB3BMTF,severe_stress,train
PGJB3BMTF_837-2413-1349-2925.jpg,PGJB3BMTF,severe_stress,train
PGJB3BMTF_854-7109-1366-7621.jpg,PGJB3BMTF,severe_stress,train
PGJB3BMTF_854-7621-1366-8133.jpg,PGJB3BMTF,severe_stress,train
PGJB3BMTF_854-8133-1366-8645.jpg,PGJB3BMTF,severe_stress,train
PGJB3BMTF_925-4189-1437-4701.jpg,PGJB3BMTF,severe_stress,train
PGJB3BMTF_930-1073-1442-1585.jpg,PGJB3BMTF,healthy,train
PGJB3BMTF_940-4545-1452-5057.jpg,PGJB3BMTF,severe_stress,train
PGJB3BMTF_944-4912-1456-5424.jpg,PGJB3BMTF,severe_stress,train
PGJB3BMTF_944-5424-1456-5936.jpg,PGJB3BMTF,severe_stress,train
PGJB3BMTF_973-6457-1485-6969.jpg,PGJB3BMTF,severe_stress,train
PHUYIERI8_406-5391-918-5903.jpg,PHUYIERI8,healthy,train
PIW6V6RA9_1400-6640-1912-7152.jpg,PIW6V6RA9,healthy,train
PIW6V6RA9_1536-7048-2048-7560.jpg,PIW6V6RA9,severe_stress,train
PIW6V6RA9_2106-7810-2618-8322.jpg,PIW6V6RA9,healthy,train
PIW6V6RA9_3281-5028-3793-5540.jpg,PIW6V6RA9,severe_stress,train
PIW6V6RA9_3500-7941-4012-8453.jpg,PIW6V6RA9,severe_stress,train
PIW6V6RA9_4245-699-4757-1211.jpg,PIW6V6RA9,severe_stress,train
PIW6V6RA9_4249-1099-4761-1611.jpg,PIW6V6RA9,severe_stress,train
PIW6V6RA9_4319-7941-4831-8453.jpg,PIW6V6RA9,severe_stress,train
PIW6V6RA9_4438-363-4950-875.jpg,PIW6V6RA9,severe_stress,train
PIW6V6RA9_4722-292-5234-804.jpg,PIW6V6RA9,severe_stress,train
PIW6V6RA9_4831-7941-5343-8453.jpg,PIW6V6RA9,severe_stress,train
PIW6V6RA9_876-5783-1388-6295.jpg,PIW6V6RA9,healthy,train
PKKKYAVMB_1177-587-1689-1099.jpg,PKKKYAVMB,severe_stress,train
PKKKYAVMB_1423-796-1935-1308.jpg,PKKKYAVMB,severe_stress,train
PKKKYAVMB_1935-796-2447-1308.jpg,PKKKYAVMB,severe_stress,train
PKKKYAVMB_1998-2846-2510-3358.jpg,PKKKYAVMB,severe_stress,train
PKKKYAVMB_1998-3358-2510-3870.jpg,PKKKYAVMB,severe_stress,train
PKKKYAVMB_1998-3870-2510-4382.jpg,PKKKYAVMB,severe_stress,train
PKKKYAVMB_228-3201-740-3713.jpg,PKKKYAVMB,severe_stress,train
PKKKYAVMB_2447-1308-2959-1820.jpg,PKKKYAVMB,healthy,train
PKKKYAVMB_2447-796-2959-1308.jpg,PKKKYAVMB,healthy,train
PKKKYAVMB_2490-4207-3002-4719.jpg,PKKKYAVMB,severe_stress,train
PKKKYAVMB_2490-4719-3002-5231.jpg,PKKKYAVMB,severe_stress,train
PKKKYAVMB_2766-1124-3278-1636.jpg,PKKKYAVMB,severe_stress,train
PKKKYAVMB_2959-1308-3471-1820.jpg,PKKKYAVMB,severe_stress,train
PKKKYAVMB_2959-2332-3471-2844.jpg,PKKKYAVMB,severe_stress,train
PKKKYAVMB_3000-1668-3512-2180.jpg,PKKKYAVMB,severe_stress,train
PKKKYAVMB_3000-2692-3512-3204.jpg,PKKKYAVMB,severe_stress,train
PKKKYAVMB_3278-1124-3790-1636.jpg,PKKKYAVMB,healthy,train
PKKKYAVMB_3278-1636-3790-2148.jpg,PKKKYAVMB,severe_stress,train
PKKKYAVMB_3308-3158-3820-3670.jpg,PKKKYAVMB,severe_stress,train
PKKKYAVMB_3308-3670-3820-4182.jpg,PKKKYAVMB,severe_stress,train
PKKKYAVMB_3308-4182-3820-4694.jpg,PKKKYAVMB,severe_stress,train
PKKKYAVMB_3308-4694-3820-5206.jpg,PKKKYAVMB,severe_stress,train
PKKKYAVMB_3361-2705-3873-3217.jpg,PKKKYAVMB,severe_stress,train
PKKKYAVMB_372-2799-884-3311.jpg,PKKKYAVMB,healthy,train
PKKKYAVMB_3820-3158-4332-3670.jpg,PKKKYAVMB,severe_stress,train
PKKKYAVMB_3820-3670-4332-4182.jpg,PKKKYAVMB,severe_stress,train
PKKKYAVMB_3820-4182-4332-4694.jpg,PKKKYAVMB,severe_stress,train
PKKKYAVMB_3873-821-4385-1333.jpg,PKKKYAVMB,severe_stress,train
PKKKYAVMB_388-313-900-825.jpg,PKKKYAVMB,healthy,train
PKKKYAVMB_3959-4680-4471-5192.jpg,PKKKYAVMB,severe_stress,train
PKKKYAVMB_4270-1438-4782-1950.jpg,PKKKYAVMB,healthy,train
PKKKYAVMB_4270-1950-4782-2462.jpg,PKKKYAVMB,healthy,train
PKKKYAVMB_4699-2493-5211-3005.jpg,PKKKYAVMB,severe_stress,train
PKKKYAVMB_4699-3005-5211-3517.jpg,PKKKYAVMB,severe_stress,train
PKKKYAVMB_4699-3517-5211-4029.jpg,PKKKYAVMB,severe_stress,train
PKKKYAVMB_4699-4029-5211-4541.jpg,PKKKYAVMB,severe_stress,train
PKKKYAVMB_4699-4541-5211-5053.jpg,PKKKYAVMB,severe_stress,train
PKKKYAVMB_5211-2493-5723-3005.jpg,PKKKYAVMB,severe_stress,train
PKKKYAVMB_5211-3005-5723-3517.jpg,PKKKYAVMB,severe_stress,train
PKKKYAVMB_5211-3517-5723-4029.jpg,PKKKYAVMB,severe_stress,train
PKKKYAVMB_5211-4029-5723-4541.jpg,PKKKYAVMB,severe_stress,train
PKKKYAVMB_5211-4541-5723-5053.jpg,PKKKYAVMB,severe_stress,train
PKKKYAVMB_911-796-1423-1308.jpg,PKKKYAVMB,severe_stress,train
PKKN799QJ_1035-2222-1547-2734.jpg,PKKN799QJ,healthy,train
PKKN799QJ_2111-2484-2623-2996.jpg,PKKN799QJ,healthy,train
PKKN799QJ_3187-3347-3699-3859.jpg,PKKN799QJ,healthy,train
PKUG6PK6K_1020-509-1532-1021.jpg,PKUG6PK6K,moderate_stress,train
PKUG6PK6K_1040-2452-1552-2964.jpg,PKUG6PK6K,moderate_stress,train
PKUG6PK6K_1122-3111-1634-3623.jpg,PKUG6PK6K,moderate_stress,train
PKUG6PK6K_1229-2308-1741-2820.jpg,PKUG6PK6K,moderate_stress,train
PKUG6PK6K_1391-2855-1903-3367.jpg,PKUG6PK6K,moderate_stress,train
PKUG6PK6K_1399-5140-1911-5652.jpg,PKUG6PK6K,moderate_stress,train
PKUG6PK6K_1532-509-2044-1021.jpg,PKUG6PK6K,moderate_stress,train
PKUG6PK6K_375-5140-887-5652.jpg,PKUG6PK6K,moderate_stress,train
PKUG6PK6K_385-298-897-810.jpg,PKUG6PK6K,moderate_stress,train
PKUG6PK6K_422-2993-934-3505.jpg,PKUG6PK6K,moderate_stress,train
PKUG6PK6K_459-3380-971-3892.jpg,PKUG6PK6K,moderate_stress,train
PKUG6PK6K_606-496-1118-1008.jpg,PKUG6PK6K,moderate_stress,train
PKUG6PK6K_741-2765-1253-3277.jpg,PKUG6PK6K,moderate_stress,train
PKUG6PK6K_887-5140-1399-5652.jpg,PKUG6PK6K,moderate_stress,train
PKUG6PK6K_971-3380-1483-3892.jpg,PKUG6PK6K,moderate_stress,train
PLB8Q76YX_1037-2644-1549-3156.jpg,PLB8Q76YX,severe_stress,train
PLB8Q76YX_1282-2952-1794-3464.jpg,PLB8Q76YX,severe_stress,train
PLB8Q76YX_670-2554-1182-3066.jpg,PLB8Q76YX,severe_stress,train
PNV1R6NIW_1265-2280-1777-2792.jpg,PNV1R6NIW,healthy,train
PP1772E6I_1218-7360-1730-7872.jpg,PP1772E6I,severe_stress,train
PP1772E6I_173-837-685-1349.jpg,PP1772E6I,severe_stress,train
PP1772E6I_183-2995-695-3507.jpg,PP1772E6I,severe_stress,train
PP1772E6I_194-6336-706-6848.jpg,PP1772E6I,severe_stress,train
PP1772E6I_194-6848-706-7360.jpg,PP1772E6I,healthy,train
PP1772E6I_2226-1593-2738-2105.jpg,PP1772E6I,severe_stress,train
PP1772E6I_666-3563-1178-4075.jpg,PP1772E6I,healthy,train
PP1772E6I_706-6848-1218-7360.jpg,PP1772E6I,severe_stress,train
PP1772E6I_706-7360-1218-7872.jpg,PP1772E6I,healthy,train
PQTJHLJDM_316-635-828-1147.jpg,PQTJHLJDM,healthy,train
PRDMZBXCT_1678-2733-2190-3245.jpg,PRDMZBXCT,moderate_stress,train
PRDMZBXCT_1964-2625-2476-3137.jpg,PRDMZBXCT,moderate_stress,train
PRDMZBXCT_2190-2733-2702-3245.jpg,PRDMZBXCT,moderate_stress,train
PRDMZBXCT_253-2710-765-3222.jpg,PRDMZBXCT,moderate_stress,train
PRDMZBXCT_262-324-774-836.jpg,PRDMZBXCT,moderate_stress,train
PRDMZBXCT_2754-408-3266-920.jpg,PRDMZBXCT,moderate_stress,train
PRDMZBXCT_360-1162-872-1674.jpg,PRDMZBXCT,moderate_stress,train
PRDMZBXCT_360-1674-872-2186.jpg,PRDMZBXCT,moderate_stress,train
PRDMZBXCT_360-650-872-1162.jpg,PRDMZBXCT,moderate_stress,train
PRDMZBXCT_4944-2430-5456-2942.jpg,PRDMZBXCT,moderate_stress,train
PRDMZBXCT_4962-1962-5474-2474.jpg,PRDMZBXCT,moderate_stress,train
PRDMZBXCT_4981-1387-5493-1899.jpg,PRDMZBXCT,moderate_stress,train
PRDMZBXCT_4994-1046-5506-1558.jpg,PRDMZBXCT,moderate_stress,train
PRDMZBXCT_5007-759-5519-1271.jpg,PRDMZBXCT,moderate_stress,train
PRDMZBXCT_5083-2879-5595-3391.jpg,PRDMZBXCT,moderate_stress,train
PRGNELPEZ_1138-1681-1650-2193.jpg,PRGNELPEZ,moderate_stress,train
PRGNELPEZ_184-1619-696-2131.jpg,PRGNELPEZ,healthy,train
PRGNELPEZ_200-1153-712-1665.jpg,PRGNELPEZ,healthy,train
PRGNELPEZ_239-5313-751-5825.jpg,PRGNELPEZ,healthy,train
PRGNELPEZ_241-6386-753-6898.jpg,PRGNELPEZ,healthy,train
PRGNELPEZ_248-4386-760-4898.jpg,PRGNELPEZ,moderate_stress,train
PRGNELPEZ_3107-6403-3619-6915.jpg,PRGNELPEZ,moderate_stress,train
PRGNELPEZ_3107-6915-3619-7427.jpg,PRGNELPEZ,moderate_stress,train
PRGNELPEZ_3619-6403-4131-6915.jpg,PRGNELPEZ,moderate_stress,train
PRGNELPEZ_3619-6915-4131-7427.jpg,PRGNELPEZ,moderate_stress,train
PRGNELPEZ_465-3820-977-4332.jpg,PRGNELPEZ,moderate_stress,train
PRGNELPEZ_4960-2794-5472-3306.jpg,PRGNELPEZ,moderate_stress,train
PRGNELPEZ_5238-5393-5750-5905.jpg,PRGNELPEZ,moderate_stress,train
PRGNELPEZ_5349-10119-5861-10631.jpg,PRGNELPEZ,healthy,train
PRGNELPEZ_5711-6690-6223-7202.jpg,PRGNELPEZ,moderate_stress,train
PRGNELPEZ_5721-10096-6233-10608.jpg,PRGNELPEZ,healthy,train
PRGNELPEZ_6011-6778-6523-7290.jpg,PRGNELPEZ,moderate_stress,train
PRGNELPEZ_621-5027-1133-5539.jpg,PRGNELPEZ,moderate_stress,train
PRGNELPEZ_6223-6178-6735-6690.jpg,PRGNELPEZ,moderate_stress,train
PRGNELPEZ_6233-10096-6745-10608.jpg,PRGNELPEZ,moderate_stress,train
PRGNELPEZ_6249-5321-6761-5833.jpg,PRGNELPEZ,moderate_stress,train
PRGNELPEZ_6261-6569-6773-7081.jpg,PRGNELPEZ,moderate_stress,train
PRGNELPEZ_664-1893-1176-2405.jpg,PRGNELPEZ,moderate_stress,train
PRGNELPEZ_779-3812-1291-4324.jpg,PRGNELPEZ,moderate_stress,train
PTIQ9U9XM_2590-6667-3102-7179.jpg,PTIQ9U9XM,healthy,train
PTIQ9U9XM_4802-3106-5314-3618.jpg,PTIQ9U9XM,healthy,train
PTIQ9U9XM_4990-3704-5502-4216.jpg,PTIQ9U9XM,healthy,train
PU8LJKGKD_384-863-896-1375.jpg,PU8LJKGKD,healthy,train
PUBP8MCG4_1105-2903-1617-3415.jpg,PUBP8MCG4,severe_stress,train
PUBP8MCG4_1175-1869-1687-2381.jpg,PUBP8MCG4,healthy,train
PUBP8MCG4_1183-4729-1695-5241.jpg,PUBP8MCG4,severe_stress,train
PUBP8MCG4_1251-2452-1763-2964.jpg,PUBP8MCG4,severe_stress,train
PUBP8MCG4_1412-3050-1924-3562.jpg,PUBP8MCG4,severe_stress,train
PUBP8MCG4_1435-1003-1947-1515.jpg,PUBP8MCG4,severe_stress,train
PUBP8MCG4_1456-1516-1968-2028.jpg,PUBP8MCG4,healthy,train
PUBP8MCG4_1505-3835-2017-4347.jpg,PUBP8MCG4,severe_stress,train
PUBP8MCG4_1505-4347-2017-4859.jpg,PUBP8MCG4,severe_stress,train
PUBP8MCG4_1505-4859-2017-5371.jpg,PUBP8MCG4,severe_stress,train
PUBP8MCG4_1577-2631-2089-3143.jpg,PUBP8MCG4,severe_stress,train
PUBP8MCG4_1614-3191-2126-3703.jpg,PUBP8MCG4,severe_stress,train
PUBP8MCG4_1728-4689-2240-5201.jpg,PUBP8MCG4,severe_stress,train
PUBP8MCG4_1880-2294-2392-2806.jpg,PUBP8MCG4,severe_stress,train
PUBP8MCG4_1880-2806-2392-3318.jpg,PUBP8MCG4,severe_stress,train
PUBP8MCG4_1880-3344-2392-3856.jpg,PUBP8MCG4,severe_stress,train
PUBP8MCG4_1880-3856-2392-4368.jpg,PUBP8MCG4,severe_stress,train
PUBP8MCG4_1880-4368-2392-4880.jpg,PUBP8MCG4,severe_stress,train
PUBP8MCG4_2056-2092-2568-2604.jpg,PUBP8MCG4,healthy,train
PUBP8MCG4_2194-5348-2706-5860.jpg,PUBP8MCG4,healthy,train
PUBP8MCG4_2387-1718-2899-2230.jpg,PUBP8MCG4,severe_stress,train
PUBP8MCG4_2474-2887-2986-3399.jpg,PUBP8MCG4,severe_stress,train
PUBP8MCG4_2474-3399-2986-3911.jpg,PUBP8MCG4,severe_stress,train
PUBP8MCG4_2660-1631-3172-2143.jpg,PUBP8MCG4,severe_stress,train
PUBP8MCG4_2760-3015-3272-3527.jpg,PUBP8MCG4,severe_stress,train
PUBP8MCG4_2766-3325-3278-3837.jpg,PUBP8MCG4,severe_stress,train
PUBP8MCG4_2772-2617-3284-3129.jpg,PUBP8MCG4,healthy,train
PUBP8MCG4_462-3071-974-3583.jpg,PUBP8MCG4,severe_stress,train
PUBP8MCG4_526-3806-1038-4318.jpg,PUBP8MCG4,healthy,train
PUBP8MCG4_699-2734-1211-3246.jpg,PUBP8MCG4,severe_stress,train
PUBP8MCG4_699-3246-1211-3758.jpg,PUBP8MCG4,severe_stress,train
PUBP8MCG4_775-4095-1287-4607.jpg,PUBP8MCG4,healthy,train
PWG49HXTM_1428-3096-1940-3608.jpg,PWG49HXTM,severe_stress,train
PWG49HXTM_1851-3316-2363-3828.jpg,PWG49HXTM,severe_stress,train
PWG49HXTM_2160-851-2672-1363.jpg,PWG49HXTM,severe_stress,train
PWG49HXTM_2164-406-2676-918.jpg,PWG49HXTM,severe_stress,train
PWG49HXTM_2172-1597-2684-2109.jpg,PWG49HXTM,severe_stress,train
PWG49HXTM_2325-1320-2837-1832.jpg,PWG49HXTM,severe_stress,train
PWG49HXTM_2487-1125-2999-1637.jpg,PWG49HXTM,severe_stress,train
PWG49HXTM_2623-1417-3135-1929.jpg,PWG49HXTM,severe_stress,train
PWG49HXTM_2741-690-3253-1202.jpg,PWG49HXTM,severe_stress,train
PWG49HXTM_2801-1573-3313-2085.jpg,PWG49HXTM,severe_stress,train
PWG49HXTM_2852-360-3364-872.jpg,PWG49HXTM,severe_stress,train
PWG49HXTM_298-3098-810-3610.jpg,PWG49HXTM,severe_stress,train
PWG49HXTM_3012-585-3524-1097.jpg,PWG49HXTM,severe_stress,train
PWG49HXTM_3135-1417-3647-1929.jpg,PWG49HXTM,severe_stress,train
PWG49HXTM_508-3358-1020-3870.jpg,PWG49HXTM,severe_stress,train
PWG49HXTM_591-3810-1103-4322.jpg,PWG49HXTM,severe_stress,train
Q11I88W3R_1132-7852-1644-8364.jpg,Q11I88W3R,moderate_stress,train
Q11I88W3R_1136-6014-1648-6526.jpg,Q11I88W3R,moderate_stress,train
Q11I88W3R_1388-373-1900-885.jpg,Q11I88W3R,healthy,train
Q11I88W3R_1398-8037-1910-8549.jpg,Q11I88W3R,moderate_stress,train
Q11I88W3R_158-10710-670-11222.jpg,Q11I88W3R,healthy,train
Q11I88W3R_204-8289-716-8801.jpg,Q11I88W3R,healthy,train
Q11I88W3R_2476-6731-2988-7243.jpg,Q11I88W3R,moderate_stress,train
Q11I88W3R_3604-6641-4116-7153.jpg,Q11I88W3R,healthy,train
Q11I88W3R_4737-11721-5249-12233.jpg,Q11I88W3R,moderate_stress,train
Q11I88W3R_5817-2911-6329-3423.jpg,Q11I88W3R,healthy,train
Q11I88W3R_796-6075-1308-6587.jpg,Q11I88W3R,healthy,train
Q9VPAJUEZ_314-2158-826-2670.jpg,Q9VPAJUEZ,severe_stress,train
Q9VPAJUEZ_497-1810-1009-2322.jpg,Q9VPAJUEZ,severe_stress,train
Q9VPAJUEZ_826-2158-1338-2670.jpg,Q9VPAJUEZ,severe_stress,train
QBHTF4QWW_229-2653-741-3165.jpg,QBHTF4QWW,healthy,train
QBHTF4QWW_4930-2654-5442-3166.jpg,QBHTF4QWW,healthy,train
QFH1D9FJA_1277-1500-1789-2012.jpg,QFH1D9FJA,severe_stress,train
QFH1D9FJA_1277-476-1789-988.jpg,QFH1D9FJA,severe_stress,train
QFH1D9FJA_1277-5084-1789-5596.jpg,QFH1D9FJA,severe_stress,train
QFH1D9FJA_1789-1500-2301-2012.jpg,QFH1D9FJA,severe_stress,train
QFH1D9FJA_1789-2012-2301-2524.jpg,QFH1D9FJA,severe_stress,train
QFH1D9FJA_1789-476-2301-988.jpg,QFH1D9FJA,severe_stress,train
QFH1D9FJA_1789-5084-2301-5596.jpg,QFH1D9FJA,severe_stress,train
QFH1D9FJA_1789-988-2301-1500.jpg,QFH1D9FJA,severe_stress,train
QFH1D9FJA_2301-1500-2813-2012.jpg,QFH1D9FJA,severe_stress,train
QFH1D9FJA_2301-2012-2813-2524.jpg,QFH1D9FJA,severe_stress,train
QFH1D9FJA_2301-2524-2813-3036.jpg,QFH1D9FJA,severe_stress,train
QFH1D9FJA_2301-5084-2813-5596.jpg,QFH1D9FJA,severe_stress,train
QFH1D9FJA_2301-988-2813-1500.jpg,QFH1D9FJA,severe_stress,train
QFH1D9FJA_2813-2012-3325-2524.jpg,QFH1D9FJA,severe_stress,train
QFH1D9FJA_2813-2524-3325-3036.jpg,QFH1D9FJA,severe_stress,train
QFH1D9FJA_2813-5084-3325-5596.jpg,QFH1D9FJA,severe_stress,train
QFH1D9FJA_3325-476-3837-988.jpg,QFH1D9FJA,severe_stress,train
QFH1D9FJA_3325-5084-3837-5596.jpg,QFH1D9FJA,severe_stress,train
QFH1D9FJA_3837-1500-4349-2012.jpg,QFH1D9FJA,severe_stress,train
QFH1D9FJA_3837-476-4349-988.jpg,QFH1D9FJA,severe_stress,train
QFH1D9FJA_3837-5084-4349-5596.jpg,QFH1D9FJA,severe_stress,train
QFH1D9FJA_3837-988-4349-1500.jpg,QFH1D9FJA,severe_stress,train
QFH1D9FJA_4349-1500-4861-2012.jpg,QFH1D9FJA,severe_stress,train
QFH1D9FJA_4349-476-4861-988.jpg,QFH1D9FJA,severe_stress,train
QFH1D9FJA_4349-5084-4861-5596.jpg,QFH1D9FJA,severe_stress,train
QFH1D9FJA_4349-988-4861-1500.jpg,QFH1D9FJA,severe_stress,train
QFH1D9FJA_4861-1500-5373-2012.jpg,QFH1D9FJA,severe_stress,train
QFH1D9FJA_4861-2012-5373-2524.jpg,QFH1D9FJA,severe_stress,train
QFH1D9FJA_4861-2524-5373-3036.jpg,QFH1D9FJA,severe_stress,train
QFH1D9FJA_4861-4060-5373-4572.jpg,QFH1D9FJA,severe_stress,train
QFH1D9FJA_4861-4572-5373-5084.jpg,QFH1D9FJA,severe_stress,train
QFH1D9FJA_4861-476-5373-988.jpg,QFH1D9FJA,severe_stress,train
QFH1D9FJA_4861-5084-5373-5596.jpg,QFH1D9FJA,severe_stress,train
QFH1D9FJA_4861-988-5373-1500.jpg,QFH1D9FJA,severe_stress,train
QFH1D9FJA_765-2524-1277-3036.jpg,QFH1D9FJA,severe_stress,train
QFH1D9FJA_765-3036-1277-3548.jpg,QFH1D9FJA,severe_stress,train
QFH1D9FJA_765-3548-1277-4060.jpg,QFH1D9FJA,severe_stress,train
QFH1D9FJA_765-4060-1277-4572.jpg,QFH1D9FJA,severe_stress,train
QFH1D9FJA_765-4572-1277-5084.jpg,QFH1D9FJA,severe_stress,train
QFH1D9FJA_765-476-1277-988.jpg,QFH1D9FJA,severe_stress,train
QFH1D9FJA_765-5084-1277-5596.jpg,QFH1D9FJA,severe_stress,train
QFH1D9FJA_765-988-1277-1500.jpg,QFH1D9FJA,severe_stress,train
QFU4G94KR_1054-2554-1566-3066.jpg,QFU4G94KR,moderate_stress,train
QFU4G94KR_1055-1296-1567-1808.jpg,QFU4G94KR,moderate_stress,train
QFU4G94KR_1055-784-1567-1296.jpg,QFU4G94KR,moderate_stress,train
QFU4G94KR_1492-2561-2004-3073.jpg,QFU4G94KR,moderate_stress,train
QFU4G94KR_1728-2797-2240-3309.jpg,QFU4G94KR,moderate_stress,train
QFU4G94KR_2057-2714-2569-3226.jpg,QFU4G94KR,moderate_stress,train
QFU4G94KR_2769-2416-3281-2928.jpg,QFU4G94KR,moderate_stress,train
QFU4G94KR_2805-2681-3317-3193.jpg,QFU4G94KR,moderate_stress,train
QFU4G94KR_726-1902-1238-2414.jpg,QFU4G94KR,healthy,train
QFU4G94KR_975-2163-1487-2675.jpg,QFU4G94KR,moderate_stress,train
QLANZLWE7_502-2778-1014-3290.jpg,QLANZLWE7,healthy,train
QLKLVEK49_1114-3071-1626-3583.jpg,QLKLVEK49,severe_stress,train
QLKLVEK49_1261-4032-1773-4544.jpg,QLKLVEK49,severe_stress,train
QLKLVEK49_1261-4544-1773-5056.jpg,QLKLVEK49,severe_stress,train
QLKLVEK49_1626-2559-2138-3071.jpg,QLKLVEK49,severe_stress,train
QLKLVEK49_1626-3071-2138-3583.jpg,QLKLVEK49,severe_stress,train
QLKLVEK49_1773-4032-2285-4544.jpg,QLKLVEK49,severe_stress,train
QLKLVEK49_1773-4544-2285-5056.jpg,QLKLVEK49,severe_stress,train
QLKLVEK49_2138-2559-2650-3071.jpg,QLKLVEK49,severe_stress,train
QLKLVEK49_235-1464-747-1976.jpg,QLKLVEK49,severe_stress,train
QLKLVEK49_235-952-747-1464.jpg,QLKLVEK49,severe_stress,train
QLKLVEK49_3349-1478-3861-1990.jpg,QLKLVEK49,severe_stress,train
QLKLVEK49_3349-966-3861-1478.jpg,QLKLVEK49,severe_stress,train
QLKLVEK49_3861-1478-4373-1990.jpg,QLKLVEK49,severe_stress,train
QLKLVEK49_3861-1990-4373-2502.jpg,QLKLVEK49,severe_stress,train
QLKLVEK49_4512-1017-5024-1529.jpg,QLKLVEK49,severe_stress,train
QLKLVEK49_4512-505-5024-1017.jpg,QLKLVEK49,severe_stress,train
QLKLVEK49_747-1464-1259-1976.jpg,QLKLVEK49,severe_stress,train
QLKLVEK49_747-952-1259-1464.jpg,QLKLVEK49,severe_stress,train
QMXNXNHAA_1053-8240-1565-8752.jpg,QMXNXNHAA,severe_stress,train
QMXNXNHAA_1055-7726-1567-8238.jpg,QMXNXNHAA,severe_stress,train
QMXNXNHAA_1127-4925-1639-5437.jpg,QMXNXNHAA,severe_stress,train
QMXNXNHAA_1425-5167-1937-5679.jpg,QMXNXNHAA,severe_stress,train
QMXNXNHAA_1426-2446-1938-2958.jpg,QMXNXNHAA,severe_stress,train
QMXNXNHAA_1426-2958-1938-3470.jpg,QMXNXNHAA,severe_stress,train
QMXNXNHAA_1426-3470-1938-3982.jpg,QMXNXNHAA,severe_stress,train
QMXNXNHAA_1462-5622-1974-6134.jpg,QMXNXNHAA,severe_stress,train
QMXNXNHAA_1462-6134-1974-6646.jpg,QMXNXNHAA,severe_stress,train
QMXNXNHAA_1462-6646-1974-7158.jpg,QMXNXNHAA,severe_stress,train
QMXNXNHAA_1471-8513-1983-9025.jpg,QMXNXNHAA,severe_stress,train
QMXNXNHAA_1472-7627-1984-8139.jpg,QMXNXNHAA,severe_stress,train
QMXNXNHAA_1472-8139-1984-8651.jpg,QMXNXNHAA,severe_stress,train
QMXNXNHAA_1593-8735-2105-9247.jpg,QMXNXNHAA,severe_stress,train
QMXNXNHAA_1639-4925-2151-5437.jpg,QMXNXNHAA,severe_stress,train
QMXNXNHAA_1877-5158-2389-5670.jpg,QMXNXNHAA,severe_stress,train
QMXNXNHAA_1938-2446-2450-2958.jpg,QMXNXNHAA,healthy,train
QMXNXNHAA_1938-2958-2450-3470.jpg,QMXNXNHAA,healthy,train
QMXNXNHAA_1938-3470-2450-3982.jpg,QMXNXNHAA,severe_stress,train
QMXNXNHAA_1974-5622-2486-6134.jpg,QMXNXNHAA,severe_stress,train
QMXNXNHAA_1974-6134-2486-6646.jpg,QMXNXNHAA,severe_stress,train
QMXNXNHAA_1974-6646-2486-7158.jpg,QMXNXNHAA,healthy,train
QMXNXNHAA_1984-7627-2496-8139.jpg,QMXNXNHAA,severe_stress,train
QMXNXNHAA_1984-8139-2496-8651.jpg,QMXNXNHAA,severe_stress,train
QMXNXNHAA_2080-8889-2592-9401.jpg,QMXNXNHAA,severe_stress,train
QMXNXNHAA_2224-5410-2736-5922.jpg,QMXNXNHAA,severe_stress,train
QMXNXNHAA_2263-3150-2775-3662.jpg,QMXNXNHAA,severe_stress,train
QMXNXNHAA_2334-4686-2846-5198.jpg,QMXNXNHAA,severe_stress,train
QMXNXNHAA_234-7703-746-8215.jpg,QMXNXNHAA,severe_stress,train
QMXNXNHAA_2438-4920-2950-5432.jpg,QMXNXNHAA,severe_stress,train
QMXNXNHAA_2486-5622-2998-6134.jpg,QMXNXNHAA,severe_stress,train
QMXNXNHAA_2486-6134-2998-6646.jpg,QMXNXNHAA,severe_stress,train
QMXNXNHAA_2496-8139-3008-8651.jpg,QMXNXNHAA,severe_stress,train
QMXNXNHAA_2592-8889-3104-9401.jpg,QMXNXNHAA,severe_stress,train
QMXNXNHAA_2691-1609-3203-2121.jpg,QMXNXNHAA,severe_stress,train
QMXNXNHAA_2716-5149-3228-5661.jpg,QMXNXNHAA,severe_stress,train
QMXNXNHAA_2839-1065-3351-1577.jpg,QMXNXNHAA,severe_stress,train
QMXNXNHAA_2839-553-3351-1065.jpg,QMXNXNHAA,severe_stress,train
QMXNXNHAA_2846-4686-3358-5198.jpg,QMXNXNHAA,severe_stress,train
QMXNXNHAA_2849-4206-3361-4718.jpg,QMXNXNHAA,severe_stress,train
QMXNXNHAA_2969-4444-3481-4956.jpg,QMXNXNHAA,severe_stress,train
QMXNXNHAA_2998-5622-3510-6134.jpg,QMXNXNHAA,severe_stress,train
QMXNXNHAA_2998-6134-3510-6646.jpg,QMXNXNHAA,severe_stress,train
QMXNXNHAA_3104-8889-3616-9401.jpg,QMXNXNHAA,severe_stress,train
QMXNXNHAA_3165-8265-3677-8777.jpg,QMXNXNHAA,severe_stress,train
QMXNXNHAA_3351-1065-3863-1577.jpg,QMXNXNHAA,severe_stress,train
QMXNXNHAA_3351-553-3863-1065.jpg,QMXNXNHAA,severe_stress,train
QMXNXNHAA_3358-4686-3870-5198.jpg,QMXNXNHAA,severe_stress,train
QMXNXNHAA_3361-4206-3873-4718.jpg,QMXNXNHAA,severe_stress,train
QMXNXNHAA_3481-4444-3993-4956.jpg,QMXNXNHAA,severe_stress,train
QMXNXNHAA_3510-5622-4022-6134.jpg,QMXNXNHAA,healthy,train
QMXNXNHAA_3510-6134-4022-6646.jpg,QMXNXNHAA,severe_stress,train
QMXNXNHAA_3577-4930-4089-5442.jpg,QMXNXNHAA,severe_stress,train
QMXNXNHAA_3616-8889-4128-9401.jpg,QMXNXNHAA,severe_stress,train
QMXNXNHAA_3724-7795-4236-8307.jpg,QMXNXNHAA,healthy,train
QMXNXNHAA_3863-1065-4375-1577.jpg,QMXNXNHAA,severe_stress,train
QMXNXNHAA_3863-553-4375-1065.jpg,QMXNXNHAA,severe_stress,train
QMXNXNHAA_3873-4206-4385-4718.jpg,QMXNXNHAA,severe_stress,train
QMXNXNHAA_3993-4444-4505-4956.jpg,QMXNXNHAA,severe_stress,train
QMXNXNHAA_402-2446-914-2958.jpg,QMXNXNHAA,severe_stress,train
QMXNXNHAA_402-2958-914-3470.jpg,QMXNXNHAA,severe_stress,train
QMXNXNHAA_402-3470-914-3982.jpg,QMXNXNHAA,severe_stress,train
QMXNXNHAA_4089-4930-4601-5442.jpg,QMXNXNHAA,severe_stress,train
QMXNXNHAA_4206-8015-4718-8527.jpg,QMXNXNHAA,healthy,train
QMXNXNHAA_4263-5171-4775-5683.jpg,QMXNXNHAA,severe_stress,train
QMXNXNHAA_4308-6116-4820-6628.jpg,QMXNXNHAA,severe_stress,train
QMXNXNHAA_4375-1065-4887-1577.jpg,QMXNXNHAA,severe_stress,train
QMXNXNHAA_4375-3625-4887-4137.jpg,QMXNXNHAA,healthy,train
QMXNXNHAA_4375-553-4887-1065.jpg,QMXNXNHAA,severe_stress,train
QMXNXNHAA_438-5622-950-6134.jpg,QMXNXNHAA,severe_stress,train
QMXNXNHAA_4385-4206-4897-4718.jpg,QMXNXNHAA,severe_stress,train
QMXNXNHAA_4441-5406-4953-5918.jpg,QMXNXNHAA,severe_stress,train
QMXNXNHAA_4456-7313-4968-7825.jpg,QMXNXNHAA,severe_stress,train
QMXNXNHAA_4505-3934-5017-4446.jpg,QMXNXNHAA,severe_stress,train
QMXNXNHAA_4505-4444-5017-4956.jpg,QMXNXNHAA,severe_stress,train
QMXNXNHAA_4550-4918-5062-5430.jpg,QMXNXNHAA,severe_stress,train
QMXNXNHAA_4577-7077-5089-7589.jpg,QMXNXNHAA,severe_stress,train
QMXNXNHAA_4671-5287-5183-5799.jpg,QMXNXNHAA,severe_stress,train
QMXNXNHAA_4671-5799-5183-6311.jpg,QMXNXNHAA,severe_stress,train
QMXNXNHAA_4865-6834-5377-7346.jpg,QMXNXNHAA,severe_stress,train
QMXNXNHAA_4887-1065-5399-1577.jpg,QMXNXNHAA,severe_stress,train
QMXNXNHAA_4887-1577-5399-2089.jpg,QMXNXNHAA,severe_stress,train
QMXNXNHAA_4887-2089-5399-2601.jpg,QMXNXNHAA,severe_stress,train
QMXNXNHAA_4887-2601-5399-3113.jpg,QMXNXNHAA,severe_stress,train
QMXNXNHAA_4887-3113-5399-3625.jpg,QMXNXNHAA,severe_stress,train
QMXNXNHAA_4887-3625-5399-4137.jpg,QMXNXNHAA,severe_stress,train
QMXNXNHAA_4887-553-5399-1065.jpg,QMXNXNHAA,severe_stress,train
QMXNXNHAA_5017-3934-5529-4446.jpg,QMXNXNHAA,severe_stress,train
QMXNXNHAA_5017-4444-5529-4956.jpg,QMXNXNHAA,severe_stress,train
QMXNXNHAA_5062-4918-5574-5430.jpg,QMXNXNHAA,severe_stress,train
QMXNXNHAA_5183-5287-5695-5799.jpg,QMXNXNHAA,severe_stress,train
QMXNXNHAA_5231-6131-5743-6643.jpg,QMXNXNHAA,severe_stress,train
QMXNXNHAA_5231-8384-5743-8896.jpg,QMXNXNHAA,severe_stress,train
QMXNXNHAA_5252-5653-5764-6165.jpg,QMXNXNHAA,severe_stress,train
QMXNXNHAA_5399-1065-5911-1577.jpg,QMXNXNHAA,severe_stress,train
QMXNXNHAA_5399-2089-5911-2601.jpg,QMXNXNHAA,severe_stress,train
QMXNXNHAA_5399-2601-5911-3113.jpg,QMXNXNHAA,severe_stress,train
QMXNXNHAA_5399-3113-5911-3625.jpg,QMXNXNHAA,severe_stress,train
QMXNXNHAA_5399-3625-5911-4137.jpg,QMXNXNHAA,severe_stress,train
QMXNXNHAA_5506-6122-6018-6634.jpg,QMXNXNHAA,severe_stress,train
QMXNXNHAA_5529-3934-6041-4446.jpg,QMXNXNHAA,severe_stress,train
QMXNXNHAA_5575-6368-6087-6880.jpg,QMXNXNHAA,severe_stress,train
QMXNXNHAA_5599-4917-6111-5429.jpg,QMXNXNHAA,severe_stress,train
QMXNXNHAA_5759-4446-6271-4958.jpg,QMXNXNHAA,severe_stress,train
QMXNXNHAA_580-7952-1092-8464.jpg,QMXNXNHAA,severe_stress,train
QMXNXNHAA_5911-1065-6423-1577.jpg,QMXNXNHAA,severe_stress,train
QMXNXNHAA_5911-1577-6423-2089.jpg,QMXNXNHAA,severe_stress,train
QMXNXNHAA_5911-3625-6423-4137.jpg,QMXNXNHAA,severe_stress,train
QMXNXNHAA_6011-5155-6523-5667.jpg,QMXNXNHAA,severe_stress,train
QMXNXNHAA_6018-6122-6530-6634.jpg,QMXNXNHAA,severe_stress,train
QMXNXNHAA_615-4925-1127-5437.jpg,QMXNXNHAA,severe_stress,train
QMXNXNHAA_6150-5396-6662-5908.jpg,QMXNXNHAA,severe_stress,train
QMXNXNHAA_6178-4400-6690-4912.jpg,QMXNXNHAA,severe_stress,train
QMXNXNHAA_6178-4912-6690-5424.jpg,QMXNXNHAA,severe_stress,train
QMXNXNHAA_6423-1577-6935-2089.jpg,QMXNXNHAA,healthy,train
QMXNXNHAA_6423-2089-6935-2601.jpg,QMXNXNHAA,severe_stress,train
QMXNXNHAA_6423-2601-6935-3113.jpg,QMXNXNHAA,severe_stress,train
QMXNXNHAA_6423-3113-6935-3625.jpg,QMXNXNHAA,severe_stress,train
QMXNXNHAA_6423-3625-6935-4137.jpg,QMXNXNHAA,severe_stress,train
QMXNXNHAA_6498-5631-7010-6143.jpg,QMXNXNHAA,severe_stress,train
QMXNXNHAA_6690-4400-7202-4912.jpg,QMXNXNHAA,severe_stress,train
QMXNXNHAA_6690-4912-7202-5424.jpg,QMXNXNHAA,severe_stress,train
QMXNXNHAA_6690-5424-7202-5936.jpg,QMXNXNHAA,severe_stress,train
QMXNXNHAA_6935-2601-7447-3113.jpg,QMXNXNHAA,severe_stress,train
QMXNXNHAA_6935-3113-7447-3625.jpg,QMXNXNHAA,severe_stress,train
QMXNXNHAA_6935-3625-7447-4137.jpg,QMXNXNHAA,severe_stress,train
QMXNXNHAA_802-7301-1314-7813.jpg,QMXNXNHAA,severe_stress,train
QMXNXNHAA_913-5167-1425-5679.jpg,QMXNXNHAA,severe_stress,train
QMXNXNHAA_914-2446-1426-2958.jpg,QMXNXNHAA,severe_stress,train
QMXNXNHAA_914-3470-1426-3982.jpg,QMXNXNHAA,severe_stress,train
QMXNXNHAA_950-6134-1462-6646.jpg,QMXNXNHAA,severe_stress,train
QMXNXNHAA_950-6646-1462-7158.jpg,QMXNXNHAA,severe_stress,train
QMXNXNHAA_967-5422-1479-5934.jpg,QMXNXNHAA,severe_stress,train
QNLLI6BI6_1096-1128-1608-1640.jpg,QNLLI6BI6,moderate_stress,train
QNLLI6BI6_1481-1264-1993-1776.jpg,QNLLI6BI6,moderate_stress,train
QNLLI6BI6_2419-1512-2931-2024.jpg,QNLLI6BI6,moderate_stress,train
QNLLI6BI6_2616-1733-3128-2245.jpg,QNLLI6BI6,moderate_stress,train
QNLLI6BI6_295-682-807-1194.jpg,QNLLI6BI6,moderate_stress,train
QNLLI6BI6_2998-1956-3510-2468.jpg,QNLLI6BI6,moderate_stress,train
QNLLI6BI6_3723-2206-4235-2718.jpg,QNLLI6BI6,moderate_stress,train
QNLLI6BI6_4267-581-4779-1093.jpg,QNLLI6BI6,healthy,train
QNLLI6BI6_4294-2426-4806-2938.jpg,QNLLI6BI6,moderate_stress,train
QNLLI6BI6_4570-478-5082-990.jpg,QNLLI6BI6,moderate_stress,train
QNLLI6BI6_4804-2778-5316-3290.jpg,QNLLI6BI6,moderate_stress,train
QNLLI6BI6_507-891-1019-1403.jpg,QNLLI6BI6,moderate_stress,train
QNLLI6BI6_5367-2803-5879-3315.jpg,QNLLI6BI6,moderate_stress,train
QNLLI6BI6_5369-2482-5881-2994.jpg,QNLLI6BI6,moderate_stress,train
QNLLI6BI6_5380-1742-5892-2254.jpg,QNLLI6BI6,moderate_stress,train
QNLLI6BI6_5382-2057-5894-2569.jpg,QNLLI6BI6,moderate_stress,train
QNLLI6BI6_5401-1213-5913-1725.jpg,QNLLI6BI6,moderate_stress,train
QNLLI6BI6_5411-781-5923-1293.jpg,QNLLI6BI6,moderate_stress,train
QNLLI6BI6_5423-480-5935-992.jpg,QNLLI6BI6,moderate_stress,train
QPCMAVT8B_1613-1806-2125-2318.jpg,QPCMAVT8B,moderate_stress,train
QPCMAVT8B_1749-2277-2261-2789.jpg,QPCMAVT8B,moderate_stress,train
QPCMAVT8B_3059-941-3571-1453.jpg,QPCMAVT8B,moderate_stress,train
QPCMAVT8B_3288-2652-3800-3164.jpg,QPCMAVT8B,moderate_stress,train
QPCMAVT8B_3927-1112-4439-1624.jpg,QPCMAVT8B,moderate_stress,train
QPCMAVT8B_4278-977-4790-1489.jpg,QPCMAVT8B,moderate_stress,train
QPCMAVT8B_5000-2585-5512-3097.jpg,QPCMAVT8B,moderate_stress,train
QPCMAVT8B_5127-2322-5639-2834.jpg,QPCMAVT8B,moderate_stress,train
QPRKAYIA2_1213-3917-1725-4429.jpg,QPRKAYIA2,severe_stress,train
QPRKAYIA2_1213-4429-1725-4941.jpg,QPRKAYIA2,severe_stress,train
QPRKAYIA2_1213-4941-1725-5453.jpg,QPRKAYIA2,severe_stress,train
QPRKAYIA2_1409-1248-1921-1760.jpg,QPRKAYIA2,severe_stress,train
QPRKAYIA2_1409-736-1921-1248.jpg,QPRKAYIA2,severe_stress,train
QPRKAYIA2_1725-4941-2237-5453.jpg,QPRKAYIA2,severe_stress,train
QPRKAYIA2_1751-4508-2263-5020.jpg,QPRKAYIA2,severe_stress,train
QPRKAYIA2_1921-1248-2433-1760.jpg,QPRKAYIA2,severe_stress,train
QPRKAYIA2_1921-736-2433-1248.jpg,QPRKAYIA2,severe_stress,train
QPRKAYIA2_205-2203-717-2715.jpg,QPRKAYIA2,severe_stress,train
QPRKAYIA2_215-4508-727-5020.jpg,QPRKAYIA2,severe_stress,train
QPRKAYIA2_215-5020-727-5532.jpg,QPRKAYIA2,severe_stress,train
QPRKAYIA2_2237-4941-2749-5453.jpg,QPRKAYIA2,severe_stress,train
QPRKAYIA2_2263-4508-2775-5020.jpg,QPRKAYIA2,severe_stress,train
QPRKAYIA2_350-2505-862-3017.jpg,QPRKAYIA2,severe_stress,train
QPRKAYIA2_683-3121-1195-3633.jpg,QPRKAYIA2,severe_stress,train
QPRKAYIA2_701-3917-1213-4429.jpg,QPRKAYIA2,severe_stress,train
QPRKAYIA2_701-4941-1213-5453.jpg,QPRKAYIA2,severe_stress,train
QPRKAYIA2_727-4508-1239-5020.jpg,QPRKAYIA2,severe_stress,train
QQ2L8KPL9_3468-374-3980-886.jpg,QQ2L8KPL9,healthy,train
QQ2L8KPL9_5442-355-5954-867.jpg,QQ2L8KPL9,healthy,train
QQ2L8KPL9_5462-2590-5974-3102.jpg,QQ2L8KPL9,healthy,train
QUQ7EFJK1_1033-485-1545-997.jpg,QUQ7EFJK1,healthy,train
QUQ7EFJK1_191-2633-703-3145.jpg,QUQ7EFJK1,healthy,train
QUQ7EFJK1_2631-466-3143-978.jpg,QUQ7EFJK1,healthy,train
QUQ7EFJK1_3143-466-3655-978.jpg,QUQ7EFJK1,healthy,train
QUQ7EFJK1_3655-466-4167-978.jpg,QUQ7EFJK1,healthy,train
QUQ7EFJK1_4167-466-4679-978.jpg,QUQ7EFJK1,moderate_stress,train
QUQ7EFJK1_4679-466-5191-978.jpg,QUQ7EFJK1,moderate_stress,train
QUQ7EFJK1_5136-1485-5648-1997.jpg,QUQ7EFJK1,healthy,train
QUQ7EFJK1_521-485-1033-997.jpg,QUQ7EFJK1,healthy,train
QUQ7EFJK1_5597-273-6109-785.jpg,QUQ7EFJK1,healthy,train
QUQ7EFJK1_7421-2464-7933-2976.jpg,QUQ7EFJK1,moderate_stress,train
QUQ7EFJK1_7631-2622-8143-3134.jpg,QUQ7EFJK1,healthy,train
QXRR6C7L4_1049-570-1561-1082.jpg,QXRR6C7L4,severe_stress,train
QXRR6C7L4_1083-2267-1595-2779.jpg,QXRR6C7L4,severe_stress,train
QXRR6C7L4_1134-1377-1646-1889.jpg,QXRR6C7L4,severe_stress,train
QXRR6C7L4_1134-2913-1646-3425.jpg,QXRR6C7L4,severe_stress,train
QXRR6C7L4_1262-728-1774-1240.jpg,QXRR6C7L4,severe_stress,train
QXRR6C7L4_1646-1377-2158-1889.jpg,QXRR6C7L4,severe_stress,train
QXRR6C7L4_1646-1889-2158-2401.jpg,QXRR6C7L4,severe_stress,train
QXRR6C7L4_1646-2401-2158-2913.jpg,QXRR6C7L4,severe_stress,train
QXRR6C7L4_1646-2913-2158-3425.jpg,QXRR6C7L4,severe_stress,train
QXRR6C7L4_1860-864-2372-1376.jpg,QXRR6C7L4,severe_stress,train
QXRR6C7L4_2158-1377-2670-1889.jpg,QXRR6C7L4,severe_stress,train
QXRR6C7L4_2158-1889-2670-2401.jpg,QXRR6C7L4,severe_stress,train
QXRR6C7L4_2158-2401-2670-2913.jpg,QXRR6C7L4,severe_stress,train
QXRR6C7L4_2158-2913-2670-3425.jpg,QXRR6C7L4,severe_stress,train
QXRR6C7L4_2158-865-2670-1377.jpg,QXRR6C7L4,severe_stress,train
QXRR6C7L4_2418-2582-2930-3094.jpg,QXRR6C7L4,severe_stress,train
QXRR6C7L4_308-709-820-1221.jpg,QXRR6C7L4,severe_stress,train
QXRR6C7L4_582-1297-1094-1809.jpg,QXRR6C7L4,severe_stress,train
QXRR6C7L4_582-1809-1094-2321.jpg,QXRR6C7L4,severe_stress,train
QYAKHZAVC_1391-5057-1903-5569.jpg,QYAKHZAVC,healthy,train
QYAKHZAVC_1436-474-1948-986.jpg,QYAKHZAVC,healthy,train
QYAKHZAVC_2316-5058-2828-5570.jpg,QYAKHZAVC,healthy,train
QYAKHZAVC_2364-417-2876-929.jpg,QYAKHZAVC,healthy,train
QYAKHZAVC_464-5066-976-5578.jpg,QYAKHZAVC,moderate_stress,train
QYAKHZAVC_978-476-1490-988.jpg,QYAKHZAVC,healthy,train
QZ9MRC1IG_1028-1369-1540-1881.jpg,QZ9MRC1IG,moderate_stress,train
QZ9MRC1IG_1295-1316-1807-1828.jpg,QZ9MRC1IG,moderate_stress,train
QZ9MRC1IG_2175-7835-2687-8347.jpg,QZ9MRC1IG,healthy,train
QZ9MRC1IG_2741-5055-3253-5567.jpg,QZ9MRC1IG,moderate_stress,train
QZ9MRC1IG_2756-915-3268-1427.jpg,QZ9MRC1IG,healthy,train
QZ9MRC1IG_2759-4077-3271-4589.jpg,QZ9MRC1IG,moderate_stress,train
QZ9MRC1IG_558-4474-1070-4986.jpg,QZ9MRC1IG,moderate_stress,train
QZ9MRC1IG_705-1348-1217-1860.jpg,QZ9MRC1IG,healthy,train
R19JP8IXQ_1293-526-1805-1038.jpg,R19JP8IXQ,moderate_stress,train
R19JP8IXQ_2227-1215-2739-1727.jpg,R19JP8IXQ,moderate_stress,train
R19JP8IXQ_2424-4866-2936-5378.jpg,R19JP8IXQ,moderate_stress,train
R19JP8IXQ_2954-5944-3466-6456.jpg,R19JP8IXQ,moderate_stress,train
R19JP8IXQ_2959-4922-3471-5434.jpg,R19JP8IXQ,moderate_stress,train
R19JP8IXQ_2974-1648-3486-2160.jpg,R19JP8IXQ,moderate_stress,train
R19JP8IXQ_5349-1639-5861-2151.jpg,R19JP8IXQ,moderate_stress,train
R19JP8IXQ_5358-4040-5870-4552.jpg,R19JP8IXQ,moderate_stress,train
R19JP8IXQ_5385-2376-5897-2888.jpg,R19JP8IXQ,moderate_stress,train
R19JP8IXQ_5385-2888-5897-3400.jpg,R19JP8IXQ,moderate_stress,train
R19JP8IXQ_566-5580-1078-6092.jpg,R19JP8IXQ,moderate_stress,train
R19JP8IXQ_5772-3415-6284-3927.jpg,R19JP8IXQ,moderate_stress,train
R19JP8IXQ_5839-673-6351-1185.jpg,R19JP8IXQ,moderate_stress,train
R19JP8IXQ_5861-1639-6373-2151.jpg,R19JP8IXQ,moderate_stress,train
R19JP8IXQ_732-4785-1244-5297.jpg,R19JP8IXQ,moderate_stress,train
R19JP8IXQ_781-1038-1293-1550.jpg,R19JP8IXQ,moderate_stress,train
R19JP8IXQ_781-526-1293-1038.jpg,R19JP8IXQ,moderate_stress,train
R4UWVHYRP_1295-520-1807-1032.jpg,R4UWVHYRP,healthy,train
R4UWVHYRP_1643-1094-2155-1606.jpg,R4UWVHYRP,healthy,train
R4UWVHYRP_1773-1303-2285-1815.jpg,R4UWVHYRP,moderate_stress,train
R4UWVHYRP_1937-1543-2449-2055.jpg,R4UWVHYRP,moderate_stress,train
R4UWVHYRP_2227-1772-2739-2284.jpg,R4UWVHYRP,healthy,train
R4UWVHYRP_3194-2245-3706-2757.jpg,R4UWVHYRP,moderate_stress,train
R4UWVHYRP_359-897-871-1409.jpg,R4UWVHYRP,moderate_stress,train
R4UWVHYRP_3646-2287-4158-2799.jpg,R4UWVHYRP,healthy,train
R4UWVHYRP_3854-2486-4366-2998.jpg,R4UWVHYRP,moderate_stress,train
R4UWVHYRP_399-1921-911-2433.jpg,R4UWVHYRP,healthy,train
R4UWVHYRP_4006-2972-4518-3484.jpg,R4UWVHYRP,healthy,train
R4UWVHYRP_4322-3203-4834-3715.jpg,R4UWVHYRP,healthy,train
R4UWVHYRP_442-2643-954-3155.jpg,R4UWVHYRP,healthy,train
R4UWVHYRP_4557-3445-5069-3957.jpg,R4UWVHYRP,healthy,train
R4UWVHYRP_4696-3727-5208-4239.jpg,R4UWVHYRP,healthy,train
R8IWGRUZ3_1107-880-1619-1392.jpg,R8IWGRUZ3,moderate_stress,train
R8IWGRUZ3_312-308-824-820.jpg,R8IWGRUZ3,healthy,train
R8IWGRUZ3_4914-2413-5426-2925.jpg,R8IWGRUZ3,healthy,train
R8IWGRUZ3_4925-436-5437-948.jpg,R8IWGRUZ3,healthy,train
R8IWGRUZ3_963-651-1475-1163.jpg,R8IWGRUZ3,moderate_stress,train
R9W91LY8I_1020-3256-1532-3768.jpg,R9W91LY8I,healthy,train
R9W91LY8I_1127-585-1639-1097.jpg,R9W91LY8I,healthy,train
R9W91LY8I_2933-4755-3445-5267.jpg,R9W91LY8I,healthy,train
R9W91LY8I_298-3197-810-3709.jpg,R9W91LY8I,moderate_stress,train
R9W91LY8I_3430-917-3942-1429.jpg,R9W91LY8I,moderate_stress,train
R9W91LY8I_3432-424-3944-936.jpg,R9W91LY8I,healthy,train
R9W91LY8I_3641-2916-4153-3428.jpg,R9W91LY8I,moderate_stress,train
R9W91LY8I_3963-4760-4475-5272.jpg,R9W91LY8I,healthy,train
R9W91LY8I_403-309-915-821.jpg,R9W91LY8I,healthy,train
R9W91LY8I_4310-691-4822-1203.jpg,R9W91LY8I,moderate_stress,train
R9W91LY8I_4916-3605-5428-4117.jpg,R9W91LY8I,healthy,train
REX19N9UC_11907-4568-12419-5080.jpg,REX19N9UC,moderate_stress,train
REX19N9UC_12419-4568-12931-5080.jpg,REX19N9UC,moderate_stress,train
REX19N9UC_12536-5249-13048-5761.jpg,REX19N9UC,moderate_stress,train
REX19N9UC_13048-5249-13560-5761.jpg,REX19N9UC,moderate_stress,train
REX19N9UC_2715-8044-3227-8556.jpg,REX19N9UC,healthy,train
REX19N9UC_9111-5710-9623-6222.jpg,REX19N9UC,healthy,train
RFPYN1RET_1196-390-1708-902.jpg,RFPYN1RET,moderate_stress,train
RFPYN1RET_418-2104-930-2616.jpg,RFPYN1RET,moderate_stress,train
RFPYN1RET_418-2616-930-3128.jpg,RFPYN1RET,moderate_stress,train
RFPYN1RET_432-1763-944-2275.jpg,RFPYN1RET,moderate_stress,train
RFPYN1RET_471-3333-983-3845.jpg,RFPYN1RET,moderate_stress,train
RFPYN1RET_480-3703-992-4215.jpg,RFPYN1RET,moderate_stress,train
RFPYN1RET_520-1206-1032-1718.jpg,RFPYN1RET,moderate_stress,train
RFPYN1RET_520-694-1032-1206.jpg,RFPYN1RET,moderate_stress,train
RFPYN1RET_694-1376-1206-1888.jpg,RFPYN1RET,moderate_stress,train
RFPYN1RET_694-1888-1206-2400.jpg,RFPYN1RET,moderate_stress,train
RFPYN1RET_849-485-1361-997.jpg,RFPYN1RET,moderate_stress,train
RFPYN1RET_860-773-1372-1285.jpg,RFPYN1RET,moderate_stress,train
RI19GKGFF_790-737-1302-1249.jpg,RI19GKGFF,healthy,train
RI19GKGFF_999-857-1511-1369.jpg,RI19GKGFF,healthy,train
RID7IYW9I_1193-427-1705-939.jpg,RID7IYW9I,moderate_stress,train
RID7IYW9I_1459-3317-1971-3829.jpg,RID7IYW9I,moderate_stress,train
RID7IYW9I_1459-3829-1971-4341.jpg,RID7IYW9I,moderate_stress,train
RID7IYW9I_1674-470-2186-982.jpg,RID7IYW9I,moderate_stress,train
RID7IYW9I_1993-3242-2505-3754.jpg,RID7IYW9I,moderate_stress,train
RID7IYW9I_2110-532-2622-1044.jpg,RID7IYW9I,moderate_stress,train
RID7IYW9I_215-288-727-800.jpg,RID7IYW9I,healthy,train
RID7IYW9I_2312-2972-2824-3484.jpg,RID7IYW9I,moderate_stress,train
RID7IYW9I_2354-466-2866-978.jpg,RID7IYW9I,moderate_stress,train
RID7IYW9I_2406-3278-2918-3790.jpg,RID7IYW9I,moderate_stress,train
RID7IYW9I_749-453-1261-965.jpg,RID7IYW9I,moderate_stress,train
RID7IYW9I_794-4257-1306-4769.jpg,RID7IYW9I,moderate_stress,train
RID7IYW9I_947-3317-1459-3829.jpg,RID7IYW9I,moderate_stress,train
RID7IYW9I_947-3829-1459-4341.jpg,RID7IYW9I,moderate_stress,train
RIKL3UWVE_10035-1019-10547-1531.jpg,RIKL3UWVE,moderate_stress,train
RIKL3UWVE_10178-2977-10690-3489.jpg,RIKL3UWVE,moderate_stress,train
RIKL3UWVE_10380-2846-10892-3358.jpg,RIKL3UWVE,moderate_stress,train
RIKL3UWVE_10482-4082-10994-4594.jpg,RIKL3UWVE,healthy,train
RIKL3UWVE_10544-707-11056-1219.jpg,RIKL3UWVE,healthy,train
RIKL3UWVE_1126-2745-1638-3257.jpg,RIKL3UWVE,moderate_stress,train
RIKL3UWVE_1480-2432-1992-2944.jpg,RIKL3UWVE,healthy,train
RIKL3UWVE_1560-2835-2072-3347.jpg,RIKL3UWVE,moderate_stress,train
RIKL3UWVE_1891-2078-2403-2590.jpg,RIKL3UWVE,moderate_stress,train
RIKL3UWVE_1976-2516-2488-3028.jpg,RIKL3UWVE,moderate_stress,train
RIKL3UWVE_2040-1889-2552-2401.jpg,RIKL3UWVE,moderate_stress,train
RIKL3UWVE_2057-2793-2569-3305.jpg,RIKL3UWVE,moderate_stress,train
RIKL3UWVE_212-5634-724-6146.jpg,RIKL3UWVE,moderate_stress,train
RIKL3UWVE_213-5261-725-5773.jpg,RIKL3UWVE,healthy,train
RIKL3UWVE_2167-2330-2679-2842.jpg,RIKL3UWVE,moderate_stress,train
RIKL3UWVE_2335-1647-2847-2159.jpg,RIKL3UWVE,moderate_stress,train
RIKL3UWVE_242-5964-754-6476.jpg,RIKL3UWVE,moderate_stress,train
RIKL3UWVE_2684-3509-3196-4021.jpg,RIKL3UWVE,moderate_stress,train
RIKL3UWVE_2801-1306-3313-1818.jpg,RIKL3UWVE,moderate_stress,train
RIKL3UWVE_2885-3762-3397-4274.jpg,RIKL3UWVE,healthy,train
RIKL3UWVE_3119-4541-3631-5053.jpg,RIKL3UWVE,healthy,train
RIKL3UWVE_3313-1306-3825-1818.jpg,RIKL3UWVE,moderate_stress,train
RIKL3UWVE_3372-3114-3884-3626.jpg,RIKL3UWVE,moderate_stress,train
RIKL3UWVE_3527-1842-4039-2354.jpg,RIKL3UWVE,moderate_stress,train
RIKL3UWVE_3597-3248-4109-3760.jpg,RIKL3UWVE,moderate_stress,train
RIKL3UWVE_3868-2866-4380-3378.jpg,RIKL3UWVE,moderate_stress,train
RIKL3UWVE_3912-1890-4424-2402.jpg,RIKL3UWVE,moderate_stress,train
RIKL3UWVE_3993-2515-4505-3027.jpg,RIKL3UWVE,moderate_stress,train
RIKL3UWVE_4181-3184-4693-3696.jpg,RIKL3UWVE,moderate_stress,train
RIKL3UWVE_4326-2980-4838-3492.jpg,RIKL3UWVE,moderate_stress,train
RIKL3UWVE_4439-2236-4951-2748.jpg,RIKL3UWVE,moderate_stress,train
RIKL3UWVE_4518-1706-5030-2218.jpg,RIKL3UWVE,moderate_stress,train
RIKL3UWVE_4581-1971-5093-2483.jpg,RIKL3UWVE,moderate_stress,train
RIKL3UWVE_480-4804-992-5316.jpg,RIKL3UWVE,healthy,train
RIKL3UWVE_4806-1818-5318-2330.jpg,RIKL3UWVE,moderate_stress,train
RIKL3UWVE_4992-1524-5504-2036.jpg,RIKL3UWVE,moderate_stress,train
RIKL3UWVE_5308-1422-5820-1934.jpg,RIKL3UWVE,moderate_stress,train
RIKL3UWVE_5351-6361-5863-6873.jpg,RIKL3UWVE,healthy,train
RIKL3UWVE_6232-6204-6744-6716.jpg,RIKL3UWVE,moderate_stress,train
RIKL3UWVE_6439-1110-6951-1622.jpg,RIKL3UWVE,moderate_stress,train
RIKL3UWVE_7595-5331-8107-5843.jpg,RIKL3UWVE,healthy,train
RIKL3UWVE_7739-1200-8251-1712.jpg,RIKL3UWVE,moderate_stress,train
RIKL3UWVE_7969-3927-8481-4439.jpg,RIKL3UWVE,healthy,train
RIKL3UWVE_8092-4164-8604-4676.jpg,RIKL3UWVE,healthy,train
RIKL3UWVE_8184-834-8696-1346.jpg,RIKL3UWVE,moderate_stress,train
RIKL3UWVE_8264-6455-8776-6967.jpg,RIKL3UWVE,moderate_stress,train
RIKL3UWVE_8524-943-9036-1455.jpg,RIKL3UWVE,moderate_stress,train
RIKL3UWVE_8770-1065-9282-1577.jpg,RIKL3UWVE,moderate_stress,train
RIKL3UWVE_8906-1287-9418-1799.jpg,RIKL3UWVE,moderate_stress,train
RIKL3UWVE_8969-651-9481-1163.jpg,RIKL3UWVE,moderate_stress,train
RIKL3UWVE_9048-6486-9560-6998.jpg,RIKL3UWVE,healthy,train
RIKL3UWVE_9199-1389-9711-1901.jpg,RIKL3UWVE,moderate_stress,train
RIKL3UWVE_9642-793-10154-1305.jpg,RIKL3UWVE,moderate_stress,train
RIKL3UWVE_9981-611-10493-1123.jpg,RIKL3UWVE,moderate_stress,train
RLA3PNYV2_1557-5743-2069-6255.jpg,RLA3PNYV2,moderate_stress,train
RLA3PNYV2_2938-1668-3450-2180.jpg,RLA3PNYV2,healthy,train
RLA3PNYV2_325-8550-837-9062.jpg,RLA3PNYV2,healthy,train
RLA3PNYV2_344-7437-856-7949.jpg,RLA3PNYV2,moderate_stress,train
RLA3PNYV2_387-4886-899-5398.jpg,RLA3PNYV2,moderate_stress,train
RLA3PNYV2_446-5443-958-5955.jpg,RLA3PNYV2,moderate_stress,train
RLA3PNYV2_5449-8778-5961-9290.jpg,RLA3PNYV2,moderate_stress,train
RLA3PNYV2_5465-6864-5977-7376.jpg,RLA3PNYV2,healthy,train
RLA3PNYV2_5478-4573-5990-5085.jpg,RLA3PNYV2,healthy,train
RLA3PNYV2_5497-1517-6009-2029.jpg,RLA3PNYV2,healthy,train
RLA3PNYV2_5650-8954-6162-9466.jpg,RLA3PNYV2,moderate_stress,train
RLA3PNYV2_5690-578-6202-1090.jpg,RLA3PNYV2,moderate_stress,train
RLA3PNYV2_5707-7563-6219-8075.jpg,RLA3PNYV2,healthy,train
RLA3PNYV2_572-5084-1084-5596.jpg,RLA3PNYV2,moderate_stress,train
RLA3PNYV2_606-8105-1118-8617.jpg,RLA3PNYV2,healthy,train
RLA3PNYV2_628-6970-1140-7482.jpg,RLA3PNYV2,healthy,train
RLA3PNYV2_668-4683-1180-5195.jpg,RLA3PNYV2,healthy,train
RLA3PNYV2_693-2770-1205-3282.jpg,RLA3PNYV2,healthy,train
RLA3PNYV2_701-2009-1213-2521.jpg,RLA3PNYV2,healthy,train
RLA3PNYV2_707-1626-1219-2138.jpg,RLA3PNYV2,healthy,train
RLA3PNYV2_719-861-1231-1373.jpg,RLA3PNYV2,healthy,train
RUVMAZ1LB_1641-3825-2153-4337.jpg,RUVMAZ1LB,moderate_stress,train
RUVMAZ1LB_1851-1139-2363-1651.jpg,RUVMAZ1LB,moderate_stress,train
RUVMAZ1LB_1856-3595-2368-4107.jpg,RUVMAZ1LB,moderate_stress,train
RUVMAZ1LB_1952-4183-2464-4695.jpg,RUVMAZ1LB,moderate_stress,train
RUVMAZ1LB_2070-1382-2582-1894.jpg,RUVMAZ1LB,moderate_stress,train
RUVMAZ1LB_2122-4345-2634-4857.jpg,RUVMAZ1LB,moderate_stress,train
RUVMAZ1LB_264-4161-776-4673.jpg,RUVMAZ1LB,healthy,train
T2JAL2XEP_1200-4142-1712-4654.jpg,T2JAL2XEP,moderate_stress,train
T2JAL2XEP_1665-4022-2177-4534.jpg,T2JAL2XEP,moderate_stress,train
T2JAL2XEP_2138-3832-2650-4344.jpg,T2JAL2XEP,moderate_stress,train
T2JAL2XEP_2371-3715-2883-4227.jpg,T2JAL2XEP,moderate_stress,train
T2JAL2XEP_2371-492-2883-1004.jpg,T2JAL2XEP,healthy,train
T2JAL2XEP_2590-2361-3102-2873.jpg,T2JAL2XEP,moderate_stress,train
T2JAL2XEP_2678-3508-3190-4020.jpg,T2JAL2XEP,moderate_stress,train
T2JAL2XEP_2716-2138-3228-2650.jpg,T2JAL2XEP,moderate_stress,train
T2JAL2XEP_2716-2650-3228-3162.jpg,T2JAL2XEP,moderate_stress,train
T2JAL2XEP_2883-492-3395-1004.jpg,T2JAL2XEP,healthy,train
T2JAL2XEP_2970-10619-3482-11131.jpg,T2JAL2XEP,moderate_stress,train
T2JAL2XEP_3145-7605-3657-8117.jpg,T2JAL2XEP,healthy,train
T2JAL2XEP_3145-8117-3657-8629.jpg,T2JAL2XEP,moderate_stress,train
T2JAL2XEP_3145-8629-3657-9141.jpg,T2JAL2XEP,moderate_stress,train
T2JAL2XEP_3352-6926-3864-7438.jpg,T2JAL2XEP,moderate_stress,train
T2JAL2XEP_3371-7696-3883-8208.jpg,T2JAL2XEP,moderate_stress,train
T2JAL2XEP_3371-8208-3883-8720.jpg,T2JAL2XEP,moderate_stress,train
T2JAL2XEP_3482-10619-3994-11131.jpg,T2JAL2XEP,moderate_stress,train
T2JAL2XEP_3592-6394-4104-6906.jpg,T2JAL2XEP,moderate_stress,train
T2JAL2XEP_3621-8332-4133-8844.jpg,T2JAL2XEP,moderate_stress,train
T2JAL2XEP_3820-6058-4332-6570.jpg,T2JAL2XEP,healthy,train
T2JAL2XEP_3820-6570-4332-7082.jpg,T2JAL2XEP,moderate_stress,train
T2JAL2XEP_3838-7851-4350-8363.jpg,T2JAL2XEP,moderate_stress,train
T2JAL2XEP_3994-10619-4506-11131.jpg,T2JAL2XEP,moderate_stress,train
T2JAL2XEP_4067-6149-4579-6661.jpg,T2JAL2XEP,moderate_stress,train
T2JAL2XEP_4067-6661-4579-7173.jpg,T2JAL2XEP,moderate_stress,train
T2JAL2XEP_4086-7645-4598-8157.jpg,T2JAL2XEP,moderate_stress,train
T2JAL2XEP_4086-8157-4598-8669.jpg,T2JAL2XEP,moderate_stress,train
T2JAL2XEP_4316-7456-4828-7968.jpg,T2JAL2XEP,healthy,train
T2JAL2XEP_4316-7968-4828-8480.jpg,T2JAL2XEP,moderate_stress,train
T2JAL2XEP_4316-8480-4828-8992.jpg,T2JAL2XEP,healthy,train
T2JAL2XEP_4506-10619-5018-11131.jpg,T2JAL2XEP,moderate_stress,train
T2JAL2XEP_5018-10619-5530-11131.jpg,T2JAL2XEP,moderate_stress,train
T2JAL2XEP_5281-8323-5793-8835.jpg,T2JAL2XEP,moderate_stress,train
T2JAL2XEP_5363-8750-5875-9262.jpg,T2JAL2XEP,moderate_stress,train
T2JAL2XEP_753-1165-1265-1677.jpg,T2JAL2XEP,moderate_stress,train
T4D9ZE3JW_1212-5258-1724-5770.jpg,T4D9ZE3JW,healthy,train
T4D9ZE3JW_2501-5200-3013-5712.jpg,T4D9ZE3JW,moderate_stress,train
T4D9ZE3JW_369-5028-881-5540.jpg,T4D9ZE3JW,healthy,train
T4D9ZE3JW_3983-729-4495-1241.jpg,T4D9ZE3JW,moderate_stress,train
T4D9ZE3JW_4088-5366-4600-5878.jpg,T4D9ZE3JW,healthy,train
T4D9ZE3JW_5445-5519-5957-6031.jpg,T4D9ZE3JW,moderate_stress,train
T4D9ZE3JW_6456-2170-6968-2682.jpg,T4D9ZE3JW,moderate_stress,train
TA1ZNV372_1264-318-1776-830.jpg,TA1ZNV372,moderate_stress,train
TA1ZNV372_405-475-917-987.jpg,TA1ZNV372,moderate_stress,train
TA1ZNV372_863-485-1375-997.jpg,TA1ZNV372,healthy,train
TFHI9AI4A_1275-5968-1787-6480.jpg,TFHI9AI4A,moderate_stress,train
TFHI9AI4A_2433-1045-2945-1557.jpg,TFHI9AI4A,healthy,train
TFHI9AI4A_478-4061-990-4573.jpg,TFHI9AI4A,healthy,train
TFHI9AI4A_792-576-1304-1088.jpg,TFHI9AI4A,moderate_stress,train
TFHI9AI4A_868-1783-1380-2295.jpg,TFHI9AI4A,healthy,train
TFHNW7XMX_1093-7259-1605-7771.jpg,TFHNW7XMX,severe_stress,train
TFHNW7XMX_1451-7309-1963-7821.jpg,TFHNW7XMX,severe_stress,train
TFHNW7XMX_2115-7432-2627-7944.jpg,TFHNW7XMX,healthy,train
TFHNW7XMX_2627-7432-3139-7944.jpg,TFHNW7XMX,severe_stress,train
TFHNW7XMX_2977-7680-3489-8192.jpg,TFHNW7XMX,severe_stress,train
TFHNW7XMX_4710-3124-5222-3636.jpg,TFHNW7XMX,severe_stress,train
TFHNW7XMX_5006-3593-5518-4105.jpg,TFHNW7XMX,severe_stress,train
TFHNW7XMX_5006-4105-5518-4617.jpg,TFHNW7XMX,severe_stress,train
TGKNHRXRX_250-3200-762-3712.jpg,TGKNHRXRX,moderate_stress,train
TGKNHRXRX_3696-888-4208-1400.jpg,TGKNHRXRX,moderate_stress,train
TGKNHRXRX_4208-376-4720-888.jpg,TGKNHRXRX,moderate_stress,train
TGKNHRXRX_4208-888-4720-1400.jpg,TGKNHRXRX,moderate_stress,train
TGKNHRXRX_4720-376-5232-888.jpg,TGKNHRXRX,moderate_stress,train
TGKNHRXRX_4720-888-5232-1400.jpg,TGKNHRXRX,moderate_stress,train
TIKTCUWE8_1607-10127-2119-10639.jpg,TIKTCUWE8,moderate_stress,train
TIKTCUWE8_4579-449-5091-961.jpg,TIKTCUWE8,healthy,train
TIKTCUWE8_5277-462-5789-974.jpg,TIKTCUWE8,moderate_stress,train
TIKTCUWE8_5620-432-6132-944.jpg,TIKTCUWE8,moderate_stress,train
TIKTCUWE8_608-10227-1120-10739.jpg,TIKTCUWE8,moderate_stress,train
TIKTCUWE8_6909-9186-7421-9698.jpg,TIKTCUWE8,moderate_stress,train
TIKTCUWE8_7189-10135-7701-10647.jpg,TIKTCUWE8,moderate_stress,train
TIKTCUWE8_7242-9182-7754-9694.jpg,TIKTCUWE8,moderate_stress,train
TIKTCUWE8_7514-8995-8026-9507.jpg,TIKTCUWE8,moderate_stress,train
TIKTCUWE8_7643-351-8155-863.jpg,TIKTCUWE8,moderate_stress,train
TJAQHLV39_347-1789-859-2301.jpg,TJAQHLV39,moderate_stress,train
TJAQHLV39_966-1097-1478-1609.jpg,TJAQHLV39,healthy,train
TJD8U6HWN_4108-7410-4620-7922.jpg,TJD8U6HWN,healthy,train
TKFR81ZLJ_1185-3579-1697-4091.jpg,TKFR81ZLJ,severe_stress,train
TKFR81ZLJ_1195-2009-1707-2521.jpg,TKFR81ZLJ,severe_stress,train
TKFR81ZLJ_1324-5077-1836-5589.jpg,TKFR81ZLJ,severe_stress,train
TKFR81ZLJ_1448-2894-1960-3406.jpg,TKFR81ZLJ,severe_stress,train
TKFR81ZLJ_1566-1715-2078-2227.jpg,TKFR81ZLJ,severe_stress,train
TKFR81ZLJ_1628-4945-2140-5457.jpg,TKFR81ZLJ,severe_stress,train
TKFR81ZLJ_1664-3456-2176-3968.jpg,TKFR81ZLJ,severe_stress,train
TKFR81ZLJ_1689-3942-2201-4454.jpg,TKFR81ZLJ,severe_stress,train
TKFR81ZLJ_1707-2009-2219-2521.jpg,TKFR81ZLJ,severe_stress,train
TKFR81ZLJ_1758-2598-2270-3110.jpg,TKFR81ZLJ,severe_stress,train
TKFR81ZLJ_2008-5067-2520-5579.jpg,TKFR81ZLJ,severe_stress,train
TKFR81ZLJ_2078-1715-2590-2227.jpg,TKFR81ZLJ,severe_stress,train
TKFR81ZLJ_2116-4011-2628-4523.jpg,TKFR81ZLJ,severe_stress,train
TKFR81ZLJ_2176-3456-2688-3968.jpg,TKFR81ZLJ,severe_stress,train
TKFR81ZLJ_2242-1354-2754-1866.jpg,TKFR81ZLJ,severe_stress,train
TKFR81ZLJ_2261-4458-2773-4970.jpg,TKFR81ZLJ,severe_stress,train
TKFR81ZLJ_2323-2697-2835-3209.jpg,TKFR81ZLJ,severe_stress,train
TKFR81ZLJ_2398-5081-2910-5593.jpg,TKFR81ZLJ,healthy,train
TKFR81ZLJ_2453-4223-2965-4735.jpg,TKFR81ZLJ,severe_stress,train
TKFR81ZLJ_2555-3145-3067-3657.jpg,TKFR81ZLJ,severe_stress,train
TKFR81ZLJ_2590-1203-3102-1715.jpg,TKFR81ZLJ,severe_stress,train
TKFR81ZLJ_2590-1715-3102-2227.jpg,TKFR81ZLJ,severe_stress,train
TKFR81ZLJ_2590-691-3102-1203.jpg,TKFR81ZLJ,severe_stress,train
TKFR81ZLJ_2608-2221-3120-2733.jpg,TKFR81ZLJ,severe_stress,train
TKFR81ZLJ_2628-3499-3140-4011.jpg,TKFR81ZLJ,severe_stress,train
TKFR81ZLJ_2628-4011-3140-4523.jpg,TKFR81ZLJ,severe_stress,train
TKFR81ZLJ_2819-5069-3331-5581.jpg,TKFR81ZLJ,severe_stress,train
TKFR81ZLJ_2835-3209-3347-3721.jpg,TKFR81ZLJ,severe_stress,train
TKFR81ZLJ_2926-2417-3438-2929.jpg,TKFR81ZLJ,severe_stress,train
TKFR81ZLJ_2935-293-3447-805.jpg,TKFR81ZLJ,severe_stress,train
TKFR81ZLJ_2965-4223-3477-4735.jpg,TKFR81ZLJ,severe_stress,train
TKFR81ZLJ_3027-2660-3539-3172.jpg,TKFR81ZLJ,severe_stress,train
TKFR81ZLJ_3068-1598-3580-2110.jpg,TKFR81ZLJ,severe_stress,train
TKFR81ZLJ_3083-3603-3595-4115.jpg,TKFR81ZLJ,severe_stress,train
TKFR81ZLJ_3140-4011-3652-4523.jpg,TKFR81ZLJ,severe_stress,train
TKFR81ZLJ_3150-858-3662-1370.jpg,TKFR81ZLJ,severe_stress,train
TKFR81ZLJ_3230-2837-3742-3349.jpg,TKFR81ZLJ,severe_stress,train
TKFR81ZLJ_3253-4950-3765-5462.jpg,TKFR81ZLJ,severe_stress,train
TKFR81ZLJ_3357-1846-3869-2358.jpg,TKFR81ZLJ,severe_stress,train
TKFR81ZLJ_3439-2149-3951-2661.jpg,TKFR81ZLJ,severe_stress,train
TKFR81ZLJ_3439-2661-3951-3173.jpg,TKFR81ZLJ,severe_stress,train
TKFR81ZLJ_349-3348-861-3860.jpg,TKFR81ZLJ,severe_stress,train
TKFR81ZLJ_3662-858-4174-1370.jpg,TKFR81ZLJ,severe_stress,train
TKFR81ZLJ_369-2131-881-2643.jpg,TKFR81ZLJ,severe_stress,train
TKFR81ZLJ_3742-2837-4254-3349.jpg,TKFR81ZLJ,severe_stress,train
TKFR81ZLJ_3856-4175-4368-4687.jpg,TKFR81ZLJ,severe_stress,train
TKFR81ZLJ_3856-4687-4368-5199.jpg,TKFR81ZLJ,severe_stress,train
TKFR81ZLJ_4172-2839-4684-3351.jpg,TKFR81ZLJ,severe_stress,train
TKFR81ZLJ_4197-4918-4709-5430.jpg,TKFR81ZLJ,severe_stress,train
TKFR81ZLJ_4368-4687-4880-5199.jpg,TKFR81ZLJ,severe_stress,train
TKFR81ZLJ_4543-3544-5055-4056.jpg,TKFR81ZLJ,severe_stress,train
TKFR81ZLJ_4600-4172-5112-4684.jpg,TKFR81ZLJ,severe_stress,train
TKFR81ZLJ_4885-1862-5397-2374.jpg,TKFR81ZLJ,severe_stress,train
TKFR81ZLJ_792-3540-1304-4052.jpg,TKFR81ZLJ,severe_stress,train
TKFR81ZLJ_859-2095-1371-2607.jpg,TKFR81ZLJ,severe_stress,train
TKFR81ZLJ_882-1159-1394-1671.jpg,TKFR81ZLJ,severe_stress,train
TKFR81ZLJ_909-437-1421-949.jpg,TKFR81ZLJ,severe_stress,train
TNP1C2JG9_2571-528-3083-1040.jpg,TNP1C2JG9,moderate_stress,train
TNP1C2JG9_3083-528-3595-1040.jpg,TNP1C2JG9,moderate_stress,train
TNP1C2JG9_3595-528-4107-1040.jpg,TNP1C2JG9,moderate_stress,train
TNP1C2JG9_3940-531-4452-1043.jpg,TNP1C2JG9,moderate_stress,train
TNP1C2JG9_4452-531-4964-1043.jpg,TNP1C2JG9,healthy,train
TTPMH7BDQ_1075-5008-1587-5520.jpg,TTPMH7BDQ,healthy,train
TTPMH7BDQ_1617-1534-2129-2046.jpg,TTPMH7BDQ,moderate_stress,train
TTPMH7BDQ_2134-1104-2646-1616.jpg,TTPMH7BDQ,moderate_stress,train
TTPMH7BDQ_2480-3708-2992-4220.jpg,TTPMH7BDQ,healthy,train
TTPMH7BDQ_2653-4681-3165-5193.jpg,TTPMH7BDQ,moderate_stress,train
TTPMH7BDQ_2890-811-3402-1323.jpg,TTPMH7BDQ,moderate_stress,train
TTPMH7BDQ_3149-944-3661-1456.jpg,TTPMH7BDQ,moderate_stress,train
TTPMH7BDQ_327-3328-839-3840.jpg,TTPMH7BDQ,healthy,train
TTPMH7BDQ_3290-2608-3802-3120.jpg,TTPMH7BDQ,moderate_stress,train
TTPMH7BDQ_3383-830-3895-1342.jpg,TTPMH7BDQ,moderate_stress,train
TTPMH7BDQ_3448-2819-3960-3331.jpg,TTPMH7BDQ,moderate_stress,train
TTPMH7BDQ_3736-878-4248-1390.jpg,TTPMH7BDQ,moderate_stress,train
TTPMH7BDQ_3787-2707-4299-3219.jpg,TTPMH7BDQ,healthy,train
TTPMH7BDQ_4067-871-4579-1383.jpg,TTPMH7BDQ,moderate_stress,train
TTPMH7BDQ_4726-1326-5238-1838.jpg,TTPMH7BDQ,healthy,train
TTPMH7BDQ_4899-1021-5411-1533.jpg,TTPMH7BDQ,healthy,train
TTPMH7BDQ_5574-5007-6086-5519.jpg,TTPMH7BDQ,healthy,train
TTPMH7BDQ_562-4526-1074-5038.jpg,TTPMH7BDQ,healthy,train
TTPMH7BDQ_567-4143-1079-4655.jpg,TTPMH7BDQ,healthy,train
TTPMH7BDQ_5702-3461-6214-3973.jpg,TTPMH7BDQ,healthy,train
TTPMH7BDQ_5989-2629-6501-3141.jpg,TTPMH7BDQ,moderate_stress,train
TTPMH7BDQ_6015-4719-6527-5231.jpg,TTPMH7BDQ,healthy,train
TTPMH7BDQ_6018-3586-6530-4098.jpg,TTPMH7BDQ,healthy,train
TTPMH7BDQ_6099-2998-6611-3510.jpg,TTPMH7BDQ,healthy,train
TTPMH7BDQ_6179-2241-6691-2753.jpg,TTPMH7BDQ,healthy,train
TTPMH7BDQ_6218-3206-6730-3718.jpg,TTPMH7BDQ,healthy,train
TTPMH7BDQ_705-434-1217-946.jpg,TTPMH7BDQ,moderate_stress,train
TTT26VWVE_4777-5156-5289-5668.jpg,TTT26VWVE,healthy,train
TTT26VWVE_7341-4409-7853-4921.jpg,TTT26VWVE,moderate_stress,train
TTT26VWVE_7341-4921-7853-5433.jpg,TTT26VWVE,moderate_stress,train
TTT26VWVE_7811-4213-8323-4725.jpg,TTT26VWVE,moderate_stress,train
TTT26VWVE_7853-4921-8365-5433.jpg,TTT26VWVE,moderate_stress,train
TW7QGQ1TW_1230-5530-1742-6042.jpg,TW7QGQ1TW,healthy,train
TW7QGQ1TW_2194-5852-2706-6364.jpg,TW7QGQ1TW,severe_stress,train
TW7QGQ1TW_2706-5852-3218-6364.jpg,TW7QGQ1TW,severe_stress,train
TYAP22MAP_1080-427-1592-939.jpg,TYAP22MAP,moderate_stress,train
TYJILN8IK_1169-2887-1681-3399.jpg,TYJILN8IK,severe_stress,train
TYJILN8IK_1347-3084-1859-3596.jpg,TYJILN8IK,severe_stress,train
TYJILN8IK_1416-1948-1928-2460.jpg,TYJILN8IK,severe_stress,train
TYJILN8IK_1416-2460-1928-2972.jpg,TYJILN8IK,severe_stress,train
TYJILN8IK_1465-3706-1977-4218.jpg,TYJILN8IK,severe_stress,train
TYJILN8IK_1572-7101-2084-7613.jpg,TYJILN8IK,severe_stress,train
TYJILN8IK_1680-5503-2192-6015.jpg,TYJILN8IK,severe_stress,train
TYJILN8IK_1681-2887-2193-3399.jpg,TYJILN8IK,severe_stress,train
TYJILN8IK_1825-3766-2337-4278.jpg,TYJILN8IK,severe_stress,train
TYJILN8IK_1825-4278-2337-4790.jpg,TYJILN8IK,severe_stress,train
TYJILN8IK_1879-7329-2391-7841.jpg,TYJILN8IK,severe_stress,train
TYJILN8IK_1906-2101-2418-2613.jpg,TYJILN8IK,severe_stress,train
TYJILN8IK_1920-2796-2432-3308.jpg,TYJILN8IK,severe_stress,train
TYJILN8IK_1977-3194-2489-3706.jpg,TYJILN8IK,severe_stress,train
TYJILN8IK_2063-297-2575-809.jpg,TYJILN8IK,healthy,train
TYJILN8IK_2241-5200-2753-5712.jpg,TYJILN8IK,healthy,train
TYJILN8IK_2253-3158-2765-3670.jpg,TYJILN8IK,severe_stress,train
TYJILN8IK_2259-3860-2771-4372.jpg,TYJILN8IK,severe_stress,train
TYJILN8IK_2353-2819-2865-3331.jpg,TYJILN8IK,severe_stress,train
TYJILN8IK_2367-2467-2879-2979.jpg,TYJILN8IK,severe_stress,train
TYJILN8IK_241-6656-753-7168.jpg,TYJILN8IK,healthy,train
TYJILN8IK_242-1698-754-2210.jpg,TYJILN8IK,severe_stress,train
TYJILN8IK_2434-3409-2946-3921.jpg,TYJILN8IK,severe_stress,train
TYJILN8IK_2482-6174-2994-6686.jpg,TYJILN8IK,healthy,train
TYJILN8IK_2514-6734-3026-7246.jpg,TYJILN8IK,severe_stress,train
TYJILN8IK_2514-7246-3026-7758.jpg,TYJILN8IK,severe_stress,train
TYJILN8IK_2536-1486-3048-1998.jpg,TYJILN8IK,healthy,train
TYJILN8IK_2596-7941-3108-8453.jpg,TYJILN8IK,severe_stress,train
TYJILN8IK_2645-2812-3157-3324.jpg,TYJILN8IK,severe_stress,train
TYJILN8IK_2664-3232-3176-3744.jpg,TYJILN8IK,severe_stress,train
TYJILN8IK_2664-3744-3176-4256.jpg,TYJILN8IK,severe_stress,train
TYJILN8IK_2713-6302-3225-6814.jpg,TYJILN8IK,severe_stress,train
TYJILN8IK_2794-7014-3306-7526.jpg,TYJILN8IK,severe_stress,train
TYJILN8IK_2946-6769-3458-7281.jpg,TYJILN8IK,severe_stress,train
TYJILN8IK_3083-6234-3595-6746.jpg,TYJILN8IK,severe_stress,train
TYJILN8IK_3124-7423-3636-7935.jpg,TYJILN8IK,severe_stress,train
TYJILN8IK_3166-5163-3678-5675.jpg,TYJILN8IK,severe_stress,train
TYJILN8IK_3196-3358-3708-3870.jpg,TYJILN8IK,severe_stress,train
TYJILN8IK_3296-3694-3808-4206.jpg,TYJILN8IK,severe_stress,train
TYJILN8IK_3351-2859-3863-3371.jpg,TYJILN8IK,severe_stress,train
TYJILN8IK_3379-4974-3891-5486.jpg,TYJILN8IK,severe_stress,train
TYJILN8IK_3385-5626-3897-6138.jpg,TYJILN8IK,severe_stress,train
TYJILN8IK_3449-7446-3961-7958.jpg,TYJILN8IK,severe_stress,train
TYJILN8IK_3449-7958-3961-8470.jpg,TYJILN8IK,severe_stress,train
TYJILN8IK_3605-4882-4117-5394.jpg,TYJILN8IK,healthy,train
TYJILN8IK_3863-2859-4375-3371.jpg,TYJILN8IK,severe_stress,train
TYJILN8IK_392-1948-904-2460.jpg,TYJILN8IK,severe_stress,train
TYJILN8IK_392-2460-904-2972.jpg,TYJILN8IK,severe_stress,train
TYJILN8IK_3937-3122-4449-3634.jpg,TYJILN8IK,severe_stress,train
TYJILN8IK_3961-7446-4473-7958.jpg,TYJILN8IK,severe_stress,train
TYJILN8IK_3961-7958-4473-8470.jpg,TYJILN8IK,severe_stress,train
TYJILN8IK_3962-4893-4474-5405.jpg,TYJILN8IK,healthy,train
TYJILN8IK_400-6866-912-7378.jpg,TYJILN8IK,healthy,train
TYJILN8IK_414-3225-926-3737.jpg,TYJILN8IK,severe_stress,train
TYJILN8IK_422-1206-934-1718.jpg,TYJILN8IK,healthy,train
TYJILN8IK_445-716-957-1228.jpg,TYJILN8IK,severe_stress,train
TYJILN8IK_556-1598-1068-2110.jpg,TYJILN8IK,severe_stress,train
TYJILN8IK_772-830-1284-1342.jpg,TYJILN8IK,severe_stress,train
TYJILN8IK_904-1948-1416-2460.jpg,TYJILN8IK,severe_stress,train
TYJILN8IK_904-2460-1416-2972.jpg,TYJILN8IK,severe_stress,train
TYJILN8IK_926-3225-1438-3737.jpg,TYJILN8IK,severe_stress,train
U14YUW2BE_263-6886-775-7398.jpg,U14YUW2BE,healthy,train
U14YUW2BE_402-3943-914-4455.jpg,U14YUW2BE,moderate_stress,train
U1I94LQH7_3019-5007-3531-5519.jpg,U1I94LQH7,healthy,train
U1T6WU7J9_1358-1909-1870-2421.jpg,U1T6WU7J9,severe_stress,train
U1T6WU7J9_1566-2983-2078-3495.jpg,U1T6WU7J9,severe_stress,train
U1T6WU7J9_1641-5077-2153-5589.jpg,U1T6WU7J9,severe_stress,train
U1T6WU7J9_1643-1724-2155-2236.jpg,U1T6WU7J9,severe_stress,train
U1T6WU7J9_1703-2719-2215-3231.jpg,U1T6WU7J9,severe_stress,train
U1T6WU7J9_2054-5190-2566-5702.jpg,U1T6WU7J9,severe_stress,train
U1T6WU7J9_2155-1724-2667-2236.jpg,U1T6WU7J9,severe_stress,train
U1T6WU7J9_2196-1352-2708-1864.jpg,U1T6WU7J9,severe_stress,train
U1T6WU7J9_2228-4726-2740-5238.jpg,U1T6WU7J9,severe_stress,train
U1T6WU7J9_2302-3874-2814-4386.jpg,U1T6WU7J9,severe_stress,train
U1T6WU7J9_2310-2592-2822-3104.jpg,U1T6WU7J9,severe_stress,train
U1T6WU7J9_2436-3656-2948-4168.jpg,U1T6WU7J9,severe_stress,train
U1T6WU7J9_2470-1782-2982-2294.jpg,U1T6WU7J9,severe_stress,train
U1T6WU7J9_2488-4250-3000-4762.jpg,U1T6WU7J9,severe_stress,train
U1T6WU7J9_2622-1487-3134-1999.jpg,U1T6WU7J9,severe_stress,train
U1T6WU7J9_2633-297-3145-809.jpg,U1T6WU7J9,severe_stress,train
U1T6WU7J9_2633-809-3145-1321.jpg,U1T6WU7J9,severe_stress,train
U1T6WU7J9_2723-2105-3235-2617.jpg,U1T6WU7J9,severe_stress,train
U1T6WU7J9_2854-565-3366-1077.jpg,U1T6WU7J9,severe_stress,train
U1T6WU7J9_2883-5192-3395-5704.jpg,U1T6WU7J9,severe_stress,train
U1T6WU7J9_2900-3343-3412-3855.jpg,U1T6WU7J9,healthy,train
U1T6WU7J9_2918-3707-3430-4219.jpg,U1T6WU7J9,healthy,train
U1T6WU7J9_2988-2481-3500-2993.jpg,U1T6WU7J9,healthy,train
U1T6WU7J9_3000-4250-3512-4762.jpg,U1T6WU7J9,severe_stress,train
U1T6WU7J9_3018-862-3530-1374.jpg,U1T6WU7J9,severe_stress,train
U1T6WU7J9_3160-3233-3672-3745.jpg,U1T6WU7J9,severe_stress,train
U1T6WU7J9_3216-285-3728-797.jpg,U1T6WU7J9,healthy,train
U1T6WU7J9_3274-5188-3786-5700.jpg,U1T6WU7J9,severe_stress,train
U1T6WU7J9_3307-696-3819-1208.jpg,U1T6WU7J9,severe_stress,train
U1T6WU7J9_3329-2814-3841-3326.jpg,U1T6WU7J9,severe_stress,train
U1T6WU7J9_3629-2445-4141-2957.jpg,U1T6WU7J9,severe_stress,train
U1T6WU7J9_3789-4083-4301-4595.jpg,U1T6WU7J9,severe_stress,train
U1T6WU7J9_3802-1079-4314-1591.jpg,U1T6WU7J9,healthy,train
U1T6WU7J9_382-2145-894-2657.jpg,U1T6WU7J9,severe_stress,train
U1T6WU7J9_3900-4682-4412-5194.jpg,U1T6WU7J9,severe_stress,train
U1T6WU7J9_3978-5072-4490-5584.jpg,U1T6WU7J9,severe_stress,train
U1T6WU7J9_4013-4364-4525-4876.jpg,U1T6WU7J9,severe_stress,train
U1T6WU7J9_416-3472-928-3984.jpg,U1T6WU7J9,healthy,train
U1T6WU7J9_4322-5188-4834-5700.jpg,U1T6WU7J9,severe_stress,train
U1T6WU7J9_4412-4682-4924-5194.jpg,U1T6WU7J9,severe_stress,train
U1T6WU7J9_4525-4364-5037-4876.jpg,U1T6WU7J9,severe_stress,train
U1T6WU7J9_4696-3694-5208-4206.jpg,U1T6WU7J9,severe_stress,train
U1T6WU7J9_4773-3946-5285-4458.jpg,U1T6WU7J9,severe_stress,train
U1T6WU7J9_4773-4458-5285-4970.jpg,U1T6WU7J9,severe_stress,train
U1T6WU7J9_929-2118-1441-2630.jpg,U1T6WU7J9,severe_stress,train
U1T6WU7J9_938-450-1450-962.jpg,U1T6WU7J9,healthy,train
U246XEJPV_10189-4785-10701-5297.jpg,U246XEJPV,healthy,train
U246XEJPV_4675-5083-5187-5595.jpg,U246XEJPV,moderate_stress,train
U246XEJPV_4871-2970-5383-3482.jpg,U246XEJPV,healthy,train
U246XEJPV_5037-1936-5549-2448.jpg,U246XEJPV,moderate_stress,train
U246XEJPV_5227-4950-5739-5462.jpg,U246XEJPV,moderate_stress,train
U246XEJPV_5245-2962-5757-3474.jpg,U246XEJPV,moderate_stress,train
U246XEJPV_5258-4384-5770-4896.jpg,U246XEJPV,moderate_stress,train
U246XEJPV_5259-3396-5771-3908.jpg,U246XEJPV,moderate_stress,train
U246XEJPV_5269-1621-5781-2133.jpg,U246XEJPV,moderate_stress,train
U246XEJPV_5306-2102-5818-2614.jpg,U246XEJPV,moderate_stress,train
U246XEJPV_5335-700-5847-1212.jpg,U246XEJPV,moderate_stress,train
U246XEJPV_5450-1834-5962-2346.jpg,U246XEJPV,moderate_stress,train
U246XEJPV_5479-1461-5991-1973.jpg,U246XEJPV,moderate_stress,train
U246XEJPV_5482-3955-5994-4467.jpg,U246XEJPV,moderate_stress,train
U246XEJPV_5483-3072-5995-3584.jpg,U246XEJPV,moderate_stress,train
U246XEJPV_5483-3584-5995-4096.jpg,U246XEJPV,moderate_stress,train
U246XEJPV_5486-4596-5998-5108.jpg,U246XEJPV,moderate_stress,train
U246XEJPV_5486-5108-5998-5620.jpg,U246XEJPV,moderate_stress,train
U246XEJPV_7311-5115-7823-5627.jpg,U246XEJPV,healthy,train
U246XEJPV_9828-5139-10340-5651.jpg,U246XEJPV,healthy,train
U3FKGHW7Y_1008-5572-1520-6084.jpg,U3FKGHW7Y,severe_stress,train
U3FKGHW7Y_1008-6084-1520-6596.jpg,U3FKGHW7Y,severe_stress,train
U3FKGHW7Y_1008-6596-1520-7108.jpg,U3FKGHW7Y,severe_stress,train
U3FKGHW7Y_1058-7225-1570-7737.jpg,U3FKGHW7Y,severe_stress,train
U3FKGHW7Y_1058-7737-1570-8249.jpg,U3FKGHW7Y,severe_stress,train
U3FKGHW7Y_1144-1321-1656-1833.jpg,U3FKGHW7Y,severe_stress,train
U3FKGHW7Y_1144-809-1656-1321.jpg,U3FKGHW7Y,severe_stress,train
U3FKGHW7Y_1156-330-1668-842.jpg,U3FKGHW7Y,severe_stress,train
U3FKGHW7Y_1467-7100-1979-7612.jpg,U3FKGHW7Y,severe_stress,train
U3FKGHW7Y_1467-7612-1979-8124.jpg,U3FKGHW7Y,severe_stress,train
U3FKGHW7Y_1518-2399-2030-2911.jpg,U3FKGHW7Y,severe_stress,train
U3FKGHW7Y_1518-2911-2030-3423.jpg,U3FKGHW7Y,severe_stress,train
U3FKGHW7Y_1518-3423-2030-3935.jpg,U3FKGHW7Y,severe_stress,train
U3FKGHW7Y_1518-3935-2030-4447.jpg,U3FKGHW7Y,severe_stress,train
U3FKGHW7Y_1656-1321-2168-1833.jpg,U3FKGHW7Y,severe_stress,train
U3FKGHW7Y_1656-297-2168-809.jpg,U3FKGHW7Y,severe_stress,train
U3FKGHW7Y_1979-7100-2491-7612.jpg,U3FKGHW7Y,severe_stress,train
U3FKGHW7Y_1979-7612-2491-8124.jpg,U3FKGHW7Y,severe_stress,train
U3FKGHW7Y_2030-2399-2542-2911.jpg,U3FKGHW7Y,severe_stress,train
U3FKGHW7Y_2030-2911-2542-3423.jpg,U3FKGHW7Y,severe_stress,train
U3FKGHW7Y_2030-3935-2542-4447.jpg,U3FKGHW7Y,severe_stress,train
U3FKGHW7Y_2163-738-2675-1250.jpg,U3FKGHW7Y,severe_stress,train
U3FKGHW7Y_2168-1321-2680-1833.jpg,U3FKGHW7Y,healthy,train
U3FKGHW7Y_2168-297-2680-809.jpg,U3FKGHW7Y,severe_stress,train
U3FKGHW7Y_2310-2017-2822-2529.jpg,U3FKGHW7Y,healthy,train
U3FKGHW7Y_2362-1485-2874-1997.jpg,U3FKGHW7Y,healthy,train
U3FKGHW7Y_241-1074-753-1586.jpg,U3FKGHW7Y,severe_stress,train
U3FKGHW7Y_241-1586-753-2098.jpg,U3FKGHW7Y,severe_stress,train
U3FKGHW7Y_241-562-753-1074.jpg,U3FKGHW7Y,severe_stress,train
U3FKGHW7Y_2491-7100-3003-7612.jpg,U3FKGHW7Y,severe_stress,train
U3FKGHW7Y_2542-2399-3054-2911.jpg,U3FKGHW7Y,severe_stress,train
U3FKGHW7Y_2542-2911-3054-3423.jpg,U3FKGHW7Y,severe_stress,train
U3FKGHW7Y_2542-3423-3054-3935.jpg,U3FKGHW7Y,severe_stress,train
U3FKGHW7Y_2542-3935-3054-4447.jpg,U3FKGHW7Y,severe_stress,train
U3FKGHW7Y_342-4569-854-5081.jpg,U3FKGHW7Y,severe_stress,train
U3FKGHW7Y_496-5060-1008-5572.jpg,U3FKGHW7Y,severe_stress,train
U3FKGHW7Y_496-5572-1008-6084.jpg,U3FKGHW7Y,severe_stress,train
U3FKGHW7Y_523-855-1035-1367.jpg,U3FKGHW7Y,severe_stress,train
U3FKGHW7Y_546-6201-1058-6713.jpg,U3FKGHW7Y,severe_stress,train
U3FKGHW7Y_546-6713-1058-7225.jpg,U3FKGHW7Y,severe_stress,train
U3FKGHW7Y_546-7225-1058-7737.jpg,U3FKGHW7Y,severe_stress,train
U3FKGHW7Y_546-7737-1058-8249.jpg,U3FKGHW7Y,severe_stress,train
U3FKGHW7Y_592-1575-1104-2087.jpg,U3FKGHW7Y,severe_stress,train
U3FKGHW7Y_615-2379-1127-2891.jpg,U3FKGHW7Y,severe_stress,train
U3FKGHW7Y_698-3221-1210-3733.jpg,U3FKGHW7Y,severe_stress,train
U3FKGHW7Y_698-3733-1210-4245.jpg,U3FKGHW7Y,severe_stress,train
U3FKGHW7Y_726-679-1238-1191.jpg,U3FKGHW7Y,severe_stress,train
U3FKGHW7Y_753-1074-1265-1586.jpg,U3FKGHW7Y,severe_stress,train
U3FKGHW7Y_802-2005-1314-2517.jpg,U3FKGHW7Y,severe_stress,train
U3FKGHW7Y_854-5081-1366-5593.jpg,U3FKGHW7Y,severe_stress,train
U3FKGHW7Y_902-4492-1414-5004.jpg,U3FKGHW7Y,severe_stress,train
UAUWCHJ34_1450-444-1962-956.jpg,UAUWCHJ34,healthy,train
UAUWCHJ34_2074-2627-2586-3139.jpg,UAUWCHJ34,severe_stress,train
UAUWCHJ34_2586-2627-3098-3139.jpg,UAUWCHJ34,severe_stress,train
UF3XMHTTK_160-968-672-1480.jpg,UF3XMHTTK,healthy,train
UF3XMHTTK_2129-1802-2641-2314.jpg,UF3XMHTTK,healthy,train
UF3XMHTTK_2421-4122-2933-4634.jpg,UF3XMHTTK,healthy,train
UH8GAGMXE_356-617-868-1129.jpg,UH8GAGMXE,healthy,train
UH8GAGMXE_3806-2527-4318-3039.jpg,UH8GAGMXE,healthy,train
UH8GAGMXE_3857-2029-4369-2541.jpg,UH8GAGMXE,moderate_stress,train
UI1ULL8XK_1096-397-1608-909.jpg,UI1ULL8XK,moderate_stress,train
UI1ULL8XK_1610-441-2122-953.jpg,UI1ULL8XK,healthy,train
UI1ULL8XK_351-623-863-1135.jpg,UI1ULL8XK,healthy,train
UI1ULL8XK_3691-488-4203-1000.jpg,UI1ULL8XK,moderate_stress,train
UI1ULL8XK_3880-729-4392-1241.jpg,UI1ULL8XK,moderate_stress,train
UI1ULL8XK_4392-729-4904-1241.jpg,UI1ULL8XK,moderate_stress,train
UI1ULL8XK_4904-729-5416-1241.jpg,UI1ULL8XK,moderate_stress,train
UI1ULL8XK_5024-1421-5536-1933.jpg,UI1ULL8XK,moderate_stress,train
UI1ULL8XK_5028-1107-5540-1619.jpg,UI1ULL8XK,moderate_stress,train
UI1ULL8XK_5053-2822-5565-3334.jpg,UI1ULL8XK,healthy,train
UI1ULL8XK_626-880-1138-1392.jpg,UI1ULL8XK,moderate_stress,train
UI4AVFAD9_2101-4987-2613-5499.jpg,UI4AVFAD9,moderate_stress,train
UI4AVFAD9_2575-5106-3087-5618.jpg,UI4AVFAD9,moderate_stress,train
UI4AVFAD9_4791-4770-5303-5282.jpg,UI4AVFAD9,healthy,train
UI4AVFAD9_488-542-1000-1054.jpg,UI4AVFAD9,healthy,train
UI4AVFAD9_4972-3787-5484-4299.jpg,UI4AVFAD9,moderate_stress,train
UI4AVFAD9_5108-377-5620-889.jpg,UI4AVFAD9,healthy,train
UJYWY9WQN_1374-1548-1886-2060.jpg,UJYWY9WQN,severe_stress,train
UJYWY9WQN_1374-2060-1886-2572.jpg,UJYWY9WQN,severe_stress,train
UJYWY9WQN_1375-356-1887-868.jpg,UJYWY9WQN,severe_stress,train
UJYWY9WQN_1375-868-1887-1380.jpg,UJYWY9WQN,severe_stress,train
UJYWY9WQN_1781-2203-2293-2715.jpg,UJYWY9WQN,severe_stress,train
UJYWY9WQN_1887-356-2399-868.jpg,UJYWY9WQN,severe_stress,train
UJYWY9WQN_2293-2203-2805-2715.jpg,UJYWY9WQN,severe_stress,train
UJYWY9WQN_350-1548-862-2060.jpg,UJYWY9WQN,severe_stress,train
UJYWY9WQN_350-2060-862-2572.jpg,UJYWY9WQN,severe_stress,train
UJYWY9WQN_351-356-863-868.jpg,UJYWY9WQN,severe_stress,train
UJYWY9WQN_351-868-863-1380.jpg,UJYWY9WQN,severe_stress,train
UJYWY9WQN_862-1548-1374-2060.jpg,UJYWY9WQN,severe_stress,train
UJYWY9WQN_862-2060-1374-2572.jpg,UJYWY9WQN,severe_stress,train
UJYWY9WQN_863-356-1375-868.jpg,UJYWY9WQN,severe_stress,train
UJYWY9WQN_863-868-1375-1380.jpg,UJYWY9WQN,severe_stress,train
UMJFR6DWV_3966-1183-4478-1695.jpg,UMJFR6DWV,healthy,train
UV22A7L4K_283-316-795-828.jpg,UV22A7L4K,moderate_stress,train
UX4EHTLLB_2967-1090-3479-1602.jpg,UX4EHTLLB,severe_stress,train
UX4EHTLLB_2967-1602-3479-2114.jpg,UX4EHTLLB,severe_stress,train
UX4EHTLLB_2994-3405-3506-3917.jpg,UX4EHTLLB,severe_stress,train
UX4EHTLLB_2994-3917-3506-4429.jpg,UX4EHTLLB,healthy,train
UX4EHTLLB_3071-682-3583-1194.jpg,UX4EHTLLB,severe_stress,train
UX4EHTLLB_3073-2275-3585-2787.jpg,UX4EHTLLB,severe_stress,train
UX4EHTLLB_3073-2787-3585-3299.jpg,UX4EHTLLB,severe_stress,train
UX4EHTLLB_3093-4912-3605-5424.jpg,UX4EHTLLB,severe_stress,train
UX4EHTLLB_3134-1895-3646-2407.jpg,UX4EHTLLB,healthy,train
UX4EHTLLB_3389-3549-3901-4061.jpg,UX4EHTLLB,severe_stress,train
UX4EHTLLB_3604-3257-4116-3769.jpg,UX4EHTLLB,severe_stress,train
UX4EHTLLB_3639-949-4151-1461.jpg,UX4EHTLLB,healthy,train
UX4EHTLLB_3856-2928-4368-3440.jpg,UX4EHTLLB,severe_stress,train
UX4EHTLLB_3862-4178-4374-4690.jpg,UX4EHTLLB,healthy,train
UX4EHTLLB_3894-683-4406-1195.jpg,UX4EHTLLB,severe_stress,train
UX4EHTLLB_4164-2885-4676-3397.jpg,UX4EHTLLB,severe_stress,train
UX4EHTLLB_4265-2295-4777-2807.jpg,UX4EHTLLB,severe_stress,train
UX4EHTLLB_4269-4242-4781-4754.jpg,UX4EHTLLB,severe_stress,train
UX4EHTLLB_4283-2591-4795-3103.jpg,UX4EHTLLB,severe_stress,train
UX4EHTLLB_4324-457-4836-969.jpg,UX4EHTLLB,severe_stress,train
UX4EHTLLB_4549-4732-5061-5244.jpg,UX4EHTLLB,severe_stress,train
UX4EHTLLB_4552-666-5064-1178.jpg,UX4EHTLLB,severe_stress,train
UX4EHTLLB_4592-3267-5104-3779.jpg,UX4EHTLLB,severe_stress,train
UX4EHTLLB_4814-2572-5326-3084.jpg,UX4EHTLLB,severe_stress,train
UX4EHTLLB_4906-2936-5418-3448.jpg,UX4EHTLLB,severe_stress,train
UX4EHTLLB_4979-1597-5491-2109.jpg,UX4EHTLLB,severe_stress,train
UX4EHTLLB_5111-572-5623-1084.jpg,UX4EHTLLB,severe_stress,train
UX4EHTLLB_5209-2872-5721-3384.jpg,UX4EHTLLB,severe_stress,train
UX4EHTLLB_5322-440-5834-952.jpg,UX4EHTLLB,severe_stress,train
UX4EHTLLB_5381-3689-5893-4201.jpg,UX4EHTLLB,severe_stress,train
UX4EHTLLB_5518-2211-6030-2723.jpg,UX4EHTLLB,healthy,train
V3MHE1GKK_1191-1027-1703-1539.jpg,V3MHE1GKK,moderate_stress,train
V3MHE1GKK_2099-755-2611-1267.jpg,V3MHE1GKK,moderate_stress,train
V3MHE1GKK_2611-755-3123-1267.jpg,V3MHE1GKK,moderate_stress,train
V3MHE1GKK_2857-4844-3369-5356.jpg,V3MHE1GKK,moderate_stress,train
V3MHE1GKK_3123-755-3635-1267.jpg,V3MHE1GKK,moderate_stress,train
V3MHE1GKK_3369-4844-3881-5356.jpg,V3MHE1GKK,moderate_stress,train
V3MHE1GKK_3519-5255-4031-5767.jpg,V3MHE1GKK,moderate_stress,train
V3MHE1GKK_4031-5255-4543-5767.jpg,V3MHE1GKK,moderate_stress,train
V3MHE1GKK_5373-8805-5885-9317.jpg,V3MHE1GKK,moderate_stress,train
V3MHE1GKK_6640-7317-7152-7829.jpg,V3MHE1GKK,moderate_stress,train
V3MHE1GKK_679-1027-1191-1539.jpg,V3MHE1GKK,moderate_stress,train
V3MHE1GKK_7152-7317-7664-7829.jpg,V3MHE1GKK,moderate_stress,train
V3MHE1GKK_7664-7317-8176-7829.jpg,V3MHE1GKK,moderate_stress,train
V9TWZBZ47_1164-5323-1676-5835.jpg,V9TWZBZ47,healthy,train
V9TWZBZ47_140-4811-652-5323.jpg,V9TWZBZ47,severe_stress,train
V9TWZBZ47_140-5323-652-5835.jpg,V9TWZBZ47,severe_stress,train
V9TWZBZ47_1407-3960-1919-4472.jpg,V9TWZBZ47,severe_stress,train
V9TWZBZ47_1407-4472-1919-4984.jpg,V9TWZBZ47,severe_stress,train
V9TWZBZ47_1407-4984-1919-5496.jpg,V9TWZBZ47,healthy,train
V9TWZBZ47_1719-5358-2231-5870.jpg,V9TWZBZ47,severe_stress,train
V9TWZBZ47_1802-2594-2314-3106.jpg,V9TWZBZ47,severe_stress,train
V9TWZBZ47_1861-4578-2373-5090.jpg,V9TWZBZ47,severe_stress,train
V9TWZBZ47_1919-3960-2431-4472.jpg,V9TWZBZ47,severe_stress,train
V9TWZBZ47_1919-4984-2431-5496.jpg,V9TWZBZ47,severe_stress,train
V9TWZBZ47_2231-5358-2743-5870.jpg,V9TWZBZ47,severe_stress,train
V9TWZBZ47_2235-3007-2747-3519.jpg,V9TWZBZ47,severe_stress,train
V9TWZBZ47_2373-4578-2885-5090.jpg,V9TWZBZ47,severe_stress,train
V9TWZBZ47_2373-5090-2885-5602.jpg,V9TWZBZ47,healthy,train
V9TWZBZ47_2813-3708-3325-4220.jpg,V9TWZBZ47,severe_stress,train
V9TWZBZ47_2993-3862-3505-4374.jpg,V9TWZBZ47,severe_stress,train
V9TWZBZ47_307-2084-819-2596.jpg,V9TWZBZ47,severe_stress,train
V9TWZBZ47_307-2596-819-3108.jpg,V9TWZBZ47,severe_stress,train
V9TWZBZ47_3531-3528-4043-4040.jpg,V9TWZBZ47,severe_stress,train
V9TWZBZ47_3531-4040-4043-4552.jpg,V9TWZBZ47,severe_stress,train
V9TWZBZ47_4550-4620-5062-5132.jpg,V9TWZBZ47,severe_stress,train
V9TWZBZ47_4708-3734-5220-4246.jpg,V9TWZBZ47,severe_stress,train
V9TWZBZ47_4708-4246-5220-4758.jpg,V9TWZBZ47,severe_stress,train
V9TWZBZ47_4742-1693-5254-2205.jpg,V9TWZBZ47,severe_stress,train
V9TWZBZ47_4809-2288-5321-2800.jpg,V9TWZBZ47,severe_stress,train
V9TWZBZ47_4809-2800-5321-3312.jpg,V9TWZBZ47,severe_stress,train
V9TWZBZ47_4986-2969-5498-3481.jpg,V9TWZBZ47,severe_stress,train
V9TWZBZ47_4986-3481-5498-3993.jpg,V9TWZBZ47,severe_stress,train
V9TWZBZ47_5220-3734-5732-4246.jpg,V9TWZBZ47,severe_stress,train
V9TWZBZ47_5254-1693-5766-2205.jpg,V9TWZBZ47,severe_stress,train
V9TWZBZ47_5254-2205-5766-2717.jpg,V9TWZBZ47,severe_stress,train
V9TWZBZ47_5321-2800-5833-3312.jpg,V9TWZBZ47,severe_stress,train
V9TWZBZ47_652-4811-1164-5323.jpg,V9TWZBZ47,healthy,train
V9TWZBZ47_652-5323-1164-5835.jpg,V9TWZBZ47,severe_stress,train
V9TWZBZ47_796-3130-1308-3642.jpg,V9TWZBZ47,severe_stress,train
V9TWZBZ47_867-2475-1379-2987.jpg,V9TWZBZ47,severe_stress,train
VA7JH7F7Y_3210-1069-3722-1581.jpg,VA7JH7F7Y,moderate_stress,train
VDZ7ERF9W_1018-3267-1530-3779.jpg,VDZ7ERF9W,moderate_stress,train
VDZ7ERF9W_1038-2858-1550-3370.jpg,VDZ7ERF9W,moderate_stress,train
VDZ7ERF9W_1053-2000-1565-2512.jpg,VDZ7ERF9W,moderate_stress,train
VDZ7ERF9W_1113-1568-1625-2080.jpg,VDZ7ERF9W,moderate_stress,train
VDZ7ERF9W_1130-1154-1642-1666.jpg,VDZ7ERF9W,moderate_stress,train
VDZ7ERF9W_1222-2303-1734-2815.jpg,VDZ7ERF9W,moderate_stress,train
VDZ7ERF9W_1286-3033-1798-3545.jpg,VDZ7ERF9W,moderate_stress,train
VDZ7ERF9W_1489-2568-2001-3080.jpg,VDZ7ERF9W,moderate_stress,train
VDZ7ERF9W_1490-4462-2002-4974.jpg,VDZ7ERF9W,moderate_stress,train
VDZ7ERF9W_1533-1454-2045-1966.jpg,VDZ7ERF9W,moderate_stress,train
VDZ7ERF9W_1547-1942-2059-2454.jpg,VDZ7ERF9W,moderate_stress,train
VDZ7ERF9W_1572-3118-2084-3630.jpg,VDZ7ERF9W,moderate_stress,train
VDZ7ERF9W_1572-3630-2084-4142.jpg,VDZ7ERF9W,moderate_stress,train
VDZ7ERF9W_1572-4142-2084-4654.jpg,VDZ7ERF9W,moderate_stress,train
VDZ7ERF9W_1644-975-2156-1487.jpg,VDZ7ERF9W,moderate_stress,train
VDZ7ERF9W_1728-644-2240-1156.jpg,VDZ7ERF9W,moderate_stress,train
VDZ7ERF9W_1762-2781-2274-3293.jpg,VDZ7ERF9W,moderate_stress,train
VDZ7ERF9W_1970-2250-2482-2762.jpg,VDZ7ERF9W,moderate_stress,train
VDZ7ERF9W_1973-759-2485-1271.jpg,VDZ7ERF9W,moderate_stress,train
VDZ7ERF9W_2207-2132-2719-2644.jpg,VDZ7ERF9W,moderate_stress,train
VDZ7ERF9W_2287-523-2799-1035.jpg,VDZ7ERF9W,moderate_stress,train
VDZ7ERF9W_2289-1204-2801-1716.jpg,VDZ7ERF9W,healthy,train
VDZ7ERF9W_2617-9112-3129-9624.jpg,VDZ7ERF9W,moderate_stress,train
VDZ7ERF9W_2621-1402-3133-1914.jpg,VDZ7ERF9W,moderate_stress,train
VDZ7ERF9W_2726-467-3238-979.jpg,VDZ7ERF9W,moderate_stress,train
VDZ7ERF9W_2734-2895-3246-3407.jpg,VDZ7ERF9W,moderate_stress,train
VDZ7ERF9W_2810-4764-3322-5276.jpg,VDZ7ERF9W,moderate_stress,train
VDZ7ERF9W_2841-3623-3353-4135.jpg,VDZ7ERF9W,moderate_stress,train
VDZ7ERF9W_2864-3093-3376-3605.jpg,VDZ7ERF9W,moderate_stress,train
VDZ7ERF9W_2881-5656-3393-6168.jpg,VDZ7ERF9W,healthy,train
VDZ7ERF9W_3097-563-3609-1075.jpg,VDZ7ERF9W,moderate_stress,train
VDZ7ERF9W_3171-3147-3683-3659.jpg,VDZ7ERF9W,moderate_stress,train
VDZ7ERF9W_3171-3659-3683-4171.jpg,VDZ7ERF9W,moderate_stress,train
VDZ7ERF9W_3171-4171-3683-4683.jpg,VDZ7ERF9W,moderate_stress,train
VDZ7ERF9W_3171-4683-3683-5195.jpg,VDZ7ERF9W,moderate_stress,train
VDZ7ERF9W_3303-418-3815-930.jpg,VDZ7ERF9W,moderate_stress,train
VDZ7ERF9W_3589-4396-4101-4908.jpg,VDZ7ERF9W,moderate_stress,train
VDZ7ERF9W_3648-875-4160-1387.jpg,VDZ7ERF9W,moderate_stress,train
VDZ7ERF9W_3683-3147-4195-3659.jpg,VDZ7ERF9W,moderate_stress,train
VDZ7ERF9W_3683-3659-4195-4171.jpg,VDZ7ERF9W,moderate_stress,train
VDZ7ERF9W_3683-4171-4195-4683.jpg,VDZ7ERF9W,moderate_stress,train
VDZ7ERF9W_3683-4683-4195-5195.jpg,VDZ7ERF9W,moderate_stress,train
VDZ7ERF9W_3898-3891-4410-4403.jpg,VDZ7ERF9W,moderate_stress,train
VDZ7ERF9W_3914-1184-4426-1696.jpg,VDZ7ERF9W,moderate_stress,train
VDZ7ERF9W_3914-672-4426-1184.jpg,VDZ7ERF9W,moderate_stress,train
VDZ7ERF9W_4110-996-4622-1508.jpg,VDZ7ERF9W,moderate_stress,train
VDZ7ERF9W_4124-1866-4636-2378.jpg,VDZ7ERF9W,moderate_stress,train
VDZ7ERF9W_4167-4441-4679-4953.jpg,VDZ7ERF9W,moderate_stress,train
VDZ7ERF9W_4178-3235-4690-3747.jpg,VDZ7ERF9W,moderate_stress,train
VDZ7ERF9W_4202-4706-4714-5218.jpg,VDZ7ERF9W,moderate_stress,train
VDZ7ERF9W_4282-4155-4794-4667.jpg,VDZ7ERF9W,moderate_stress,train
VDZ7ERF9W_4304-3445-4816-3957.jpg,VDZ7ERF9W,moderate_stress,train
VDZ7ERF9W_4319-2103-4831-2615.jpg,VDZ7ERF9W,moderate_stress,train
VDZ7ERF9W_4372-4936-4884-5448.jpg,VDZ7ERF9W,moderate_stress,train
VDZ7ERF9W_4502-1170-5014-1682.jpg,VDZ7ERF9W,moderate_stress,train
VDZ7ERF9W_4502-658-5014-1170.jpg,VDZ7ERF9W,moderate_stress,train
VDZ7ERF9W_4513-2774-5025-3286.jpg,VDZ7ERF9W,moderate_stress,train
VDZ7ERF9W_4641-2165-5153-2677.jpg,VDZ7ERF9W,moderate_stress,train
VDZ7ERF9W_466-4462-978-4974.jpg,VDZ7ERF9W,moderate_stress,train
VDZ7ERF9W_4734-3741-5246-4253.jpg,VDZ7ERF9W,moderate_stress,train
VDZ7ERF9W_4743-2966-5255-3478.jpg,VDZ7ERF9W,healthy,train
VDZ7ERF9W_4775-1902-5287-2414.jpg,VDZ7ERF9W,moderate_stress,train
VDZ7ERF9W_487-9401-999-9913.jpg,VDZ7ERF9W,moderate_stress,train
VDZ7ERF9W_494-2858-1006-3370.jpg,VDZ7ERF9W,moderate_stress,train
VDZ7ERF9W_4961-3881-5473-4393.jpg,VDZ7ERF9W,healthy,train
VDZ7ERF9W_5014-1743-5526-2255.jpg,VDZ7ERF9W,moderate_stress,train
VDZ7ERF9W_508-7258-1020-7770.jpg,VDZ7ERF9W,moderate_stress,train
VDZ7ERF9W_510-4727-1022-5239.jpg,VDZ7ERF9W,moderate_stress,train
VDZ7ERF9W_512-1279-1024-1791.jpg,VDZ7ERF9W,moderate_stress,train
VDZ7ERF9W_5177-702-5689-1214.jpg,VDZ7ERF9W,moderate_stress,train
VDZ7ERF9W_523-8220-1035-8732.jpg,VDZ7ERF9W,healthy,train
VDZ7ERF9W_5342-510-5854-1022.jpg,VDZ7ERF9W,moderate_stress,train
VDZ7ERF9W_5346-1404-5858-1916.jpg,VDZ7ERF9W,moderate_stress,train
VDZ7ERF9W_873-1240-1385-1752.jpg,VDZ7ERF9W,moderate_stress,train
VDZ7ERF9W_873-1752-1385-2264.jpg,VDZ7ERF9W,moderate_stress,train
VDZ7ERF9W_873-2264-1385-2776.jpg,VDZ7ERF9W,moderate_stress,train
VDZ7ERF9W_873-3800-1385-4312.jpg,VDZ7ERF9W,moderate_stress,train
VDZ7ERF9W_873-4312-1385-4824.jpg,VDZ7ERF9W,moderate_stress,train
VDZ7ERF9W_873-728-1385-1240.jpg,VDZ7ERF9W,moderate_stress,train
VF3E4JBC6_1230-3723-1742-4235.jpg,VF3E4JBC6,moderate_stress,train
VF3E4JBC6_2104-2710-2616-3222.jpg,VF3E4JBC6,moderate_stress,train
VF3E4JBC6_2219-4938-2731-5450.jpg,VF3E4JBC6,moderate_stress,train
VF3E4JBC6_2820-2752-3332-3264.jpg,VF3E4JBC6,moderate_stress,train
VF3E4JBC6_3050-7226-3562-7738.jpg,VF3E4JBC6,moderate_stress,train
VF3E4JBC6_3248-5851-3760-6363.jpg,VF3E4JBC6,moderate_stress,train
VF3E4JBC6_3506-5317-4018-5829.jpg,VF3E4JBC6,moderate_stress,train
VF3E4JBC6_352-2991-864-3503.jpg,VF3E4JBC6,moderate_stress,train
VF3E4JBC6_3562-7226-4074-7738.jpg,VF3E4JBC6,moderate_stress,train
VF3E4JBC6_3848-5526-4360-6038.jpg,VF3E4JBC6,moderate_stress,train
VF3E4JBC6_3910-5037-4422-5549.jpg,VF3E4JBC6,moderate_stress,train
VF3E4JBC6_3996-7228-4508-7740.jpg,VF3E4JBC6,moderate_stress,train
VF3E4JBC6_4312-5120-4824-5632.jpg,VF3E4JBC6,moderate_stress,train
VF3E4JBC6_4360-5526-4872-6038.jpg,VF3E4JBC6,moderate_stress,train
VF3E4JBC6_4449-7249-4961-7761.jpg,VF3E4JBC6,moderate_stress,train
VF3E4JBC6_4720-7056-5232-7568.jpg,VF3E4JBC6,moderate_stress,train
VF3E4JBC6_5094-6816-5606-7328.jpg,VF3E4JBC6,moderate_stress,train
VF3E4JBC6_5606-6816-6118-7328.jpg,VF3E4JBC6,moderate_stress,train
VF3E4JBC6_691-2625-1203-3137.jpg,VF3E4JBC6,moderate_stress,train
VFUFL2M77_1466-4225-1978-4737.jpg,VFUFL2M77,moderate_stress,train
VFUFL2M77_1466-4737-1978-5249.jpg,VFUFL2M77,moderate_stress,train
VFUFL2M77_1782-4662-2294-5174.jpg,VFUFL2M77,moderate_stress,train
VFUFL2M77_1978-4225-2490-4737.jpg,VFUFL2M77,moderate_stress,train
VFUFL2M77_2303-4303-2815-4815.jpg,VFUFL2M77,moderate_stress,train
VFUFL2M77_2303-4815-2815-5327.jpg,VFUFL2M77,moderate_stress,train
VFUFL2M77_2528-5286-3040-5798.jpg,VFUFL2M77,moderate_stress,train
VFUFL2M77_2815-4303-3327-4815.jpg,VFUFL2M77,moderate_stress,train
VFUFL2M77_2815-4815-3327-5327.jpg,VFUFL2M77,moderate_stress,train
VFUFL2M77_3034-4137-3546-4649.jpg,VFUFL2M77,moderate_stress,train
VFUFL2M77_3034-4649-3546-5161.jpg,VFUFL2M77,moderate_stress,train
VH4JM46BH_2381-3092-2893-3604.jpg,VH4JM46BH,healthy,train
VH4JM46BH_396-441-908-953.jpg,VH4JM46BH,moderate_stress,train
VI72NBMGG_2686-5029-3198-5541.jpg,VI72NBMGG,healthy,train
VJ7KUQ4IB_1277-10149-1789-10661.jpg,VJ7KUQ4IB,healthy,train
VJ7KUQ4IB_1847-6058-2359-6570.jpg,VJ7KUQ4IB,healthy,train
VJ7KUQ4IB_2953-6663-3465-7175.jpg,VJ7KUQ4IB,severe_stress,train
VJ7KUQ4IB_2953-7175-3465-7687.jpg,VJ7KUQ4IB,severe_stress,train
VJ7KUQ4IB_3024-6338-3536-6850.jpg,VJ7KUQ4IB,severe_stress,train
VJ7KUQ4IB_3073-2952-3585-3464.jpg,VJ7KUQ4IB,severe_stress,train
VJ7KUQ4IB_3132-6983-3644-7495.jpg,VJ7KUQ4IB,severe_stress,train
VJ7KUQ4IB_3184-4363-3696-4875.jpg,VJ7KUQ4IB,healthy,train
VJ7KUQ4IB_3248-8288-3760-8800.jpg,VJ7KUQ4IB,severe_stress,train
VJ7KUQ4IB_3251-4842-3763-5354.jpg,VJ7KUQ4IB,healthy,train
VJ7KUQ4IB_3259-5390-3771-5902.jpg,VJ7KUQ4IB,severe_stress,train
VJ7KUQ4IB_3379-8823-3891-9335.jpg,VJ7KUQ4IB,healthy,train
VJ7KUQ4IB_3465-6663-3977-7175.jpg,VJ7KUQ4IB,severe_stress,train
VJ7KUQ4IB_3465-7175-3977-7687.jpg,VJ7KUQ4IB,severe_stress,train
VJ7KUQ4IB_3883-3247-4395-3759.jpg,VJ7KUQ4IB,severe_stress,train
VJ7KUQ4IB_4149-8612-4661-9124.jpg,VJ7KUQ4IB,severe_stress,train
VJ7KUQ4IB_4254-5578-4766-6090.jpg,VJ7KUQ4IB,severe_stress,train
VJ7KUQ4IB_4288-5844-4800-6356.jpg,VJ7KUQ4IB,healthy,train
VJ7KUQ4IB_4427-8217-4939-8729.jpg,VJ7KUQ4IB,severe_stress,train
VKKQYJYVU_1087-7659-1599-8171.jpg,VKKQYJYVU,moderate_stress,train
VKKQYJYVU_1137-5217-1649-5729.jpg,VKKQYJYVU,healthy,train
VKKQYJYVU_1189-2654-1701-3166.jpg,VKKQYJYVU,moderate_stress,train
VKKQYJYVU_1772-7629-2284-8141.jpg,VKKQYJYVU,healthy,train
VKKQYJYVU_2230-7635-2742-8147.jpg,VKKQYJYVU,healthy,train
VKKQYJYVU_262-7741-774-8253.jpg,VKKQYJYVU,healthy,train
VKKQYJYVU_2677-2130-3189-2642.jpg,VKKQYJYVU,healthy,train
VKKQYJYVU_2708-499-3220-1011.jpg,VKKQYJYVU,moderate_stress,train
VKKQYJYVU_329-2711-841-3223.jpg,VKKQYJYVU,healthy,train
VKKQYJYVU_453-345-965-857.jpg,VKKQYJYVU,moderate_stress,train
WDFWT63UU_2042-2553-2554-3065.jpg,WDFWT63UU,healthy,train
WDFWT63UU_2306-2758-2818-3270.jpg,WDFWT63UU,moderate_stress,train
WDFWT63UU_2372-263-2884-775.jpg,WDFWT63UU,healthy,train
WDFWT63UU_2553-411-3065-923.jpg,WDFWT63UU,healthy,train
WDFWT63UU_290-346-802-858.jpg,WDFWT63UU,moderate_stress,train
WDFWT63UU_2916-480-3428-992.jpg,WDFWT63UU,healthy,train
WDFWT63UU_2966-5279-3478-5791.jpg,WDFWT63UU,moderate_stress,train
WDFWT63UU_3256-5353-3768-5865.jpg,WDFWT63UU,healthy,train
WDFWT63UU_3428-480-3940-992.jpg,WDFWT63UU,healthy,train
WDFWT63UU_3632-4208-4144-4720.jpg,WDFWT63UU,healthy,train
WDFWT63UU_3773-2352-4285-2864.jpg,WDFWT63UU,moderate_stress,train
WDFWT63UU_3864-3266-4376-3778.jpg,WDFWT63UU,moderate_stress,train
WDFWT63UU_3868-4026-4380-4538.jpg,WDFWT63UU,moderate_stress,train
WDFWT63UU_3940-480-4452-992.jpg,WDFWT63UU,healthy,train
WDFWT63UU_4216-1879-4728-2391.jpg,WDFWT63UU,moderate_stress,train
WDFWT63UU_4307-2833-4819-3345.jpg,WDFWT63UU,healthy,train
WDFWT63UU_4361-3139-4873-3651.jpg,WDFWT63UU,moderate_stress,train
WDFWT63UU_4452-480-4964-992.jpg,WDFWT63UU,healthy,train
WDFWT63UU_4953-2056-5465-2568.jpg,WDFWT63UU,moderate_stress,train
WDFWT63UU_4964-480-5476-992.jpg,WDFWT63UU,healthy,train
WDFWT63UU_5057-1752-5569-2264.jpg,WDFWT63UU,moderate_stress,train
WDLK38Q98_1127-4175-1639-4687.jpg,WDLK38Q98,severe_stress,train
WDLK38Q98_1127-4687-1639-5199.jpg,WDLK38Q98,severe_stress,train
WDLK38Q98_1208-5561-1720-6073.jpg,WDLK38Q98,severe_stress,train
WDLK38Q98_1254-298-1766-810.jpg,WDLK38Q98,severe_stress,train
WDLK38Q98_1254-810-1766-1322.jpg,WDLK38Q98,severe_stress,train
WDLK38Q98_1315-4896-1827-5408.jpg,WDLK38Q98,severe_stress,train
WDLK38Q98_1462-1853-1974-2365.jpg,WDLK38Q98,severe_stress,train
WDLK38Q98_1462-2365-1974-2877.jpg,WDLK38Q98,severe_stress,train
WDLK38Q98_1462-2877-1974-3389.jpg,WDLK38Q98,severe_stress,train
WDLK38Q98_1462-3389-1974-3901.jpg,WDLK38Q98,severe_stress,train
WDLK38Q98_1720-5049-2232-5561.jpg,WDLK38Q98,severe_stress,train
WDLK38Q98_1720-5561-2232-6073.jpg,WDLK38Q98,severe_stress,train
WDLK38Q98_1766-810-2278-1322.jpg,WDLK38Q98,severe_stress,train
WDLK38Q98_1791-4675-2303-5187.jpg,WDLK38Q98,severe_stress,train
WDLK38Q98_1831-1652-2343-2164.jpg,WDLK38Q98,severe_stress,train
WDLK38Q98_1831-2164-2343-2676.jpg,WDLK38Q98,severe_stress,train
WDLK38Q98_1831-2676-2343-3188.jpg,WDLK38Q98,severe_stress,train
WDLK38Q98_188-726-700-1238.jpg,WDLK38Q98,severe_stress,train
WDLK38Q98_2232-5049-2744-5561.jpg,WDLK38Q98,severe_stress,train
WDLK38Q98_2232-5561-2744-6073.jpg,WDLK38Q98,healthy,train
WDLK38Q98_2239-3582-2751-4094.jpg,WDLK38Q98,severe_stress,train
WDLK38Q98_2239-4094-2751-4606.jpg,WDLK38Q98,severe_stress,train
WDLK38Q98_2278-1322-2790-1834.jpg,WDLK38Q98,severe_stress,train
WDLK38Q98_2278-298-2790-810.jpg,WDLK38Q98,severe_stress,train
WDLK38Q98_2278-810-2790-1322.jpg,WDLK38Q98,severe_stress,train
WDLK38Q98_2343-1652-2855-2164.jpg,WDLK38Q98,severe_stress,train
WDLK38Q98_2343-2164-2855-2676.jpg,WDLK38Q98,severe_stress,train
WDLK38Q98_2343-2676-2855-3188.jpg,WDLK38Q98,severe_stress,train
WDLK38Q98_2727-1771-3239-2283.jpg,WDLK38Q98,severe_stress,train
WDLK38Q98_2751-3582-3263-4094.jpg,WDLK38Q98,severe_stress,train
WDLK38Q98_2751-4094-3263-4606.jpg,WDLK38Q98,severe_stress,train
WDLK38Q98_2751-4606-3263-5118.jpg,WDLK38Q98,severe_stress,train
WDLK38Q98_2790-1322-3302-1834.jpg,WDLK38Q98,severe_stress,train
WDLK38Q98_2790-298-3302-810.jpg,WDLK38Q98,severe_stress,train
WDLK38Q98_2790-810-3302-1322.jpg,WDLK38Q98,severe_stress,train
WDLK38Q98_2837-5376-3349-5888.jpg,WDLK38Q98,severe_stress,train
WDLK38Q98_2855-2164-3367-2676.jpg,WDLK38Q98,severe_stress,train
WDLK38Q98_2855-2676-3367-3188.jpg,WDLK38Q98,severe_stress,train
WDLK38Q98_3119-5602-3631-6114.jpg,WDLK38Q98,severe_stress,train
WDLK38Q98_3152-3817-3664-4329.jpg,WDLK38Q98,severe_stress,train
WDLK38Q98_3239-1771-3751-2283.jpg,WDLK38Q98,severe_stress,train
WDLK38Q98_3239-2283-3751-2795.jpg,WDLK38Q98,severe_stress,train
WDLK38Q98_3239-2795-3751-3307.jpg,WDLK38Q98,severe_stress,train
WDLK38Q98_3263-3582-3775-4094.jpg,WDLK38Q98,severe_stress,train
WDLK38Q98_3263-4094-3775-4606.jpg,WDLK38Q98,severe_stress,train
WDLK38Q98_3263-4606-3775-5118.jpg,WDLK38Q98,severe_stress,train
WDLK38Q98_329-4870-841-5382.jpg,WDLK38Q98,severe_stress,train
WDLK38Q98_3302-1322-3814-1834.jpg,WDLK38Q98,severe_stress,train
WDLK38Q98_3421-920-3933-1432.jpg,WDLK38Q98,severe_stress,train
WDLK38Q98_3527-2820-4039-3332.jpg,WDLK38Q98,severe_stress,train
WDLK38Q98_3546-5371-4058-5883.jpg,WDLK38Q98,severe_stress,train
WDLK38Q98_3664-3817-4176-4329.jpg,WDLK38Q98,severe_stress,train
WDLK38Q98_3760-435-4272-947.jpg,WDLK38Q98,severe_stress,train
WDLK38Q98_3775-3582-4287-4094.jpg,WDLK38Q98,severe_stress,train
WDLK38Q98_3775-4094-4287-4606.jpg,WDLK38Q98,severe_stress,train
WDLK38Q98_3784-2073-4296-2585.jpg,WDLK38Q98,severe_stress,train
WDLK38Q98_3784-2585-4296-3097.jpg,WDLK38Q98,severe_stress,train
WDLK38Q98_3842-4396-4354-4908.jpg,WDLK38Q98,severe_stress,train
WDLK38Q98_3933-920-4445-1432.jpg,WDLK38Q98,severe_stress,train
WDLK38Q98_3959-1495-4471-2007.jpg,WDLK38Q98,severe_stress,train
WDLK38Q98_4058-3958-4570-4470.jpg,WDLK38Q98,severe_stress,train
WDLK38Q98_4058-4982-4570-5494.jpg,WDLK38Q98,severe_stress,train
WDLK38Q98_4058-5371-4570-5883.jpg,WDLK38Q98,severe_stress,train
WDLK38Q98_4080-2210-4592-2722.jpg,WDLK38Q98,severe_stress,train
WDLK38Q98_4080-2722-4592-3234.jpg,WDLK38Q98,severe_stress,train
WDLK38Q98_4354-3372-4866-3884.jpg,WDLK38Q98,severe_stress,train
WDLK38Q98_4354-3884-4866-4396.jpg,WDLK38Q98,severe_stress,train
WDLK38Q98_4354-4396-4866-4908.jpg,WDLK38Q98,severe_stress,train
WDLK38Q98_438-1853-950-2365.jpg,WDLK38Q98,severe_stress,train
WDLK38Q98_438-2365-950-2877.jpg,WDLK38Q98,severe_stress,train
WDLK38Q98_438-2877-950-3389.jpg,WDLK38Q98,severe_stress,train
WDLK38Q98_438-3389-950-3901.jpg,WDLK38Q98,healthy,train
WDLK38Q98_4445-920-4957-1432.jpg,WDLK38Q98,severe_stress,train
WDLK38Q98_457-4585-969-5097.jpg,WDLK38Q98,severe_stress,train
WDLK38Q98_4570-4982-5082-5494.jpg,WDLK38Q98,severe_stress,train
WDLK38Q98_4570-5494-5082-6006.jpg,WDLK38Q98,severe_stress,train
WDLK38Q98_4592-2210-5104-2722.jpg,WDLK38Q98,severe_stress,train
WDLK38Q98_4592-2722-5104-3234.jpg,WDLK38Q98,severe_stress,train
WDLK38Q98_4642-1182-5154-1694.jpg,WDLK38Q98,severe_stress,train
WDLK38Q98_4642-1694-5154-2206.jpg,WDLK38Q98,severe_stress,train
WDLK38Q98_4789-650-5301-1162.jpg,WDLK38Q98,severe_stress,train
WDLK38Q98_4859-3051-5371-3563.jpg,WDLK38Q98,severe_stress,train
WDLK38Q98_4859-3563-5371-4075.jpg,WDLK38Q98,severe_stress,train
WDLK38Q98_4866-4908-5378-5420.jpg,WDLK38Q98,severe_stress,train
WDLK38Q98_5038-739-5550-1251.jpg,WDLK38Q98,severe_stress,train
WDLK38Q98_5082-3958-5594-4470.jpg,WDLK38Q98,severe_stress,train
WDLK38Q98_5082-4470-5594-4982.jpg,WDLK38Q98,severe_stress,train
WDLK38Q98_5104-2210-5616-2722.jpg,WDLK38Q98,severe_stress,train
WDLK38Q98_5104-2722-5616-3234.jpg,WDLK38Q98,severe_stress,train
WDLK38Q98_5114-5498-5626-6010.jpg,WDLK38Q98,severe_stress,train
WDLK38Q98_5258-4995-5770-5507.jpg,WDLK38Q98,severe_stress,train
WDLK38Q98_542-1468-1054-1980.jpg,WDLK38Q98,severe_stress,train
WDLK38Q98_5594-3958-6106-4470.jpg,WDLK38Q98,severe_stress,train
WDLK38Q98_5594-4470-6106-4982.jpg,WDLK38Q98,severe_stress,train
WDLK38Q98_5594-4982-6106-5494.jpg,WDLK38Q98,severe_stress,train
WDLK38Q98_615-4175-1127-4687.jpg,WDLK38Q98,severe_stress,train
WDLK38Q98_723-5620-1235-6132.jpg,WDLK38Q98,severe_stress,train
WDLK38Q98_950-1853-1462-2365.jpg,WDLK38Q98,severe_stress,train
WDLK38Q98_950-3389-1462-3901.jpg,WDLK38Q98,severe_stress,train
WJU9GPDEV_2150-2736-2662-3248.jpg,WJU9GPDEV,moderate_stress,train
WJU9GPDEV_2167-6786-2679-7298.jpg,WJU9GPDEV,moderate_stress,train
WJU9GPDEV_2567-6797-3079-7309.jpg,WJU9GPDEV,moderate_stress,train
WJU9GPDEV_2844-4731-3356-5243.jpg,WJU9GPDEV,healthy,train
WJU9GPDEV_5594-1300-6106-1812.jpg,WJU9GPDEV,moderate_stress,train
WLD87QIFH_1471-2503-1983-3015.jpg,WLD87QIFH,healthy,train
WLD87QIFH_1745-2763-2257-3275.jpg,WLD87QIFH,moderate_stress,train
WLD87QIFH_1963-2634-2475-3146.jpg,WLD87QIFH,moderate_stress,train
WLD87QIFH_676-2746-1188-3258.jpg,WLD87QIFH,moderate_stress,train
WLD87QIFH_967-2746-1479-3258.jpg,WLD87QIFH,healthy,train
WN47QTPRA_1185-633-1697-1145.jpg,WN47QTPRA,healthy,train
WN47QTPRA_1278-295-1790-807.jpg,WN47QTPRA,healthy,train
WN47QTPRA_1790-295-2302-807.jpg,WN47QTPRA,healthy,train
WN47QTPRA_2033-1200-2545-1712.jpg,WN47QTPRA,healthy,train
WN47QTPRA_2265-1824-2777-2336.jpg,WN47QTPRA,severe_stress,train
WN47QTPRA_2293-2440-2805-2952.jpg,WN47QTPRA,healthy,train
WN47QTPRA_233-1298-745-1810.jpg,WN47QTPRA,severe_stress,train
WN47QTPRA_233-1810-745-2322.jpg,WN47QTPRA,severe_stress,train
WN47QTPRA_233-2322-745-2834.jpg,WN47QTPRA,severe_stress,train
WN47QTPRA_2594-1338-3106-1850.jpg,WN47QTPRA,healthy,train
WN47QTPRA_2857-1202-3369-1714.jpg,WN47QTPRA,severe_stress,train
WN47QTPRA_2975-1409-3487-1921.jpg,WN47QTPRA,severe_stress,train
WN47QTPRA_3217-1067-3729-1579.jpg,WN47QTPRA,severe_stress,train
WN47QTPRA_3749-505-4261-1017.jpg,WN47QTPRA,severe_stress,train
WN47QTPRA_401-1575-913-2087.jpg,WN47QTPRA,severe_stress,train
WN47QTPRA_401-2087-913-2599.jpg,WN47QTPRA,severe_stress,train
WN47QTPRA_4204-361-4716-873.jpg,WN47QTPRA,severe_stress,train
WN47QTPRA_434-1139-946-1651.jpg,WN47QTPRA,severe_stress,train
WN47QTPRA_4493-610-5005-1122.jpg,WN47QTPRA,severe_stress,train
WN47QTPRA_845-661-1357-1173.jpg,WN47QTPRA,severe_stress,train
WN47QTPRA_913-2087-1425-2599.jpg,WN47QTPRA,severe_stress,train
WR3ZAYAIW_9213-1306-9725-1818.jpg,WR3ZAYAIW,healthy,train
WR3ZAYAIW_9725-1306-10237-1818.jpg,WR3ZAYAIW,healthy,train
WR3ZAYAIW_9725-1818-10237-2330.jpg,WR3ZAYAIW,healthy,train
WV8TBG6KV_1896-449-2408-961.jpg,WV8TBG6KV,moderate_stress,train
WV8TBG6KV_2214-3836-2726-4348.jpg,WV8TBG6KV,healthy,train
WV8TBG6KV_2468-477-2980-989.jpg,WV8TBG6KV,moderate_stress,train
WV8TBG6KV_314-308-826-820.jpg,WV8TBG6KV,healthy,train
WV8TBG6KV_3153-3996-3665-4508.jpg,WV8TBG6KV,moderate_stress,train
WV8TBG6KV_4102-4010-4614-4522.jpg,WV8TBG6KV,moderate_stress,train
WV8TBG6KV_613-3784-1125-4296.jpg,WV8TBG6KV,healthy,train
WV8TBG6KV_994-469-1506-981.jpg,WV8TBG6KV,healthy,train
X1X71C63M_1710-2482-2222-2994.jpg,X1X71C63M,moderate_stress,train
X1X71C63M_2135-610-2647-1122.jpg,X1X71C63M,moderate_stress,train
X1X71C63M_2213-930-2725-1442.jpg,X1X71C63M,moderate_stress,train
X1X71C63M_2297-393-2809-905.jpg,X1X71C63M,moderate_stress,train
X1X71C63M_2415-1221-2927-1733.jpg,X1X71C63M,moderate_stress,train
X1X71C63M_2652-995-3164-1507.jpg,X1X71C63M,moderate_stress,train
X1X71C63M_2718-447-3230-959.jpg,X1X71C63M,healthy,train
X1X71C63M_2724-1822-3236-2334.jpg,X1X71C63M,moderate_stress,train
X1X71C63M_2746-2845-3258-3357.jpg,X1X71C63M,moderate_stress,train
X1X71C63M_2779-5288-3291-5800.jpg,X1X71C63M,healthy,train
X1X71C63M_2877-2595-3389-3107.jpg,X1X71C63M,moderate_stress,train
X1X71C63M_349-2281-861-2793.jpg,X1X71C63M,healthy,train
X61HEHUEI_5602-524-6114-1036.jpg,X61HEHUEI,moderate_stress,train
X61HEHUEI_5603-2000-6115-2512.jpg,X61HEHUEI,moderate_stress,train
X61HEHUEI_5616-1727-6128-2239.jpg,X61HEHUEI,moderate_stress,train
X61HEHUEI_5621-1406-6133-1918.jpg,X61HEHUEI,moderate_stress,train
X6F8NRBBM_6303-10034-6815-10546.jpg,X6F8NRBBM,moderate_stress,train
X6F8NRBBM_766-7076-1278-7588.jpg,X6F8NRBBM,healthy,train
XB8T4Y3NR_190-500-702-1012.jpg,XB8T4Y3NR,healthy,train
XB8T4Y3NR_3010-463-3522-975.jpg,XB8T4Y3NR,healthy,train
XB8T4Y3NR_4971-403-5483-915.jpg,XB8T4Y3NR,moderate_stress,train
XKZN3ZRZY_1475-497-1987-1009.jpg,XKZN3ZRZY,moderate_stress,train
XKZN3ZRZY_158-1407-670-1919.jpg,XKZN3ZRZY,healthy,train
XKZN3ZRZY_1952-493-2464-1005.jpg,XKZN3ZRZY,moderate_stress,train
XKZN3ZRZY_2503-479-3015-991.jpg,XKZN3ZRZY,moderate_stress,train
XKZN3ZRZY_2845-493-3357-1005.jpg,XKZN3ZRZY,moderate_stress,train
XKZN3ZRZY_2870-10254-3382-10766.jpg,XKZN3ZRZY,moderate_stress,train
XKZN3ZRZY_2998-3351-3510-3863.jpg,XKZN3ZRZY,moderate_stress,train
XKZN3ZRZY_343-1188-855-1700.jpg,XKZN3ZRZY,moderate_stress,train
XKZN3ZRZY_3592-535-4104-1047.jpg,XKZN3ZRZY,healthy,train
XKZN3ZRZY_385-6814-897-7326.jpg,XKZN3ZRZY,moderate_stress,train
XKZN3ZRZY_406-517-918-1029.jpg,XKZN3ZRZY,moderate_stress,train
XKZN3ZRZY_4221-536-4733-1048.jpg,XKZN3ZRZY,healthy,train
XKZN3ZRZY_4528-533-5040-1045.jpg,XKZN3ZRZY,healthy,train
XKZN3ZRZY_891-7754-1403-8266.jpg,XKZN3ZRZY,healthy,train
XLNANF7YE_7383-5458-7895-5970.jpg,XLNANF7YE,healthy,train
XLNANF7YE_8184-4418-8696-4930.jpg,XLNANF7YE,severe_stress,train
XLNANF7YE_9051-5042-9563-5554.jpg,XLNANF7YE,severe_stress,train
XLNANF7YE_9051-5554-9563-6066.jpg,XLNANF7YE,severe_stress,train
XLNANF7YE_9327-5727-9839-6239.jpg,XLNANF7YE,severe_stress,train
XLNANF7YE_9475-5391-9987-5903.jpg,XLNANF7YE,severe_stress,train
XNPZW9H1J_2728-2571-3240-3083.jpg,XNPZW9H1J,severe_stress,train
XNPZW9H1J_2728-3083-3240-3595.jpg,XNPZW9H1J,severe_stress,train
XNPZW9H1J_2728-3595-3240-4107.jpg,XNPZW9H1J,severe_stress,train
XNPZW9H1J_2728-4107-3240-4619.jpg,XNPZW9H1J,severe_stress,train
XNPZW9H1J_2817-4814-3329-5326.jpg,XNPZW9H1J,severe_stress,train
XNPZW9H1J_2817-5326-3329-5838.jpg,XNPZW9H1J,severe_stress,train
XNPZW9H1J_2844-1507-3356-2019.jpg,XNPZW9H1J,severe_stress,train
XNPZW9H1J_2844-2019-3356-2531.jpg,XNPZW9H1J,severe_stress,train
XNPZW9H1J_2844-483-3356-995.jpg,XNPZW9H1J,severe_stress,train
XNPZW9H1J_2844-995-3356-1507.jpg,XNPZW9H1J,severe_stress,train
XNPZW9H1J_3240-2059-3752-2571.jpg,XNPZW9H1J,severe_stress,train
XNPZW9H1J_3240-2571-3752-3083.jpg,XNPZW9H1J,severe_stress,train
XNPZW9H1J_3240-3083-3752-3595.jpg,XNPZW9H1J,severe_stress,train
XNPZW9H1J_3240-3595-3752-4107.jpg,XNPZW9H1J,severe_stress,train
XNPZW9H1J_3240-4107-3752-4619.jpg,XNPZW9H1J,severe_stress,train
XNPZW9H1J_3240-4619-3752-5131.jpg,XNPZW9H1J,severe_stress,train
XNPZW9H1J_3329-5326-3841-5838.jpg,XNPZW9H1J,severe_stress,train
XNPZW9H1J_3356-1507-3868-2019.jpg,XNPZW9H1J,severe_stress,train
XNPZW9H1J_3358-1022-3870-1534.jpg,XNPZW9H1J,severe_stress,train
XNPZW9H1J_3358-510-3870-1022.jpg,XNPZW9H1J,severe_stress,train
XNPZW9H1J_3497-3214-4009-3726.jpg,XNPZW9H1J,severe_stress,train
XNPZW9H1J_3497-3726-4009-4238.jpg,XNPZW9H1J,severe_stress,train
XNPZW9H1J_3497-4238-4009-4750.jpg,XNPZW9H1J,severe_stress,train
XNPZW9H1J_3497-4750-4009-5262.jpg,XNPZW9H1J,severe_stress,train
XNPZW9H1J_3596-2106-4108-2618.jpg,XNPZW9H1J,severe_stress,train
XNPZW9H1J_3596-2618-4108-3130.jpg,XNPZW9H1J,severe_stress,train
XNPZW9H1J_3870-1022-4382-1534.jpg,XNPZW9H1J,severe_stress,train
XNPZW9H1J_3870-1534-4382-2046.jpg,XNPZW9H1J,severe_stress,train
XNPZW9H1J_3870-510-4382-1022.jpg,XNPZW9H1J,severe_stress,train
XNPZW9H1J_4009-4750-4521-5262.jpg,XNPZW9H1J,severe_stress,train
XNPZW9H1J_4015-3295-4527-3807.jpg,XNPZW9H1J,severe_stress,train
XNPZW9H1J_4015-5343-4527-5855.jpg,XNPZW9H1J,severe_stress,train
XNPZW9H1J_4042-3652-4554-4164.jpg,XNPZW9H1J,severe_stress,train
XNPZW9H1J_4042-4164-4554-4676.jpg,XNPZW9H1J,severe_stress,train
XNPZW9H1J_4046-1999-4558-2511.jpg,XNPZW9H1J,severe_stress,train
XNPZW9H1J_4046-2511-4558-3023.jpg,XNPZW9H1J,severe_stress,train
XNPZW9H1J_4296-2301-4808-2813.jpg,XNPZW9H1J,severe_stress,train
XNPZW9H1J_4296-2813-4808-3325.jpg,XNPZW9H1J,severe_stress,train
XNPZW9H1J_4527-3295-5039-3807.jpg,XNPZW9H1J,severe_stress,train
XNPZW9H1J_4527-3807-5039-4319.jpg,XNPZW9H1J,severe_stress,train
XNPZW9H1J_4527-4319-5039-4831.jpg,XNPZW9H1J,severe_stress,train
XNPZW9H1J_4527-4831-5039-5343.jpg,XNPZW9H1J,severe_stress,train
XNPZW9H1J_4527-5343-5039-5855.jpg,XNPZW9H1J,severe_stress,train
XNPZW9H1J_4534-1075-5046-1587.jpg,XNPZW9H1J,severe_stress,train
XNPZW9H1J_4534-563-5046-1075.jpg,XNPZW9H1J,severe_stress,train
XNPZW9H1J_4558-1999-5070-2511.jpg,XNPZW9H1J,severe_stress,train
XNPZW9H1J_4558-2511-5070-3023.jpg,XNPZW9H1J,severe_stress,train
XNPZW9H1J_4730-1532-5242-2044.jpg,XNPZW9H1J,severe_stress,train
XNPZW9H1J_4802-514-5314-1026.jpg,XNPZW9H1J,severe_stress,train
XNPZW9H1J_4808-2301-5320-2813.jpg,XNPZW9H1J,severe_stress,train
XNPZW9H1J_4813-3759-5325-4271.jpg,XNPZW9H1J,severe_stress,train
XNPZW9H1J_4930-1077-5442-1589.jpg,XNPZW9H1J,severe_stress,train
XNPZW9H1J_5039-3295-5551-3807.jpg,XNPZW9H1J,severe_stress,train
XNPZW9H1J_5039-4319-5551-4831.jpg,XNPZW9H1J,severe_stress,train
XNPZW9H1J_5314-514-5826-1026.jpg,XNPZW9H1J,severe_stress,train
XNPZW9H1J_5325-3759-5837-4271.jpg,XNPZW9H1J,severe_stress,train
XNPZW9H1J_5325-4271-5837-4783.jpg,XNPZW9H1J,severe_stress,train
XNPZW9H1J_5439-2266-5951-2778.jpg,XNPZW9H1J,severe_stress,train
XNPZW9H1J_5442-1077-5954-1589.jpg,XNPZW9H1J,severe_stress,train
XNPZW9H1J_5442-1589-5954-2101.jpg,XNPZW9H1J,severe_stress,train
XR1FZBIAM_1191-4718-1703-5230.jpg,XR1FZBIAM,moderate_stress,train
XR1FZBIAM_2374-5119-2886-5631.jpg,XR1FZBIAM,moderate_stress,train
XR1FZBIAM_2573-1677-3085-2189.jpg,XR1FZBIAM,moderate_stress,train
XRR6CQLDA_6499-10272-7011-10784.jpg,XRR6CQLDA,healthy,train
Y9HI3TDLL_1128-283-1640-795.jpg,Y9HI3TDLL,severe_stress,train
Y9HI3TDLL_1233-1130-1745-1642.jpg,Y9HI3TDLL,severe_stress,train
Y9HI3TDLL_1682-1159-2194-1671.jpg,Y9HI3TDLL,severe_stress,train
Y9HI3TDLL_1682-647-2194-1159.jpg,Y9HI3TDLL,severe_stress,train
Y9HI3TDLL_173-810-685-1322.jpg,Y9HI3TDLL,severe_stress,train
Y9HI3TDLL_2015-726-2527-1238.jpg,Y9HI3TDLL,severe_stress,train
Y9HI3TDLL_2194-1159-2706-1671.jpg,Y9HI3TDLL,severe_stress,train
Y9HI3TDLL_2194-1671-2706-2183.jpg,Y9HI3TDLL,severe_stress,train
Y9HI3TDLL_2194-2183-2706-2695.jpg,Y9HI3TDLL,severe_stress,train
Y9HI3TDLL_2254-502-2766-1014.jpg,Y9HI3TDLL,severe_stress,train
Y9HI3TDLL_2438-1042-2950-1554.jpg,Y9HI3TDLL,severe_stress,train
Y9HI3TDLL_2438-1554-2950-2066.jpg,Y9HI3TDLL,severe_stress,train
Y9HI3TDLL_2438-2066-2950-2578.jpg,Y9HI3TDLL,severe_stress,train
Y9HI3TDLL_352-2527-864-3039.jpg,Y9HI3TDLL,healthy,train
Y9HI3TDLL_391-2093-903-2605.jpg,Y9HI3TDLL,healthy,train
Y9HI3TDLL_401-1301-913-1813.jpg,Y9HI3TDLL,severe_stress,train
Y9HI3TDLL_412-430-924-942.jpg,Y9HI3TDLL,severe_stress,train
Y9HI3TDLL_737-893-1249-1405.jpg,Y9HI3TDLL,healthy,train
Y9HI3TDLL_999-492-1511-1004.jpg,Y9HI3TDLL,severe_stress,train
YCG8BZ7AC_11059-4608-11571-5120.jpg,YCG8BZ7AC,healthy,train
YCG8BZ7AC_11197-6165-11709-6677.jpg,YCG8BZ7AC,healthy,train
YCG8BZ7AC_2266-5165-2778-5677.jpg,YCG8BZ7AC,healthy,train
YCG8BZ7AC_2909-4505-3421-5017.jpg,YCG8BZ7AC,healthy,train
YCG8BZ7AC_5761-2849-6273-3361.jpg,YCG8BZ7AC,healthy,train
YCG8BZ7AC_7032-3969-7544-4481.jpg,YCG8BZ7AC,healthy,train
YCG8BZ7AC_7177-3615-7689-4127.jpg,YCG8BZ7AC,healthy,train
YDR8PYWCI_1204-2711-1716-3223.jpg,YDR8PYWCI,severe_stress,train
YDR8PYWCI_1266-256-1778-768.jpg,YDR8PYWCI,healthy,train
YDR8PYWCI_1589-259-2101-771.jpg,YDR8PYWCI,healthy,train
YDR8PYWCI_2037-2740-2549-3252.jpg,YDR8PYWCI,healthy,train
YDR8PYWCI_3656-2631-4168-3143.jpg,YDR8PYWCI,healthy,train
YDR8PYWCI_3907-1697-4419-2209.jpg,YDR8PYWCI,severe_stress,train
YDR8PYWCI_3933-1256-4445-1768.jpg,YDR8PYWCI,healthy,train
YDR8PYWCI_425-254-937-766.jpg,YDR8PYWCI,healthy,train
YDR8PYWCI_4288-2499-4800-3011.jpg,YDR8PYWCI,severe_stress,train
YDR8PYWCI_4295-1558-4807-2070.jpg,YDR8PYWCI,severe_stress,train
YDR8PYWCI_4338-792-4850-1304.jpg,YDR8PYWCI,healthy,train
YDR8PYWCI_4525-1385-5037-1897.jpg,YDR8PYWCI,severe_stress,train
YDR8PYWCI_4612-1144-5124-1656.jpg,YDR8PYWCI,severe_stress,train
YDR8PYWCI_4779-500-5291-1012.jpg,YDR8PYWCI,severe_stress,train
YDR8PYWCI_5024-979-5536-1491.jpg,YDR8PYWCI,severe_stress,train
YDR8PYWCI_5091-638-5603-1150.jpg,YDR8PYWCI,severe_stress,train
YDR8PYWCI_692-2711-1204-3223.jpg,YDR8PYWCI,severe_stress,train
YDR8PYWCI_937-254-1449-766.jpg,YDR8PYWCI,healthy,train
YKTVCVK7K_1425-5181-1937-5693.jpg,YKTVCVK7K,healthy,train
YKTVCVK7K_1612-4962-2124-5474.jpg,YKTVCVK7K,healthy,train
YKTVCVK7K_2488-3237-3000-3749.jpg,YKTVCVK7K,healthy,train
YKTVCVK7K_3858-668-4370-1180.jpg,YKTVCVK7K,moderate_stress,train
YKTVCVK7K_3925-1091-4437-1603.jpg,YKTVCVK7K,healthy,train
YKTVCVK7K_4023-424-4535-936.jpg,YKTVCVK7K,moderate_stress,train
YKTVCVK7K_5005-1206-5517-1718.jpg,YKTVCVK7K,moderate_stress,train
YTWHKE6P8_1804-3671-2316-4183.jpg,YTWHKE6P8,moderate_stress,train
YTWHKE6P8_2422-3619-2934-4131.jpg,YTWHKE6P8,moderate_stress,train
YTWHKE6P8_301-2891-813-3403.jpg,YTWHKE6P8,moderate_stress,train
YTWHKE6P8_311-1875-823-2387.jpg,YTWHKE6P8,moderate_stress,train
YTX3LIZX9_2192-2180-2704-2692.jpg,YTX3LIZX9,healthy,train
YTX3LIZX9_555-2158-1067-2670.jpg,YTX3LIZX9,moderate_stress,train
YU2FYXTPV_1130-4795-1642-5307.jpg,YU2FYXTPV,severe_stress,train
YU2FYXTPV_1149-1997-1661-2509.jpg,YU2FYXTPV,healthy,train
YU2FYXTPV_1347-3543-1859-4055.jpg,YU2FYXTPV,severe_stress,train
YU2FYXTPV_1352-4440-1864-4952.jpg,YU2FYXTPV,healthy,train
YU2FYXTPV_1427-6170-1939-6682.jpg,YU2FYXTPV,severe_stress,train
YU2FYXTPV_1518-4790-2030-5302.jpg,YU2FYXTPV,severe_stress,train
YU2FYXTPV_1518-5302-2030-5814.jpg,YU2FYXTPV,severe_stress,train
YU2FYXTPV_1583-3361-2095-3873.jpg,YU2FYXTPV,severe_stress,train
YU2FYXTPV_1583-3873-2095-4385.jpg,YU2FYXTPV,severe_stress,train
YU2FYXTPV_1603-1856-2115-2368.jpg,YU2FYXTPV,healthy,train
YU2FYXTPV_1629-2879-2141-3391.jpg,YU2FYXTPV,severe_stress,train
YU2FYXTPV_1659-5708-2171-6220.jpg,YU2FYXTPV,severe_stress,train
YU2FYXTPV_1877-4139-2389-4651.jpg,YU2FYXTPV,severe_stress,train
YU2FYXTPV_1877-4651-2389-5163.jpg,YU2FYXTPV,severe_stress,train
YU2FYXTPV_1877-5163-2389-5675.jpg,YU2FYXTPV,severe_stress,train
YU2FYXTPV_2029-2825-2541-3337.jpg,YU2FYXTPV,healthy,train
YU2FYXTPV_2171-4684-2683-5196.jpg,YU2FYXTPV,severe_stress,train
YU2FYXTPV_2171-5196-2683-5708.jpg,YU2FYXTPV,severe_stress,train
YU2FYXTPV_2171-5708-2683-6220.jpg,YU2FYXTPV,severe_stress,train
YU2FYXTPV_2219-4322-2731-4834.jpg,YU2FYXTPV,severe_stress,train
YU2FYXTPV_498-2803-1010-3315.jpg,YU2FYXTPV,severe_stress,train
YU2FYXTPV_498-3315-1010-3827.jpg,YU2FYXTPV,severe_stress,train
YU2FYXTPV_498-3827-1010-4339.jpg,YU2FYXTPV,severe_stress,train
YU2FYXTPV_513-6529-1025-7041.jpg,YU2FYXTPV,severe_stress,train
YU2FYXTPV_587-6159-1099-6671.jpg,YU2FYXTPV,severe_stress,train
YU2FYXTPV_915-6170-1427-6682.jpg,YU2FYXTPV,severe_stress,train
YYJMNH7A3_2315-725-2827-1237.jpg,YYJMNH7A3,severe_stress,train
YYJMNH7A3_5516-4837-6028-5349.jpg,YYJMNH7A3,severe_stress,train
YYJMNH7A3_5516-5349-6028-5861.jpg,YYJMNH7A3,healthy,train
YYJMNH7A3_6028-4837-6540-5349.jpg,YYJMNH7A3,severe_stress,train
YYJMNH7A3_6028-5349-6540-5861.jpg,YYJMNH7A3,severe_stress,train
YYJMNH7A3_6347-1627-6859-2139.jpg,YYJMNH7A3,severe_stress,train
YYJMNH7A3_6347-2139-6859-2651.jpg,YYJMNH7A3,severe_stress,train
YYJMNH7A3_6381-5188-6893-5700.jpg,YYJMNH7A3,severe_stress,train
Z3HFZRYY9_1030-399-1542-911.jpg,Z3HFZRYY9,moderate_stress,train
Z3HFZRYY9_1645-4053-2157-4565.jpg,Z3HFZRYY9,moderate_stress,train
Z3HFZRYY9_2460-1044-2972-1556.jpg,Z3HFZRYY9,healthy,train
Z3HFZRYY9_385-337-897-849.jpg,Z3HFZRYY9,moderate_stress,train
Z3HFZRYY9_493-3910-1005-4422.jpg,Z3HFZRYY9,moderate_stress,train
Z3HFZRYY9_987-3882-1499-4394.jpg,Z3HFZRYY9,moderate_stress,train
Z8PBLM13P_3098-4420-3610-4932.jpg,Z8PBLM13P,moderate_stress,train
Z8PBLM13P_3098-4932-3610-5444.jpg,Z8PBLM13P,moderate_stress,train
Z8PBLM13P_3610-4420-4122-4932.jpg,Z8PBLM13P,moderate_stress,train
Z8PBLM13P_3610-4932-4122-5444.jpg,Z8PBLM13P,moderate_stress,train
Z8PBLM13P_3707-4670-4219-5182.jpg,Z8PBLM13P,moderate_stress,train
Z8PBLM13P_3840-4225-4352-4737.jpg,Z8PBLM13P,moderate_stress,train
Z8PBLM13P_4950-3216-5462-3728.jpg,Z8PBLM13P,moderate_stress,train
ZM3FPWAMZ_5716-2502-6228-3014.jpg,ZM3FPWAMZ,healthy,train
ZNNRC8PQV_239-4945-751-5457.jpg,ZNNRC8PQV,moderate_stress,train
ZNNRC8PQV_2747-392-3259-904.jpg,ZNNRC8PQV,moderate_stress,train
ZNNRC8PQV_2775-1137-3287-1649.jpg,ZNNRC8PQV,moderate_stress,train
ZNNRC8PQV_2775-1649-3287-2161.jpg,ZNNRC8PQV,moderate_stress,train
ZNNRC8PQV_2775-694-3287-1206.jpg,ZNNRC8PQV,moderate_stress,train
ZNNRC8PQV_2786-2781-3298-3293.jpg,ZNNRC8PQV,moderate_stress,train
ZNNRC8PQV_306-3049-818-3561.jpg,ZNNRC8PQV,moderate_stress,train
ZNNRC8PQV_306-3561-818-4073.jpg,ZNNRC8PQV,moderate_stress,train
ZNNRC8PQV_306-4073-818-4585.jpg,ZNNRC8PQV,moderate_stress,train
ZNNRC8PQV_4842-2283-5354-2795.jpg,ZNNRC8PQV,moderate_stress,train
ZNNRC8PQV_4843-1840-5355-2352.jpg,ZNNRC8PQV,healthy,train
ZNNRC8PQV_4844-2567-5356-3079.jpg,ZNNRC8PQV,moderate_stress,train
ZNNRC8PQV_4867-3113-5379-3625.jpg,ZNNRC8PQV,moderate_stress,train
ZNNRC8PQV_4867-3625-5379-4137.jpg,ZNNRC8PQV,moderate_stress,train
ZNNRC8PQV_4867-443-5379-955.jpg,ZNNRC8PQV,healthy,train
ZNNRC8PQV_4878-4563-5390-5075.jpg,ZNNRC8PQV,moderate_stress,train
ZZJAMLJX1_2192-371-2704-883.jpg,ZZJAMLJX1,healthy,train
ZZJAMLJX1_2728-3625-3240-4137.jpg,ZZJAMLJX1,moderate_stress,train
ZZJAMLJX1_2975-2000-3487-2512.jpg,ZZJAMLJX1,moderate_stress,train
ZZJAMLJX1_2975-2512-3487-3024.jpg,ZZJAMLJX1,moderate_stress,train
ZZJAMLJX1_3037-3665-3549-4177.jpg,ZZJAMLJX1,moderate_stress,train
ZZJAMLJX1_3522-480-4034-992.jpg,ZZJAMLJX1,moderate_stress,train
16RQA6NB1_2362-523-2874-1035.jpg,16RQA6NB1,moderate_stress,validation
16RQA6NB1_3454-4489-3966-5001.jpg,16RQA6NB1,healthy,validation
16RQA6NB1_3507-5330-4019-5842.jpg,16RQA6NB1,healthy,validation
1XDY2BETI_185-3456-697-3968.jpg,1XDY2BETI,healthy,validation
1XDY2BETI_259-1479-771-1991.jpg,1XDY2BETI,severe_stress,validation
1XDY2BETI_302-2093-814-2605.jpg,1XDY2BETI,severe_stress,validation
1XDY2BETI_342-1161-854-1673.jpg,1XDY2BETI,severe_stress,validation
1XDY2BETI_449-3490-961-4002.jpg,1XDY2BETI,severe_stress,validation
1XDY2BETI_739-1454-1251-1966.jpg,1XDY2BETI,severe_stress,validation
1XDY2BETI_779-3841-1291-4353.jpg,1XDY2BETI,severe_stress,validation
1XDY2BETI_852-3168-1364-3680.jpg,1XDY2BETI,healthy,validation
1YQ3YXDEX_3196-3103-3708-3615.jpg,1YQ3YXDEX,moderate_stress,validation
27DCALUI7_1103-2058-1615-2570.jpg,27DCALUI7,healthy,validation
27DCALUI7_2339-6476-2851-6988.jpg,27DCALUI7,severe_stress,validation
27DCALUI7_773-2058-1285-2570.jpg,27DCALUI7,healthy,validation
28UKCVE8F_1306-3493-1818-4005.jpg,28UKCVE8F,severe_stress,validation
28UKCVE8F_1330-2645-1842-3157.jpg,28UKCVE8F,healthy,validation
28UKCVE8F_1330-3157-1842-3669.jpg,28UKCVE8F,severe_stress,validation
28UKCVE8F_1842-2645-2354-3157.jpg,28UKCVE8F,severe_stress,validation
28UKCVE8F_1842-5205-2354-5717.jpg,28UKCVE8F,severe_stress,validation
28UKCVE8F_2354-2645-2866-3157.jpg,28UKCVE8F,severe_stress,validation
28UKCVE8F_2354-3669-2866-4181.jpg,28UKCVE8F,severe_stress,validation
28UKCVE8F_2354-5205-2866-5717.jpg,28UKCVE8F,severe_stress,validation
28UKCVE8F_282-4005-794-4517.jpg,28UKCVE8F,severe_stress,validation
28UKCVE8F_2866-2133-3378-2645.jpg,28UKCVE8F,severe_stress,validation
28UKCVE8F_2866-2645-3378-3157.jpg,28UKCVE8F,severe_stress,validation
28UKCVE8F_2866-5205-3378-5717.jpg,28UKCVE8F,severe_stress,validation
28UKCVE8F_3049-1438-3561-1950.jpg,28UKCVE8F,severe_stress,validation
28UKCVE8F_3049-1950-3561-2462.jpg,28UKCVE8F,severe_stress,validation
28UKCVE8F_3049-414-3561-926.jpg,28UKCVE8F,severe_stress,validation
28UKCVE8F_306-2645-818-3157.jpg,28UKCVE8F,severe_stress,validation
28UKCVE8F_306-3157-818-3669.jpg,28UKCVE8F,severe_stress,validation
28UKCVE8F_306-3669-818-4181.jpg,28UKCVE8F,severe_stress,validation
28UKCVE8F_3280-4860-3792-5372.jpg,28UKCVE8F,severe_stress,validation
28UKCVE8F_3378-2133-3890-2645.jpg,28UKCVE8F,severe_stress,validation
28UKCVE8F_3561-1950-4073-2462.jpg,28UKCVE8F,severe_stress,validation
28UKCVE8F_3561-414-4073-926.jpg,28UKCVE8F,severe_stress,validation
28UKCVE8F_3890-2133-4402-2645.jpg,28UKCVE8F,severe_stress,validation
28UKCVE8F_4073-1438-4585-1950.jpg,28UKCVE8F,severe_stress,validation
28UKCVE8F_4073-1950-4585-2462.jpg,28UKCVE8F,severe_stress,validation
28UKCVE8F_4073-414-4585-926.jpg,28UKCVE8F,severe_stress,validation
28UKCVE8F_4304-4348-4816-4860.jpg,28UKCVE8F,severe_stress,validation
28UKCVE8F_4334-4721-4846-5233.jpg,28UKCVE8F,severe_stress,validation
28UKCVE8F_4402-2133-4914-2645.jpg,28UKCVE8F,severe_stress,validation
28UKCVE8F_4402-5205-4914-5717.jpg,28UKCVE8F,severe_stress,validation
28UKCVE8F_4585-1438-5097-1950.jpg,28UKCVE8F,severe_stress,validation
28UKCVE8F_4585-1950-5097-2462.jpg,28UKCVE8F,severe_stress,validation
28UKCVE8F_4585-414-5097-926.jpg,28UKCVE8F,severe_stress,validation
28UKCVE8F_4914-4181-5426-4693.jpg,28UKCVE8F,severe_stress,validation
28UKCVE8F_5097-1438-5609-1950.jpg,28UKCVE8F,severe_stress,validation
28UKCVE8F_5097-1950-5609-2462.jpg,28UKCVE8F,severe_stress,validation
28UKCVE8F_5097-414-5609-926.jpg,28UKCVE8F,severe_stress,validation
28UKCVE8F_5097-926-5609-1438.jpg,28UKCVE8F,severe_stress,validation
28UKCVE8F_5358-4209-5870-4721.jpg,28UKCVE8F,severe_stress,validation
28UKCVE8F_5358-5233-5870-5745.jpg,28UKCVE8F,severe_stress,validation
28UKCVE8F_5426-2133-5938-2645.jpg,28UKCVE8F,severe_stress,validation
28UKCVE8F_5426-2645-5938-3157.jpg,28UKCVE8F,severe_stress,validation
28UKCVE8F_5426-3157-5938-3669.jpg,28UKCVE8F,severe_stress,validation
28UKCVE8F_5609-1950-6121-2462.jpg,28UKCVE8F,severe_stress,validation
28UKCVE8F_5609-414-6121-926.jpg,28UKCVE8F,severe_stress,validation
28UKCVE8F_5609-926-6121-1438.jpg,28UKCVE8F,severe_stress,validation
28UKCVE8F_5843-511-6355-1023.jpg,28UKCVE8F,severe_stress,validation
28UKCVE8F_818-2645-1330-3157.jpg,28UKCVE8F,severe_stress,validation
28UKCVE8F_818-3157-1330-3669.jpg,28UKCVE8F,severe_stress,validation
28UKCVE8F_818-3669-1330-4181.jpg,28UKCVE8F,severe_stress,validation
28VEAXN4T_1226-507-1738-1019.jpg,28VEAXN4T,healthy,validation
28VEAXN4T_1271-1602-1783-2114.jpg,28VEAXN4T,moderate_stress,validation
28VEAXN4T_1396-1227-1908-1739.jpg,28VEAXN4T,moderate_stress,validation
28VEAXN4T_1527-700-2039-1212.jpg,28VEAXN4T,moderate_stress,validation
28VEAXN4T_154-2926-666-3438.jpg,28VEAXN4T,healthy,validation
28VEAXN4T_1645-1134-2157-1646.jpg,28VEAXN4T,moderate_stress,validation
28VEAXN4T_1944-5532-2456-6044.jpg,28VEAXN4T,moderate_stress,validation
28VEAXN4T_1944-6044-2456-6556.jpg,28VEAXN4T,moderate_stress,validation
28VEAXN4T_2042-752-2554-1264.jpg,28VEAXN4T,moderate_stress,validation
28VEAXN4T_2407-4048-2919-4560.jpg,28VEAXN4T,moderate_stress,validation
28VEAXN4T_2407-5072-2919-5584.jpg,28VEAXN4T,moderate_stress,validation
28VEAXN4T_2407-5584-2919-6096.jpg,28VEAXN4T,moderate_stress,validation
28VEAXN4T_2461-451-2973-963.jpg,28VEAXN4T,moderate_stress,validation
28VEAXN4T_2745-4084-3257-4596.jpg,28VEAXN4T,moderate_stress,validation
28VEAXN4T_2788-460-3300-972.jpg,28VEAXN4T,moderate_stress,validation
28VEAXN4T_2889-2713-3401-3225.jpg,28VEAXN4T,healthy,validation
28VEAXN4T_2889-3225-3401-3737.jpg,28VEAXN4T,moderate_stress,validation
28VEAXN4T_2889-3737-3401-4249.jpg,28VEAXN4T,moderate_stress,validation
28VEAXN4T_2919-4560-3431-5072.jpg,28VEAXN4T,moderate_stress,validation
28VEAXN4T_2919-5072-3431-5584.jpg,28VEAXN4T,moderate_stress,validation
28VEAXN4T_2919-5584-3431-6096.jpg,28VEAXN4T,moderate_stress,validation
28VEAXN4T_3321-3184-3833-3696.jpg,28VEAXN4T,moderate_stress,validation
28VEAXN4T_3401-2713-3913-3225.jpg,28VEAXN4T,moderate_stress,validation
28VEAXN4T_3401-3737-3913-4249.jpg,28VEAXN4T,moderate_stress,validation
28VEAXN4T_3402-485-3914-997.jpg,28VEAXN4T,moderate_stress,validation
28VEAXN4T_3431-4048-3943-4560.jpg,28VEAXN4T,moderate_stress,validation
28VEAXN4T_3431-4560-3943-5072.jpg,28VEAXN4T,moderate_stress,validation
28VEAXN4T_3431-5072-3943-5584.jpg,28VEAXN4T,moderate_stress,validation
28VEAXN4T_3431-5584-3943-6096.jpg,28VEAXN4T,moderate_stress,validation
28VEAXN4T_3629-1428-4141-1940.jpg,28VEAXN4T,moderate_stress,validation
28VEAXN4T_3629-1940-4141-2452.jpg,28VEAXN4T,moderate_stress,validation
28VEAXN4T_3629-2452-4141-2964.jpg,28VEAXN4T,moderate_stress,validation
28VEAXN4T_3629-916-4141-1428.jpg,28VEAXN4T,moderate_stress,validation
28VEAXN4T_3833-2672-4345-3184.jpg,28VEAXN4T,moderate_stress,validation
28VEAXN4T_3833-3184-4345-3696.jpg,28VEAXN4T,moderate_stress,validation
28VEAXN4T_3833-3696-4345-4208.jpg,28VEAXN4T,moderate_stress,validation
28VEAXN4T_4095-2158-4607-2670.jpg,28VEAXN4T,moderate_stress,validation
28VEAXN4T_4141-1428-4653-1940.jpg,28VEAXN4T,moderate_stress,validation
28VEAXN4T_4141-404-4653-916.jpg,28VEAXN4T,moderate_stress,validation
28VEAXN4T_4141-916-4653-1428.jpg,28VEAXN4T,moderate_stress,validation
28VEAXN4T_4208-5340-4720-5852.jpg,28VEAXN4T,moderate_stress,validation
28VEAXN4T_4208-5852-4720-6364.jpg,28VEAXN4T,moderate_stress,validation
28VEAXN4T_4335-1881-4847-2393.jpg,28VEAXN4T,moderate_stress,validation
28VEAXN4T_4335-2393-4847-2905.jpg,28VEAXN4T,moderate_stress,validation
28VEAXN4T_4458-1324-4970-1836.jpg,28VEAXN4T,moderate_stress,validation
28VEAXN4T_4458-300-4970-812.jpg,28VEAXN4T,moderate_stress,validation
28VEAXN4T_4458-812-4970-1324.jpg,28VEAXN4T,moderate_stress,validation
28VEAXN4T_450-1964-962-2476.jpg,28VEAXN4T,moderate_stress,validation
28VEAXN4T_4562-2160-5074-2672.jpg,28VEAXN4T,moderate_stress,validation
28VEAXN4T_4645-2833-5157-3345.jpg,28VEAXN4T,moderate_stress,validation
28VEAXN4T_4645-3345-5157-3857.jpg,28VEAXN4T,moderate_stress,validation
28VEAXN4T_4645-3857-5157-4369.jpg,28VEAXN4T,moderate_stress,validation
28VEAXN4T_4720-4316-5232-4828.jpg,28VEAXN4T,moderate_stress,validation
28VEAXN4T_4720-4828-5232-5340.jpg,28VEAXN4T,moderate_stress,validation
28VEAXN4T_4720-5340-5232-5852.jpg,28VEAXN4T,moderate_stress,validation
28VEAXN4T_4720-5852-5232-6364.jpg,28VEAXN4T,moderate_stress,validation
28VEAXN4T_4847-1369-5359-1881.jpg,28VEAXN4T,moderate_stress,validation
28VEAXN4T_4942-331-5454-843.jpg,28VEAXN4T,moderate_stress,validation
28VEAXN4T_4970-812-5482-1324.jpg,28VEAXN4T,moderate_stress,validation
28VEAXN4T_4986-2063-5498-2575.jpg,28VEAXN4T,moderate_stress,validation
28VEAXN4T_4986-2575-5498-3087.jpg,28VEAXN4T,moderate_stress,validation
28VEAXN4T_4986-3087-5498-3599.jpg,28VEAXN4T,moderate_stress,validation
28VEAXN4T_4986-3599-5498-4111.jpg,28VEAXN4T,moderate_stress,validation
28VEAXN4T_4986-4111-5498-4623.jpg,28VEAXN4T,moderate_stress,validation
28VEAXN4T_5157-2833-5669-3345.jpg,28VEAXN4T,moderate_stress,validation
28VEAXN4T_5157-3345-5669-3857.jpg,28VEAXN4T,moderate_stress,validation
28VEAXN4T_5157-3857-5669-4369.jpg,28VEAXN4T,moderate_stress,validation
28VEAXN4T_520-744-1032-1256.jpg,28VEAXN4T,moderate_stress,validation
28VEAXN4T_5290-5915-5802-6427.jpg,28VEAXN4T,moderate_stress,validation
28VEAXN4T_5498-2063-6010-2575.jpg,28VEAXN4T,moderate_stress,validation
28VEAXN4T_5498-2575-6010-3087.jpg,28VEAXN4T,moderate_stress,validation
28VEAXN4T_5498-3087-6010-3599.jpg,28VEAXN4T,moderate_stress,validation
28VEAXN4T_5802-5915-6314-6427.jpg,28VEAXN4T,moderate_stress,validation
28VEAXN4T_5930-1440-6442-1952.jpg,28VEAXN4T,moderate_stress,validation
28VEAXN4T_5930-1952-6442-2464.jpg,28VEAXN4T,moderate_stress,validation
28VEAXN4T_5930-2976-6442-3488.jpg,28VEAXN4T,moderate_stress,validation
28VEAXN4T_6010-2575-6522-3087.jpg,28VEAXN4T,moderate_stress,validation
28VEAXN4T_6010-3599-6522-4111.jpg,28VEAXN4T,moderate_stress,validation
28VEAXN4T_6010-4111-6522-4623.jpg,28VEAXN4T,moderate_stress,validation
28VEAXN4T_6420-5865-6932-6377.jpg,28VEAXN4T,moderate_stress,validation
28VEAXN4T_6442-1440-6954-1952.jpg,28VEAXN4T,moderate_stress,validation
28VEAXN4T_6442-1952-6954-2464.jpg,28VEAXN4T,moderate_stress,validation
28VEAXN4T_6442-2464-6954-2976.jpg,28VEAXN4T,moderate_stress,validation
28VEAXN4T_6442-2976-6954-3488.jpg,28VEAXN4T,moderate_stress,validation
28VEAXN4T_6442-416-6954-928.jpg,28VEAXN4T,moderate_stress,validation
28VEAXN4T_6442-928-6954-1440.jpg,28VEAXN4T,moderate_stress,validation
28VEAXN4T_6522-3599-7034-4111.jpg,28VEAXN4T,moderate_stress,validation
28VEAXN4T_6548-4068-7060-4580.jpg,28VEAXN4T,moderate_stress,validation
28VEAXN4T_6614-2134-7126-2646.jpg,28VEAXN4T,moderate_stress,validation
28VEAXN4T_6614-3158-7126-3670.jpg,28VEAXN4T,moderate_stress,validation
28VEAXN4T_688-4432-1200-4944.jpg,28VEAXN4T,moderate_stress,validation
28VEAXN4T_688-4944-1200-5456.jpg,28VEAXN4T,moderate_stress,validation
28VEAXN4T_688-5456-1200-5968.jpg,28VEAXN4T,moderate_stress,validation
28VEAXN4T_6954-1952-7466-2464.jpg,28VEAXN4T,moderate_stress,validation
28VEAXN4T_6954-2464-7466-2976.jpg,28VEAXN4T,moderate_stress,validation
28VEAXN4T_6954-416-7466-928.jpg,28VEAXN4T,moderate_stress,validation
28VEAXN4T_6954-928-7466-1440.jpg,28VEAXN4T,healthy,validation
28VEAXN4T_7060-3044-7572-3556.jpg,28VEAXN4T,moderate_stress,validation
28VEAXN4T_7060-3556-7572-4068.jpg,28VEAXN4T,moderate_stress,validation
28VEAXN4T_7060-4068-7572-4580.jpg,28VEAXN4T,moderate_stress,validation
28VEAXN4T_7060-4580-7572-5092.jpg,28VEAXN4T,moderate_stress,validation
28VEAXN4T_7060-5092-7572-5604.jpg,28VEAXN4T,moderate_stress,validation
28VEAXN4T_7126-2134-7638-2646.jpg,28VEAXN4T,moderate_stress,validation
28VEAXN4T_7126-2646-7638-3158.jpg,28VEAXN4T,moderate_stress,validation
28VEAXN4T_7299-3382-7811-3894.jpg,28VEAXN4T,moderate_stress,validation
28VEAXN4T_7299-3894-7811-4406.jpg,28VEAXN4T,moderate_stress,validation
28VEAXN4T_7299-4406-7811-4918.jpg,28VEAXN4T,moderate_stress,validation
28VEAXN4T_7572-3044-8084-3556.jpg,28VEAXN4T,moderate_stress,validation
28VEAXN4T_7572-3556-8084-4068.jpg,28VEAXN4T,moderate_stress,validation
28VEAXN4T_7572-4068-8084-4580.jpg,28VEAXN4T,moderate_stress,validation
28VEAXN4T_7572-4580-8084-5092.jpg,28VEAXN4T,moderate_stress,validation
28VEAXN4T_7638-2134-8150-2646.jpg,28VEAXN4T,moderate_stress,validation
28VEAXN4T_7638-2646-8150-3158.jpg,28VEAXN4T,moderate_stress,validation
28VEAXN4T_7776-5869-8288-6381.jpg,28VEAXN4T,moderate_stress,validation
28VEAXN4T_7811-3382-8323-3894.jpg,28VEAXN4T,moderate_stress,validation
28VEAXN4T_7811-3894-8323-4406.jpg,28VEAXN4T,moderate_stress,validation
28VEAXN4T_7811-4406-8323-4918.jpg,28VEAXN4T,moderate_stress,validation
28VEAXN4T_977-638-1489-1150.jpg,28VEAXN4T,healthy,validation
2E8A11ICZ_3765-4578-4277-5090.jpg,2E8A11ICZ,healthy,validation
2E8A11ICZ_3967-5163-4479-5675.jpg,2E8A11ICZ,severe_stress,validation
2E8A11ICZ_4375-4378-4887-4890.jpg,2E8A11ICZ,severe_stress,validation
2E8A11ICZ_4412-5169-4924-5681.jpg,2E8A11ICZ,healthy,validation
2E8A11ICZ_4451-1704-4963-2216.jpg,2E8A11ICZ,severe_stress,validation
2E8A11ICZ_4451-2216-4963-2728.jpg,2E8A11ICZ,severe_stress,validation
2E8A11ICZ_4572-1197-5084-1709.jpg,2E8A11ICZ,healthy,validation
2E8A11ICZ_4701-4874-5213-5386.jpg,2E8A11ICZ,severe_stress,validation
2E8A11ICZ_4722-1755-5234-2267.jpg,2E8A11ICZ,severe_stress,validation
2GWF8VURN_1050-3050-1562-3562.jpg,2GWF8VURN,healthy,validation
2GWF8VURN_1137-2436-1649-2948.jpg,2GWF8VURN,moderate_stress,validation
2GWF8VURN_1148-6815-1660-7327.jpg,2GWF8VURN,healthy,validation
2GWF8VURN_1185-7885-1697-8397.jpg,2GWF8VURN,moderate_stress,validation
2GWF8VURN_1224-10000-1736-10512.jpg,2GWF8VURN,healthy,validation
2GWF8VURN_1457-6683-1969-7195.jpg,2GWF8VURN,healthy,validation
2GWF8VURN_1550-10026-2062-10538.jpg,2GWF8VURN,healthy,validation
2GWF8VURN_1684-6563-2196-7075.jpg,2GWF8VURN,healthy,validation
2GWF8VURN_2062-10026-2574-10538.jpg,2GWF8VURN,healthy,validation
2GWF8VURN_2300-6131-2812-6643.jpg,2GWF8VURN,moderate_stress,validation
2GWF8VURN_2574-10026-3086-10538.jpg,2GWF8VURN,healthy,validation
2GWF8VURN_2812-5619-3324-6131.jpg,2GWF8VURN,moderate_stress,validation
2GWF8VURN_2812-6131-3324-6643.jpg,2GWF8VURN,healthy,validation
2GWF8VURN_2980-10082-3492-10594.jpg,2GWF8VURN,healthy,validation
2GWF8VURN_2995-394-3507-906.jpg,2GWF8VURN,moderate_stress,validation
2GWF8VURN_3162-7609-3674-8121.jpg,2GWF8VURN,moderate_stress,validation
2GWF8VURN_328-10104-840-10616.jpg,2GWF8VURN,moderate_stress,validation
2GWF8VURN_3284-607-3796-1119.jpg,2GWF8VURN,moderate_stress,validation
2GWF8VURN_335-6653-847-7165.jpg,2GWF8VURN,moderate_stress,validation
2GWF8VURN_3398-10057-3910-10569.jpg,2GWF8VURN,healthy,validation
2GWF8VURN_348-6953-860-7465.jpg,2GWF8VURN,moderate_stress,validation
2GWF8VURN_3711-5601-4223-6113.jpg,2GWF8VURN,moderate_stress,validation
2GWF8VURN_3768-10132-4280-10644.jpg,2GWF8VURN,moderate_stress,validation
2GWF8VURN_3883-605-4395-1117.jpg,2GWF8VURN,moderate_stress,validation
2GWF8VURN_402-2543-914-3055.jpg,2GWF8VURN,healthy,validation
2GWF8VURN_4053-414-4565-926.jpg,2GWF8VURN,moderate_stress,validation
2GWF8VURN_424-3074-936-3586.jpg,2GWF8VURN,healthy,validation
2GWF8VURN_702-9825-1214-10337.jpg,2GWF8VURN,moderate_stress,validation
2GWF8VURN_951-9993-1463-10505.jpg,2GWF8VURN,moderate_stress,validation
2GWF8VURN_961-2590-1473-3102.jpg,2GWF8VURN,moderate_stress,validation
2YDV8NNT7_2142-2207-2654-2719.jpg,2YDV8NNT7,moderate_stress,validation
2YDV8NNT7_2370-2005-2882-2517.jpg,2YDV8NNT7,moderate_stress,validation
2YDV8NNT7_4045-285-4557-797.jpg,2YDV8NNT7,moderate_stress,validation
2YDV8NNT7_4237-428-4749-940.jpg,2YDV8NNT7,moderate_stress,validation
2YDV8NNT7_587-1146-1099-1658.jpg,2YDV8NNT7,healthy,validation
2YFKIDALP_1185-3344-1697-3856.jpg,2YFKIDALP,healthy,validation
2YFKIDALP_1277-3570-1789-4082.jpg,2YFKIDALP,healthy,validation
2YFKIDALP_1953-3279-2465-3791.jpg,2YFKIDALP,severe_stress,validation
2YFKIDALP_2335-3324-2847-3836.jpg,2YFKIDALP,healthy,validation
2YFKIDALP_2779-4672-3291-5184.jpg,2YFKIDALP,healthy,validation
2YFKIDALP_418-3577-930-4089.jpg,2YFKIDALP,healthy,validation
2YFKIDALP_4758-2747-5270-3259.jpg,2YFKIDALP,healthy,validation
2YFKIDALP_6910-2298-7422-2810.jpg,2YFKIDALP,severe_stress,validation
2YFKIDALP_8335-1963-8847-2475.jpg,2YFKIDALP,severe_stress,validation
2YFKIDALP_8434-1550-8946-2062.jpg,2YFKIDALP,healthy,validation
2YFKIDALP_853-3710-1365-4222.jpg,2YFKIDALP,severe_stress,validation
2YFKIDALP_8974-3584-9486-4096.jpg,2YFKIDALP,healthy,validation
2YFKIDALP_9123-4133-9635-4645.jpg,2YFKIDALP,severe_stress,validation
2YFKIDALP_9271-4401-9783-4913.jpg,2YFKIDALP,severe_stress,validation
2YFKIDALP_9661-3374-10173-3886.jpg,2YFKIDALP,healthy,validation
2YFKIDALP_9819-4360-10331-4872.jpg,2YFKIDALP,severe_stress,validation
37CB6NUZU_1042-2945-1554-3457.jpg,37CB6NUZU,healthy,validation
37CB6NUZU_1054-4743-1566-5255.jpg,37CB6NUZU,severe_stress,validation
37CB6NUZU_1103-4025-1615-4537.jpg,37CB6NUZU,severe_stress,validation
37CB6NUZU_1180-4348-1692-4860.jpg,37CB6NUZU,severe_stress,validation
37CB6NUZU_1347-5580-1859-6092.jpg,37CB6NUZU,severe_stress,validation
37CB6NUZU_1395-7002-1907-7514.jpg,37CB6NUZU,healthy,validation
37CB6NUZU_1566-4743-2078-5255.jpg,37CB6NUZU,severe_stress,validation
37CB6NUZU_1907-4823-2419-5335.jpg,37CB6NUZU,healthy,validation
37CB6NUZU_695-4735-1207-5247.jpg,37CB6NUZU,severe_stress,validation
3GQ3IYJLK_1501-2201-2013-2713.jpg,3GQ3IYJLK,healthy,validation
3NJA62EQC_1260-4900-1772-5412.jpg,3NJA62EQC,moderate_stress,validation
3NJA62EQC_1443-4538-1955-5050.jpg,3NJA62EQC,moderate_stress,validation
3NJA62EQC_1772-4900-2284-5412.jpg,3NJA62EQC,moderate_stress,validation
3NJA62EQC_1955-4538-2467-5050.jpg,3NJA62EQC,moderate_stress,validation
3NJA62EQC_4348-2165-4860-2677.jpg,3NJA62EQC,moderate_stress,validation
3NJA62EQC_4537-2567-5049-3079.jpg,3NJA62EQC,moderate_stress,validation
3NJA62EQC_4537-3079-5049-3591.jpg,3NJA62EQC,moderate_stress,validation
3NJA62EQC_4682-3864-5194-4376.jpg,3NJA62EQC,moderate_stress,validation
3NJA62EQC_4860-1573-5372-2085.jpg,3NJA62EQC,moderate_stress,validation
3NJA62EQC_4860-2165-5372-2677.jpg,3NJA62EQC,moderate_stress,validation
3NJA62EQC_5049-3079-5561-3591.jpg,3NJA62EQC,moderate_stress,validation
3NJA62EQC_5148-3869-5660-4381.jpg,3NJA62EQC,moderate_stress,validation
3NJA62EQC_5155-3407-5667-3919.jpg,3NJA62EQC,moderate_stress,validation
3NJA62EQC_5298-540-5810-1052.jpg,3NJA62EQC,healthy,validation
3NJA62EQC_530-6229-1042-6741.jpg,3NJA62EQC,moderate_stress,validation
3NJA62EQC_5372-1573-5884-2085.jpg,3NJA62EQC,moderate_stress,validation
3NJA62EQC_5473-2175-5985-2687.jpg,3NJA62EQC,moderate_stress,validation
3NJA62EQC_5503-3120-6015-3632.jpg,3NJA62EQC,moderate_stress,validation
3NJA62EQC_5619-1362-6131-1874.jpg,3NJA62EQC,moderate_stress,validation
3NJA62EQC_5619-1874-6131-2386.jpg,3NJA62EQC,moderate_stress,validation
3NJA62EQC_5660-3869-6172-4381.jpg,3NJA62EQC,moderate_stress,validation
3NJA62EQC_5667-3407-6179-3919.jpg,3NJA62EQC,moderate_stress,validation
3NJA62EQC_5715-568-6227-1080.jpg,3NJA62EQC,moderate_stress,validation
3NJA62EQC_5916-769-6428-1281.jpg,3NJA62EQC,moderate_stress,validation
3NJA62EQC_5984-3490-6496-4002.jpg,3NJA62EQC,moderate_stress,validation
3NJA62EQC_6120-585-6632-1097.jpg,3NJA62EQC,moderate_stress,validation
3NJA62EQC_6131-1362-6643-1874.jpg,3NJA62EQC,moderate_stress,validation
3NJA62EQC_6172-3869-6684-4381.jpg,3NJA62EQC,moderate_stress,validation
3NJA62EQC_620-5888-1132-6400.jpg,3NJA62EQC,moderate_stress,validation
3NJA62EQC_6396-1573-6908-2085.jpg,3NJA62EQC,moderate_stress,validation
3NJA62EQC_6396-2085-6908-2597.jpg,3NJA62EQC,moderate_stress,validation
3NJA62EQC_6428-769-6940-1281.jpg,3NJA62EQC,moderate_stress,validation
3NJA62EQC_6496-3490-7008-4002.jpg,3NJA62EQC,moderate_stress,validation
3NJA62EQC_6497-2687-7009-3199.jpg,3NJA62EQC,moderate_stress,validation
3NJA62EQC_6585-3079-7097-3591.jpg,3NJA62EQC,moderate_stress,validation
3NJA62EQC_6592-4203-7104-4715.jpg,3NJA62EQC,moderate_stress,validation
3NJA62EQC_6643-1362-7155-1874.jpg,3NJA62EQC,moderate_stress,validation
3NJA62EQC_6643-1874-7155-2386.jpg,3NJA62EQC,moderate_stress,validation
3NJA62EQC_6901-3879-7413-4391.jpg,3NJA62EQC,moderate_stress,validation
3NJA62EQC_6956-600-7468-1112.jpg,3NJA62EQC,moderate_stress,validation
3NJA62EQC_6993-927-7505-1439.jpg,3NJA62EQC,moderate_stress,validation
3NJA62EQC_7009-2175-7521-2687.jpg,3NJA62EQC,moderate_stress,validation
3NJA62EQC_7009-2687-7521-3199.jpg,3NJA62EQC,moderate_stress,validation
3NJA62EQC_7114-1153-7626-1665.jpg,3NJA62EQC,moderate_stress,validation
3NJA62EQC_7239-1426-7751-1938.jpg,3NJA62EQC,moderate_stress,validation
3NJA62EQC_740-5562-1252-6074.jpg,3NJA62EQC,moderate_stress,validation
44IVDAUBV_331-2588-843-3100.jpg,44IVDAUBV,healthy,validation
44IVDAUBV_4922-2365-5434-2877.jpg,44IVDAUBV,healthy,validation
4IH31T62X_4612-613-5124-1125.jpg,4IH31T62X,healthy,validation
4IH31T62X_4843-419-5355-931.jpg,4IH31T62X,healthy,validation
4JBV22PDC_1430-1722-1942-2234.jpg,4JBV22PDC,moderate_stress,validation
4JBV22PDC_1636-1344-2148-1856.jpg,4JBV22PDC,moderate_stress,validation
4JBV22PDC_1843-1107-2355-1619.jpg,4JBV22PDC,moderate_stress,validation
4JBV22PDC_2147-935-2659-1447.jpg,4JBV22PDC,moderate_stress,validation
4JBV22PDC_2399-780-2911-1292.jpg,4JBV22PDC,moderate_stress,validation
4JBV22PDC_2646-1264-3158-1776.jpg,4JBV22PDC,moderate_stress,validation
4JBV22PDC_2911-1292-3423-1804.jpg,4JBV22PDC,moderate_stress,validation
4JBV22PDC_2911-780-3423-1292.jpg,4JBV22PDC,moderate_stress,validation
4JBV22PDC_3058-1067-3570-1579.jpg,4JBV22PDC,moderate_stress,validation
4JBV22PDC_3394-743-3906-1255.jpg,4JBV22PDC,moderate_stress,validation
4JBV22PDC_3557-538-4069-1050.jpg,4JBV22PDC,moderate_stress,validation
4JBV22PDC_3628-3704-4140-4216.jpg,4JBV22PDC,healthy,validation
4JBV22PDC_522-3472-1034-3984.jpg,4JBV22PDC,moderate_stress,validation
4JBV22PDC_808-2510-1320-3022.jpg,4JBV22PDC,moderate_stress,validation
4JBV22PDC_808-3022-1320-3534.jpg,4JBV22PDC,moderate_stress,validation
4JBV22PDC_808-3534-1320-4046.jpg,4JBV22PDC,moderate_stress,validation
6HAKT3WQC_1012-1779-1524-2291.jpg,6HAKT3WQC,severe_stress,validation
6HAKT3WQC_1012-2291-1524-2803.jpg,6HAKT3WQC,severe_stress,validation
6HAKT3WQC_1036-660-1548-1172.jpg,6HAKT3WQC,severe_stress,validation
6HAKT3WQC_1468-362-1980-874.jpg,6HAKT3WQC,severe_stress,validation
6HAKT3WQC_1508-912-2020-1424.jpg,6HAKT3WQC,severe_stress,validation
6HAKT3WQC_1845-508-2357-1020.jpg,6HAKT3WQC,severe_stress,validation
6HAKT3WQC_236-924-748-1436.jpg,6HAKT3WQC,severe_stress,validation
6HAKT3WQC_2556-1498-3068-2010.jpg,6HAKT3WQC,severe_stress,validation
6HAKT3WQC_2854-1646-3366-2158.jpg,6HAKT3WQC,severe_stress,validation
6HAKT3WQC_2854-2158-3366-2670.jpg,6HAKT3WQC,severe_stress,validation
6HAKT3WQC_3034-999-3546-1511.jpg,6HAKT3WQC,severe_stress,validation
6HAKT3WQC_3068-1498-3580-2010.jpg,6HAKT3WQC,severe_stress,validation
6HAKT3WQC_3068-2010-3580-2522.jpg,6HAKT3WQC,severe_stress,validation
6HAKT3WQC_3305-686-3817-1198.jpg,6HAKT3WQC,severe_stress,validation
6HAKT3WQC_3580-1498-4092-2010.jpg,6HAKT3WQC,severe_stress,validation
6HAKT3WQC_3580-2010-4092-2522.jpg,6HAKT3WQC,severe_stress,validation
6HAKT3WQC_3817-686-4329-1198.jpg,6HAKT3WQC,severe_stress,validation
6HAKT3WQC_4129-3022-4641-3534.jpg,6HAKT3WQC,severe_stress,validation
6HAKT3WQC_457-3656-969-4168.jpg,6HAKT3WQC,severe_stress,validation
6HAKT3WQC_457-4168-969-4680.jpg,6HAKT3WQC,healthy,validation
6HAKT3WQC_4641-3022-5153-3534.jpg,6HAKT3WQC,severe_stress,validation
6HAKT3WQC_524-660-1036-1172.jpg,6HAKT3WQC,severe_stress,validation
6HAKT3WQC_549-1183-1061-1695.jpg,6HAKT3WQC,severe_stress,validation
6HAKT3WQC_559-399-1071-911.jpg,6HAKT3WQC,severe_stress,validation
6HAKT3WQC_603-2850-1115-3362.jpg,6HAKT3WQC,severe_stress,validation
6HAKT3WQC_603-3362-1115-3874.jpg,6HAKT3WQC,severe_stress,validation
6HAKT3WQC_671-943-1183-1455.jpg,6HAKT3WQC,severe_stress,validation
6HAKT3WQC_956-362-1468-874.jpg,6HAKT3WQC,severe_stress,validation
6HAKT3WQC_969-3656-1481-4168.jpg,6HAKT3WQC,severe_stress,validation
6HAKT3WQC_969-4168-1481-4680.jpg,6HAKT3WQC,severe_stress,validation
6XPJ4HKLK_1637-7794-2149-8306.jpg,6XPJ4HKLK,moderate_stress,validation
6XPJ4HKLK_2207-7784-2719-8296.jpg,6XPJ4HKLK,moderate_stress,validation
6XPJ4HKLK_3063-7836-3575-8348.jpg,6XPJ4HKLK,healthy,validation
6XPJ4HKLK_3317-8083-3829-8595.jpg,6XPJ4HKLK,moderate_stress,validation
6XPJ4HKLK_3447-7840-3959-8352.jpg,6XPJ4HKLK,moderate_stress,validation
6XPJ4HKLK_3510-8260-4022-8772.jpg,6XPJ4HKLK,moderate_stress,validation
6XPJ4HKLK_3725-8542-4237-9054.jpg,6XPJ4HKLK,moderate_stress,validation
6XPJ4HKLK_3798-9951-4310-10463.jpg,6XPJ4HKLK,healthy,validation
6XPJ4HKLK_3848-8045-4360-8557.jpg,6XPJ4HKLK,moderate_stress,validation
6XPJ4HKLK_3856-8825-4368-9337.jpg,6XPJ4HKLK,moderate_stress,validation
6XPJ4HKLK_4017-8541-4529-9053.jpg,6XPJ4HKLK,moderate_stress,validation
6XPJ4HKLK_4051-9473-4563-9985.jpg,6XPJ4HKLK,moderate_stress,validation
6XPJ4HKLK_4110-9150-4622-9662.jpg,6XPJ4HKLK,moderate_stress,validation
6XPJ4HKLK_4205-7725-4717-8237.jpg,6XPJ4HKLK,moderate_stress,validation
6XPJ4HKLK_4287-9663-4799-10175.jpg,6XPJ4HKLK,moderate_stress,validation
6XPJ4HKLK_4545-8931-5057-9443.jpg,6XPJ4HKLK,moderate_stress,validation
6XPJ4HKLK_4717-7725-5229-8237.jpg,6XPJ4HKLK,moderate_stress,validation
6XPJ4HKLK_5100-1187-5612-1699.jpg,6XPJ4HKLK,moderate_stress,validation
6XPJ4HKLK_5189-10051-5701-10563.jpg,6XPJ4HKLK,moderate_stress,validation
6XPJ4HKLK_5210-400-5722-912.jpg,6XPJ4HKLK,healthy,validation
6XPJ4HKLK_5420-5127-5932-5639.jpg,6XPJ4HKLK,moderate_stress,validation
6XPJ4HKLK_5432-9793-5944-10305.jpg,6XPJ4HKLK,healthy,validation
6XPJ4HKLK_5505-7459-6017-7971.jpg,6XPJ4HKLK,healthy,validation
6XPJ4HKLK_5624-10050-6136-10562.jpg,6XPJ4HKLK,healthy,validation
6XPJ4HKLK_568-7958-1080-8470.jpg,6XPJ4HKLK,healthy,validation
6XPJ4HKLK_5705-7701-6217-8213.jpg,6XPJ4HKLK,healthy,validation
6XPJ4HKLK_5867-9875-6379-10387.jpg,6XPJ4HKLK,healthy,validation
6XPJ4HKLK_5932-7987-6444-8499.jpg,6XPJ4HKLK,moderate_stress,validation
6XPJ4HKLK_6559-7968-7071-8480.jpg,6XPJ4HKLK,moderate_stress,validation
6XPJ4HKLK_6763-9802-7275-10314.jpg,6XPJ4HKLK,moderate_stress,validation
6XPJ4HKLK_6938-7959-7450-8471.jpg,6XPJ4HKLK,moderate_stress,validation
6XPJ4HKLK_7072-9797-7584-10309.jpg,6XPJ4HKLK,moderate_stress,validation
6XPJ4HKLK_7342-7960-7854-8472.jpg,6XPJ4HKLK,moderate_stress,validation
72WDNXCXC_1434-7785-1946-8297.jpg,72WDNXCXC,severe_stress,validation
72WDNXCXC_922-7785-1434-8297.jpg,72WDNXCXC,severe_stress,validation
78ERJHYTM_2168-300-2680-812.jpg,78ERJHYTM,severe_stress,validation
78ERJHYTM_2488-478-3000-990.jpg,78ERJHYTM,severe_stress,validation
78ERJHYTM_410-491-922-1003.jpg,78ERJHYTM,severe_stress,validation
78ERJHYTM_438-1084-950-1596.jpg,78ERJHYTM,severe_stress,validation
78RGHHN8Q_1309-302-1821-814.jpg,78RGHHN8Q,healthy,validation
78RGHHN8Q_1577-345-2089-857.jpg,78RGHHN8Q,moderate_stress,validation
78RGHHN8Q_1612-3083-2124-3595.jpg,78RGHHN8Q,moderate_stress,validation
78RGHHN8Q_162-4307-674-4819.jpg,78RGHHN8Q,healthy,validation
78RGHHN8Q_184-412-696-924.jpg,78RGHHN8Q,healthy,validation
78RGHHN8Q_2409-399-2921-911.jpg,78RGHHN8Q,healthy,validation
78RGHHN8Q_2433-4953-2945-5465.jpg,78RGHHN8Q,healthy,validation
78RGHHN8Q_431-344-943-856.jpg,78RGHHN8Q,healthy,validation
78RGHHN8Q_452-4906-964-5418.jpg,78RGHHN8Q,moderate_stress,validation
78RGHHN8Q_507-4507-1019-5019.jpg,78RGHHN8Q,moderate_stress,validation
79Z8IKJET_1156-8321-1668-8833.jpg,79Z8IKJET,healthy,validation
79Z8IKJET_1242-6264-1754-6776.jpg,79Z8IKJET,healthy,validation
79Z8IKJET_1246-733-1758-1245.jpg,79Z8IKJET,healthy,validation
79Z8IKJET_1256-4501-1768-5013.jpg,79Z8IKJET,moderate_stress,validation
79Z8IKJET_1271-3877-1783-4389.jpg,79Z8IKJET,healthy,validation
79Z8IKJET_1564-6885-2076-7397.jpg,79Z8IKJET,moderate_stress,validation
79Z8IKJET_1651-7239-2163-7751.jpg,79Z8IKJET,moderate_stress,validation
79Z8IKJET_1689-8257-2201-8769.jpg,79Z8IKJET,moderate_stress,validation
79Z8IKJET_1930-4000-2442-4512.jpg,79Z8IKJET,moderate_stress,validation
79Z8IKJET_1995-737-2507-1249.jpg,79Z8IKJET,healthy,validation
79Z8IKJET_2150-8174-2662-8686.jpg,79Z8IKJET,moderate_stress,validation
79Z8IKJET_2221-918-2733-1430.jpg,79Z8IKJET,healthy,validation
79Z8IKJET_2305-6446-2817-6958.jpg,79Z8IKJET,healthy,validation
79Z8IKJET_2323-7979-2835-8491.jpg,79Z8IKJET,moderate_stress,validation
79Z8IKJET_2377-7066-2889-7578.jpg,79Z8IKJET,moderate_stress,validation
79Z8IKJET_2390-6702-2902-7214.jpg,79Z8IKJET,healthy,validation
79Z8IKJET_262-8342-774-8854.jpg,79Z8IKJET,moderate_stress,validation
79Z8IKJET_2737-7997-3249-8509.jpg,79Z8IKJET,healthy,validation
79Z8IKJET_2761-736-3273-1248.jpg,79Z8IKJET,healthy,validation
79Z8IKJET_2782-8280-3294-8792.jpg,79Z8IKJET,moderate_stress,validation
79Z8IKJET_2917-7066-3429-7578.jpg,79Z8IKJET,moderate_stress,validation
79Z8IKJET_3294-8280-3806-8792.jpg,79Z8IKJET,moderate_stress,validation
79Z8IKJET_370-5921-882-6433.jpg,79Z8IKJET,moderate_stress,validation
79Z8IKJET_3852-2866-4364-3378.jpg,79Z8IKJET,moderate_stress,validation
79Z8IKJET_4075-1255-4587-1767.jpg,79Z8IKJET,moderate_stress,validation
79Z8IKJET_4076-8306-4588-8818.jpg,79Z8IKJET,moderate_stress,validation
79Z8IKJET_4099-745-4611-1257.jpg,79Z8IKJET,moderate_stress,validation
79Z8IKJET_4208-1050-4720-1562.jpg,79Z8IKJET,moderate_stress,validation
79Z8IKJET_4304-2697-4816-3209.jpg,79Z8IKJET,moderate_stress,validation
79Z8IKJET_4454-7293-4966-7805.jpg,79Z8IKJET,moderate_stress,validation
79Z8IKJET_450-8153-962-8665.jpg,79Z8IKJET,moderate_stress,validation
79Z8IKJET_4514-7544-5026-8056.jpg,79Z8IKJET,moderate_stress,validation
79Z8IKJET_4558-7908-5070-8420.jpg,79Z8IKJET,moderate_stress,validation
79Z8IKJET_4595-6396-5107-6908.jpg,79Z8IKJET,moderate_stress,validation
79Z8IKJET_4663-5453-5175-5965.jpg,79Z8IKJET,moderate_stress,validation
79Z8IKJET_4670-769-5182-1281.jpg,79Z8IKJET,healthy,validation
79Z8IKJET_4757-6205-5269-6717.jpg,79Z8IKJET,moderate_stress,validation
79Z8IKJET_4786-5112-5298-5624.jpg,79Z8IKJET,moderate_stress,validation
79Z8IKJET_4823-4441-5335-4953.jpg,79Z8IKJET,moderate_stress,validation
79Z8IKJET_4893-5931-5405-6443.jpg,79Z8IKJET,moderate_stress,validation
79Z8IKJET_4893-6443-5405-6955.jpg,79Z8IKJET,moderate_stress,validation
79Z8IKJET_4964-2849-5476-3361.jpg,79Z8IKJET,moderate_stress,validation
79Z8IKJET_4968-4628-5480-5140.jpg,79Z8IKJET,moderate_stress,validation
79Z8IKJET_4995-1854-5507-2366.jpg,79Z8IKJET,moderate_stress,validation
79Z8IKJET_4995-2366-5507-2878.jpg,79Z8IKJET,moderate_stress,validation
79Z8IKJET_5005-4195-5517-4707.jpg,79Z8IKJET,moderate_stress,validation
79Z8IKJET_5026-3482-5538-3994.jpg,79Z8IKJET,moderate_stress,validation
79Z8IKJET_5131-8377-5643-8889.jpg,79Z8IKJET,moderate_stress,validation
79Z8IKJET_5431-782-5943-1294.jpg,79Z8IKJET,healthy,validation
79Z8IKJET_5480-7682-5992-8194.jpg,79Z8IKJET,moderate_stress,validation
79Z8IKJET_5480-8194-5992-8706.jpg,79Z8IKJET,moderate_stress,validation
79Z8IKJET_5548-8500-6060-9012.jpg,79Z8IKJET,moderate_stress,validation
79Z8IKJET_5613-3636-6125-4148.jpg,79Z8IKJET,healthy,validation
79Z8IKJET_5666-572-6178-1084.jpg,79Z8IKJET,healthy,validation
79Z8IKJET_581-5760-1093-6272.jpg,79Z8IKJET,moderate_stress,validation
79Z8IKJET_5952-752-6464-1264.jpg,79Z8IKJET,moderate_stress,validation
79Z8IKJET_5986-1214-6498-1726.jpg,79Z8IKJET,moderate_stress,validation
79Z8IKJET_6086-2257-6598-2769.jpg,79Z8IKJET,moderate_stress,validation
79Z8IKJET_6238-756-6750-1268.jpg,79Z8IKJET,moderate_stress,validation
79Z8IKJET_6258-2559-6770-3071.jpg,79Z8IKJET,healthy,validation
79Z8IKJET_6569-2160-7081-2672.jpg,79Z8IKJET,moderate_stress,validation
79Z8IKJET_663-655-1175-1167.jpg,79Z8IKJET,moderate_stress,validation
79Z8IKJET_6788-2395-7300-2907.jpg,79Z8IKJET,moderate_stress,validation
79Z8IKJET_858-8171-1370-8683.jpg,79Z8IKJET,moderate_stress,validation
79Z8IKJET_921-3709-1433-4221.jpg,79Z8IKJET,moderate_stress,validation
7A27GPDWH_154-2558-666-3070.jpg,7A27GPDWH,healthy,validation
7A27GPDWH_207-251-719-763.jpg,7A27GPDWH,healthy,validation
7A27GPDWH_2884-310-3396-822.jpg,7A27GPDWH,healthy,validation
7A27GPDWH_2929-2674-3441-3186.jpg,7A27GPDWH,moderate_stress,validation
7A27GPDWH_3162-404-3674-916.jpg,7A27GPDWH,moderate_stress,validation
7A27GPDWH_5052-2681-5564-3193.jpg,7A27GPDWH,moderate_stress,validation
7A27GPDWH_5075-432-5587-944.jpg,7A27GPDWH,healthy,validation
7DWJDWX2X_1233-592-1745-1104.jpg,7DWJDWX2X,severe_stress,validation
7DWJDWX2X_383-376-895-888.jpg,7DWJDWX2X,severe_stress,validation
7DWJDWX2X_937-873-1449-1385.jpg,7DWJDWX2X,severe_stress,validation
7DWJDWX2X_979-510-1491-1022.jpg,7DWJDWX2X,severe_stress,validation
7EF9PURIF_4396-555-4908-1067.jpg,7EF9PURIF,healthy,validation
7EF9PURIF_4446-815-4958-1327.jpg,7EF9PURIF,healthy,validation
7EF9PURIF_4512-2482-5024-2994.jpg,7EF9PURIF,severe_stress,validation
7EF9PURIF_4668-1454-5180-1966.jpg,7EF9PURIF,severe_stress,validation
7EF9PURIF_4857-2010-5369-2522.jpg,7EF9PURIF,severe_stress,validation
7KF7GZDPG_1925-4466-2437-4978.jpg,7KF7GZDPG,healthy,validation
7KF7GZDPG_1933-382-2445-894.jpg,7KF7GZDPG,moderate_stress,validation
7KF7GZDPG_201-6412-713-6924.jpg,7KF7GZDPG,moderate_stress,validation
7KF7GZDPG_2121-790-2633-1302.jpg,7KF7GZDPG,healthy,validation
7KF7GZDPG_2677-5841-3189-6353.jpg,7KF7GZDPG,healthy,validation
7KF7GZDPG_2716-6720-3228-7232.jpg,7KF7GZDPG,moderate_stress,validation
7KF7GZDPG_354-1362-866-1874.jpg,7KF7GZDPG,healthy,validation
7KF7GZDPG_360-3010-872-3522.jpg,7KF7GZDPG,healthy,validation
7KF7GZDPG_608-4225-1120-4737.jpg,7KF7GZDPG,moderate_stress,validation
7KF7GZDPG_768-5572-1280-6084.jpg,7KF7GZDPG,moderate_stress,validation
7KF7GZDPG_798-6476-1310-6988.jpg,7KF7GZDPG,moderate_stress,validation
7KF7GZDPG_985-5685-1497-6197.jpg,7KF7GZDPG,moderate_stress,validation
7RPVHRBNY_2608-4785-3120-5297.jpg,7RPVHRBNY,healthy,validation
7WRXMN2XT_1096-2949-1608-3461.jpg,7WRXMN2XT,healthy,validation
7WRXMN2XT_2410-2500-2922-3012.jpg,7WRXMN2XT,healthy,validation
7WRXMN2XT_2631-2340-3143-2852.jpg,7WRXMN2XT,healthy,validation
7WRXMN2XT_464-2959-976-3471.jpg,7WRXMN2XT,healthy,validation
7WRXMN2XT_4754-2896-5266-3408.jpg,7WRXMN2XT,healthy,validation
7WRXMN2XT_753-2955-1265-3467.jpg,7WRXMN2XT,healthy,validation
84FFWMIUU_10124-341-10636-853.jpg,84FFWMIUU,severe_stress,validation
84FFWMIUU_10124-853-10636-1365.jpg,84FFWMIUU,severe_stress,validation
84FFWMIUU_10182-5788-10694-6300.jpg,84FFWMIUU,severe_stress,validation
84FFWMIUU_10182-6812-10694-7324.jpg,84FFWMIUU,severe_stress,validation
84FFWMIUU_10508-10370-11020-10882.jpg,84FFWMIUU,severe_stress,validation
84FFWMIUU_10508-7810-11020-8322.jpg,84FFWMIUU,severe_stress,validation
84FFWMIUU_10508-8322-11020-8834.jpg,84FFWMIUU,severe_stress,validation
84FFWMIUU_10508-8834-11020-9346.jpg,84FFWMIUU,severe_stress,validation
84FFWMIUU_10508-9346-11020-9858.jpg,84FFWMIUU,healthy,validation
84FFWMIUU_10508-9858-11020-10370.jpg,84FFWMIUU,severe_stress,validation
84FFWMIUU_10636-1365-11148-1877.jpg,84FFWMIUU,severe_stress,validation
84FFWMIUU_10636-341-11148-853.jpg,84FFWMIUU,severe_stress,validation
84FFWMIUU_10636-853-11148-1365.jpg,84FFWMIUU,severe_stress,validation
84FFWMIUU_10694-5788-11206-6300.jpg,84FFWMIUU,severe_stress,validation
84FFWMIUU_10694-6300-11206-6812.jpg,84FFWMIUU,severe_stress,validation
84FFWMIUU_10694-6812-11206-7324.jpg,84FFWMIUU,severe_stress,validation
84FFWMIUU_2286-2507-2798-3019.jpg,84FFWMIUU,severe_stress,validation
84FFWMIUU_2286-3531-2798-4043.jpg,84FFWMIUU,severe_stress,validation
84FFWMIUU_2649-4511-3161-5023.jpg,84FFWMIUU,severe_stress,validation
84FFWMIUU_2798-1995-3310-2507.jpg,84FFWMIUU,severe_stress,validation
84FFWMIUU_2798-2507-3310-3019.jpg,84FFWMIUU,severe_stress,validation
84FFWMIUU_2798-3019-3310-3531.jpg,84FFWMIUU,severe_stress,validation
84FFWMIUU_2798-3531-3310-4043.jpg,84FFWMIUU,severe_stress,validation
84FFWMIUU_3161-4511-3673-5023.jpg,84FFWMIUU,severe_stress,validation
84FFWMIUU_3161-5023-3673-5535.jpg,84FFWMIUU,healthy,validation
84FFWMIUU_3310-1995-3822-2507.jpg,84FFWMIUU,severe_stress,validation
84FFWMIUU_3310-2507-3822-3019.jpg,84FFWMIUU,severe_stress,validation
84FFWMIUU_3310-3019-3822-3531.jpg,84FFWMIUU,severe_stress,validation
84FFWMIUU_3310-3531-3822-4043.jpg,84FFWMIUU,severe_stress,validation
84FFWMIUU_3673-4511-4185-5023.jpg,84FFWMIUU,severe_stress,validation
84FFWMIUU_3673-5023-4185-5535.jpg,84FFWMIUU,severe_stress,validation
84FFWMIUU_3822-1995-4334-2507.jpg,84FFWMIUU,severe_stress,validation
84FFWMIUU_3822-2507-4334-3019.jpg,84FFWMIUU,severe_stress,validation
84FFWMIUU_3822-3019-4334-3531.jpg,84FFWMIUU,severe_stress,validation
84FFWMIUU_3930-1153-4442-1665.jpg,84FFWMIUU,severe_stress,validation
84FFWMIUU_4185-4511-4697-5023.jpg,84FFWMIUU,severe_stress,validation
84FFWMIUU_4185-5023-4697-5535.jpg,84FFWMIUU,severe_stress,validation
84FFWMIUU_4334-2507-4846-3019.jpg,84FFWMIUU,severe_stress,validation
84FFWMIUU_4442-1153-4954-1665.jpg,84FFWMIUU,severe_stress,validation
84FFWMIUU_4550-4651-5062-5163.jpg,84FFWMIUU,severe_stress,validation
84FFWMIUU_5062-4651-5574-5163.jpg,84FFWMIUU,severe_stress,validation
84FFWMIUU_5574-4139-6086-4651.jpg,84FFWMIUU,severe_stress,validation
84FFWMIUU_5574-4651-6086-5163.jpg,84FFWMIUU,severe_stress,validation
84FFWMIUU_5583-1375-6095-1887.jpg,84FFWMIUU,healthy,validation
84FFWMIUU_5583-1887-6095-2399.jpg,84FFWMIUU,severe_stress,validation
84FFWMIUU_5705-6837-6217-7349.jpg,84FFWMIUU,severe_stress,validation
84FFWMIUU_5705-7349-6217-7861.jpg,84FFWMIUU,severe_stress,validation
84FFWMIUU_6095-1375-6607-1887.jpg,84FFWMIUU,severe_stress,validation
84FFWMIUU_6095-1887-6607-2399.jpg,84FFWMIUU,severe_stress,validation
84FFWMIUU_6095-863-6607-1375.jpg,84FFWMIUU,severe_stress,validation
84FFWMIUU_6101-5603-6613-6115.jpg,84FFWMIUU,severe_stress,validation
84FFWMIUU_6101-6115-6613-6627.jpg,84FFWMIUU,severe_stress,validation
84FFWMIUU_6217-6837-6729-7349.jpg,84FFWMIUU,severe_stress,validation
84FFWMIUU_6217-7349-6729-7861.jpg,84FFWMIUU,severe_stress,validation
84FFWMIUU_6607-1375-7119-1887.jpg,84FFWMIUU,severe_stress,validation
84FFWMIUU_6607-1887-7119-2399.jpg,84FFWMIUU,severe_stress,validation
84FFWMIUU_6607-863-7119-1375.jpg,84FFWMIUU,severe_stress,validation
84FFWMIUU_6613-4579-7125-5091.jpg,84FFWMIUU,severe_stress,validation
84FFWMIUU_6613-5091-7125-5603.jpg,84FFWMIUU,severe_stress,validation
84FFWMIUU_6613-6115-7125-6627.jpg,84FFWMIUU,severe_stress,validation
84FFWMIUU_7079-10055-7591-10567.jpg,84FFWMIUU,severe_stress,validation
84FFWMIUU_7079-10567-7591-11079.jpg,84FFWMIUU,severe_stress,validation
84FFWMIUU_7079-9543-7591-10055.jpg,84FFWMIUU,severe_stress,validation
84FFWMIUU_7119-1375-7631-1887.jpg,84FFWMIUU,severe_stress,validation
84FFWMIUU_7119-1887-7631-2399.jpg,84FFWMIUU,severe_stress,validation
84FFWMIUU_7119-863-7631-1375.jpg,84FFWMIUU,severe_stress,validation
84FFWMIUU_7125-4579-7637-5091.jpg,84FFWMIUU,severe_stress,validation
84FFWMIUU_7125-6115-7637-6627.jpg,84FFWMIUU,severe_stress,validation
84FFWMIUU_7490-7653-8002-8165.jpg,84FFWMIUU,severe_stress,validation
84FFWMIUU_7591-10055-8103-10567.jpg,84FFWMIUU,severe_stress,validation
84FFWMIUU_7591-10567-8103-11079.jpg,84FFWMIUU,severe_stress,validation
84FFWMIUU_7591-9543-8103-10055.jpg,84FFWMIUU,severe_stress,validation
84FFWMIUU_7622-7324-8134-7836.jpg,84FFWMIUU,severe_stress,validation
84FFWMIUU_7631-1375-8143-1887.jpg,84FFWMIUU,severe_stress,validation
84FFWMIUU_7631-863-8143-1375.jpg,84FFWMIUU,healthy,validation
84FFWMIUU_7637-4579-8149-5091.jpg,84FFWMIUU,severe_stress,validation
84FFWMIUU_7637-5603-8149-6115.jpg,84FFWMIUU,severe_stress,validation
84FFWMIUU_7700-1833-8212-2345.jpg,84FFWMIUU,severe_stress,validation
84FFWMIUU_7700-2345-8212-2857.jpg,84FFWMIUU,severe_stress,validation
84FFWMIUU_8002-7653-8514-8165.jpg,84FFWMIUU,severe_stress,validation
84FFWMIUU_8002-8165-8514-8677.jpg,84FFWMIUU,severe_stress,validation
84FFWMIUU_8002-8677-8514-9189.jpg,84FFWMIUU,severe_stress,validation
84FFWMIUU_8103-10055-8615-10567.jpg,84FFWMIUU,severe_stress,validation
84FFWMIUU_8103-10567-8615-11079.jpg,84FFWMIUU,severe_stress,validation
84FFWMIUU_8134-6300-8646-6812.jpg,84FFWMIUU,severe_stress,validation
84FFWMIUU_8134-6812-8646-7324.jpg,84FFWMIUU,healthy,validation
84FFWMIUU_8134-7324-8646-7836.jpg,84FFWMIUU,severe_stress,validation
84FFWMIUU_8149-4579-8661-5091.jpg,84FFWMIUU,severe_stress,validation
84FFWMIUU_8149-5091-8661-5603.jpg,84FFWMIUU,severe_stress,validation
84FFWMIUU_8212-1321-8724-1833.jpg,84FFWMIUU,severe_stress,validation
84FFWMIUU_8212-1833-8724-2345.jpg,84FFWMIUU,severe_stress,validation
84FFWMIUU_8212-2345-8724-2857.jpg,84FFWMIUU,severe_stress,validation
84FFWMIUU_8514-7141-9026-7653.jpg,84FFWMIUU,severe_stress,validation
84FFWMIUU_8514-7653-9026-8165.jpg,84FFWMIUU,severe_stress,validation
84FFWMIUU_8514-8165-9026-8677.jpg,84FFWMIUU,severe_stress,validation
84FFWMIUU_8646-5788-9158-6300.jpg,84FFWMIUU,severe_stress,validation
84FFWMIUU_8646-6812-9158-7324.jpg,84FFWMIUU,severe_stress,validation
84FFWMIUU_8724-1321-9236-1833.jpg,84FFWMIUU,severe_stress,validation
84FFWMIUU_8972-10370-9484-10882.jpg,84FFWMIUU,severe_stress,validation
84FFWMIUU_8972-7810-9484-8322.jpg,84FFWMIUU,severe_stress,validation
84FFWMIUU_8972-8322-9484-8834.jpg,84FFWMIUU,severe_stress,validation
84FFWMIUU_8972-8834-9484-9346.jpg,84FFWMIUU,severe_stress,validation
84FFWMIUU_8972-9346-9484-9858.jpg,84FFWMIUU,severe_stress,validation
84FFWMIUU_8972-9858-9484-10370.jpg,84FFWMIUU,severe_stress,validation
84FFWMIUU_9158-5788-9670-6300.jpg,84FFWMIUU,severe_stress,validation
84FFWMIUU_9158-6812-9670-7324.jpg,84FFWMIUU,severe_stress,validation
84FFWMIUU_9158-7324-9670-7836.jpg,84FFWMIUU,severe_stress,validation
84FFWMIUU_9236-1321-9748-1833.jpg,84FFWMIUU,severe_stress,validation
84FFWMIUU_9474-1870-9986-2382.jpg,84FFWMIUU,severe_stress,validation
84FFWMIUU_9474-2382-9986-2894.jpg,84FFWMIUU,severe_stress,validation
84FFWMIUU_9484-10370-9996-10882.jpg,84FFWMIUU,severe_stress,validation
84FFWMIUU_9484-7810-9996-8322.jpg,84FFWMIUU,severe_stress,validation
84FFWMIUU_9484-8322-9996-8834.jpg,84FFWMIUU,severe_stress,validation
84FFWMIUU_9484-8834-9996-9346.jpg,84FFWMIUU,severe_stress,validation
84FFWMIUU_9670-5788-10182-6300.jpg,84FFWMIUU,severe_stress,validation
84FFWMIUU_9670-6812-10182-7324.jpg,84FFWMIUU,severe_stress,validation
84FFWMIUU_9996-10370-10508-10882.jpg,84FFWMIUU,severe_stress,validation
84FFWMIUU_9996-7810-10508-8322.jpg,84FFWMIUU,severe_stress,validation
84FFWMIUU_9996-9346-10508-9858.jpg,84FFWMIUU,severe_stress,validation
84FFWMIUU_9996-9858-10508-10370.jpg,84FFWMIUU,severe_stress,validation
86ZEPF6NR_1042-794-1554-1306.jpg,86ZEPF6NR,healthy,validation
8HEJ4A293_3722-646-4234-1158.jpg,8HEJ4A293,moderate_stress,validation
8HEJ4A293_3769-1056-4281-1568.jpg,8HEJ4A293,moderate_stress,validation
8HEJ4A293_3895-406-4407-918.jpg,8HEJ4A293,moderate_stress,validation
8HEJ4A293_776-1744-1288-2256.jpg,8HEJ4A293,moderate_stress,validation
8VBADR4KG_318-554-830-1066.jpg,8VBADR4KG,healthy,validation
8VBADR4KG_528-297-1040-809.jpg,8VBADR4KG,healthy,validation
91HEGJFIC_304-3404-816-3916.jpg,91HEGJFIC,healthy,validation
91HEGJFIC_3517-5083-4029-5595.jpg,91HEGJFIC,healthy,validation
91HEGJFIC_4106-4377-4618-4889.jpg,91HEGJFIC,moderate_stress,validation
91HEGJFIC_4209-4651-4721-5163.jpg,91HEGJFIC,moderate_stress,validation
91HEGJFIC_4254-5091-4766-5603.jpg,91HEGJFIC,healthy,validation
91HEGJFIC_4640-4866-5152-5378.jpg,91HEGJFIC,healthy,validation
91HEGJFIC_997-4248-1509-4760.jpg,91HEGJFIC,healthy,validation
ACDDWAWA7_1261-592-1773-1104.jpg,ACDDWAWA7,moderate_stress,validation
ACDDWAWA7_454-1565-966-2077.jpg,ACDDWAWA7,moderate_stress,validation
AL19NWKKB_1617-984-2129-1496.jpg,AL19NWKKB,moderate_stress,validation
AL19NWKKB_167-291-679-803.jpg,AL19NWKKB,healthy,validation
AL19NWKKB_1713-1209-2225-1721.jpg,AL19NWKKB,moderate_stress,validation
AL19NWKKB_2229-821-2741-1333.jpg,AL19NWKKB,healthy,validation
ARCLVLFTT_1193-440-1705-952.jpg,ARCLVLFTT,severe_stress,validation
ARCLVLFTT_1193-5048-1705-5560.jpg,ARCLVLFTT,severe_stress,validation
ARCLVLFTT_1193-952-1705-1464.jpg,ARCLVLFTT,severe_stress,validation
ARCLVLFTT_169-440-681-952.jpg,ARCLVLFTT,severe_stress,validation
ARCLVLFTT_169-4536-681-5048.jpg,ARCLVLFTT,severe_stress,validation
ARCLVLFTT_1705-440-2217-952.jpg,ARCLVLFTT,severe_stress,validation
ARCLVLFTT_1705-5048-2217-5560.jpg,ARCLVLFTT,severe_stress,validation
ARCLVLFTT_1705-952-2217-1464.jpg,ARCLVLFTT,severe_stress,validation
ARCLVLFTT_2217-440-2729-952.jpg,ARCLVLFTT,severe_stress,validation
ARCLVLFTT_2217-5048-2729-5560.jpg,ARCLVLFTT,severe_stress,validation
ARCLVLFTT_2217-952-2729-1464.jpg,ARCLVLFTT,severe_stress,validation
ARCLVLFTT_2729-440-3241-952.jpg,ARCLVLFTT,severe_stress,validation
ARCLVLFTT_2729-5048-3241-5560.jpg,ARCLVLFTT,severe_stress,validation
ARCLVLFTT_2729-952-3241-1464.jpg,ARCLVLFTT,severe_stress,validation
ARCLVLFTT_3241-1464-3753-1976.jpg,ARCLVLFTT,severe_stress,validation
ARCLVLFTT_3241-1976-3753-2488.jpg,ARCLVLFTT,severe_stress,validation
ARCLVLFTT_3241-2488-3753-3000.jpg,ARCLVLFTT,severe_stress,validation
ARCLVLFTT_3241-3000-3753-3512.jpg,ARCLVLFTT,severe_stress,validation
ARCLVLFTT_3241-3512-3753-4024.jpg,ARCLVLFTT,severe_stress,validation
ARCLVLFTT_3241-4024-3753-4536.jpg,ARCLVLFTT,severe_stress,validation
ARCLVLFTT_3241-440-3753-952.jpg,ARCLVLFTT,severe_stress,validation
ARCLVLFTT_3241-4536-3753-5048.jpg,ARCLVLFTT,severe_stress,validation
ARCLVLFTT_3241-5048-3753-5560.jpg,ARCLVLFTT,severe_stress,validation
ARCLVLFTT_3241-952-3753-1464.jpg,ARCLVLFTT,severe_stress,validation
ARCLVLFTT_681-440-1193-952.jpg,ARCLVLFTT,severe_stress,validation
ARCLVLFTT_681-4536-1193-5048.jpg,ARCLVLFTT,severe_stress,validation
ARCLVLFTT_681-5048-1193-5560.jpg,ARCLVLFTT,severe_stress,validation
ARCLVLFTT_681-952-1193-1464.jpg,ARCLVLFTT,severe_stress,validation
BDL4G6B3V_1113-10661-1625-11173.jpg,BDL4G6B3V,healthy,validation
BDL4G6B3V_1714-566-2226-1078.jpg,BDL4G6B3V,moderate_stress,validation
BDL4G6B3V_1777-1195-2289-1707.jpg,BDL4G6B3V,moderate_stress,validation
BDL4G6B3V_1816-7834-2328-8346.jpg,BDL4G6B3V,healthy,validation
BDL4G6B3V_2066-2394-2578-2906.jpg,BDL4G6B3V,moderate_stress,validation
BDL4G6B3V_2070-2988-2582-3500.jpg,BDL4G6B3V,moderate_stress,validation
BDL4G6B3V_2197-347-2709-859.jpg,BDL4G6B3V,moderate_stress,validation
BDL4G6B3V_2379-3214-2891-3726.jpg,BDL4G6B3V,moderate_stress,validation
BDL4G6B3V_2902-2986-3414-3498.jpg,BDL4G6B3V,moderate_stress,validation
BDL4G6B3V_2937-3292-3449-3804.jpg,BDL4G6B3V,moderate_stress,validation
BDL4G6B3V_605-712-1117-1224.jpg,BDL4G6B3V,moderate_stress,validation
BDL4G6B3V_790-406-1302-918.jpg,BDL4G6B3V,moderate_stress,validation
BDL4G6B3V_879-1355-1391-1867.jpg,BDL4G6B3V,moderate_stress,validation
BF3J4I6TR_2416-370-2928-882.jpg,BF3J4I6TR,severe_stress,validation
BF3J4I6TR_2416-882-2928-1394.jpg,BF3J4I6TR,severe_stress,validation
BF3J4I6TR_2449-1152-2961-1664.jpg,BF3J4I6TR,severe_stress,validation
BF3J4I6TR_2449-1664-2961-2176.jpg,BF3J4I6TR,severe_stress,validation
BF3J4I6TR_2449-2176-2961-2688.jpg,BF3J4I6TR,severe_stress,validation
BF3J4I6TR_2484-3772-2996-4284.jpg,BF3J4I6TR,severe_stress,validation
BF3J4I6TR_2484-4284-2996-4796.jpg,BF3J4I6TR,severe_stress,validation
BF3J4I6TR_2484-4796-2996-5308.jpg,BF3J4I6TR,severe_stress,validation
BTGYJQT3Y_344-5372-856-5884.jpg,BTGYJQT3Y,healthy,validation
BTGYJQT3Y_6459-5676-6971-6188.jpg,BTGYJQT3Y,healthy,validation
BTGYJQT3Y_7517-3881-8029-4393.jpg,BTGYJQT3Y,moderate_stress,validation
BTGYJQT3Y_7635-4097-8147-4609.jpg,BTGYJQT3Y,healthy,validation
CB71JT7R7_4709-2641-5221-3153.jpg,CB71JT7R7,healthy,validation
CJBCVURMI_1148-5764-1660-6276.jpg,CJBCVURMI,moderate_stress,validation
CJBCVURMI_1513-5772-2025-6284.jpg,CJBCVURMI,healthy,validation
CJBCVURMI_2006-4276-2518-4788.jpg,CJBCVURMI,healthy,validation
CJBCVURMI_2138-2105-2650-2617.jpg,CJBCVURMI,moderate_stress,validation
CJBCVURMI_2293-1755-2805-2267.jpg,CJBCVURMI,moderate_stress,validation
CJBCVURMI_2409-2611-2921-3123.jpg,CJBCVURMI,moderate_stress,validation
CJBCVURMI_2440-1974-2952-2486.jpg,CJBCVURMI,moderate_stress,validation
CJBCVURMI_787-3887-1299-4399.jpg,CJBCVURMI,moderate_stress,validation
CJPFK6CZJ_1084-779-1596-1291.jpg,CJPFK6CZJ,severe_stress,validation
CJPFK6CZJ_1324-1726-1836-2238.jpg,CJPFK6CZJ,severe_stress,validation
CJPFK6CZJ_1324-2238-1836-2750.jpg,CJPFK6CZJ,severe_stress,validation
CJPFK6CZJ_1559-1570-2071-2082.jpg,CJPFK6CZJ,severe_stress,validation
CJPFK6CZJ_1559-2082-2071-2594.jpg,CJPFK6CZJ,severe_stress,validation
CJPFK6CZJ_1559-2594-2071-3106.jpg,CJPFK6CZJ,severe_stress,validation
CJPFK6CZJ_1596-1291-2108-1803.jpg,CJPFK6CZJ,severe_stress,validation
CJPFK6CZJ_1596-779-2108-1291.jpg,CJPFK6CZJ,severe_stress,validation
CJPFK6CZJ_1836-1726-2348-2238.jpg,CJPFK6CZJ,severe_stress,validation
CJPFK6CZJ_1836-2238-2348-2750.jpg,CJPFK6CZJ,severe_stress,validation
CJPFK6CZJ_1836-2750-2348-3262.jpg,CJPFK6CZJ,severe_stress,validation
CJPFK6CZJ_2071-1058-2583-1570.jpg,CJPFK6CZJ,severe_stress,validation
CJPFK6CZJ_2071-1570-2583-2082.jpg,CJPFK6CZJ,severe_stress,validation
CJPFK6CZJ_2071-2082-2583-2594.jpg,CJPFK6CZJ,severe_stress,validation
CJPFK6CZJ_2348-1726-2860-2238.jpg,CJPFK6CZJ,severe_stress,validation
CJPFK6CZJ_2348-2750-2860-3262.jpg,CJPFK6CZJ,severe_stress,validation
CJPFK6CZJ_2583-1058-3095-1570.jpg,CJPFK6CZJ,severe_stress,validation
CJPFK6CZJ_2583-1570-3095-2082.jpg,CJPFK6CZJ,severe_stress,validation
CJPFK6CZJ_2583-2082-3095-2594.jpg,CJPFK6CZJ,severe_stress,validation
CJPFK6CZJ_2583-2594-3095-3106.jpg,CJPFK6CZJ,severe_stress,validation
CJPFK6CZJ_2583-546-3095-1058.jpg,CJPFK6CZJ,severe_stress,validation
CJPFK6CZJ_2860-1726-3372-2238.jpg,CJPFK6CZJ,severe_stress,validation
CJPFK6CZJ_2860-2238-3372-2750.jpg,CJPFK6CZJ,severe_stress,validation
CJPFK6CZJ_2860-2750-3372-3262.jpg,CJPFK6CZJ,severe_stress,validation
CJPFK6CZJ_3073-893-3585-1405.jpg,CJPFK6CZJ,severe_stress,validation
CJPFK6CZJ_3095-2082-3607-2594.jpg,CJPFK6CZJ,severe_stress,validation
CJPFK6CZJ_3095-2594-3607-3106.jpg,CJPFK6CZJ,severe_stress,validation
CJPFK6CZJ_3095-546-3607-1058.jpg,CJPFK6CZJ,severe_stress,validation
CJPFK6CZJ_3585-1405-4097-1917.jpg,CJPFK6CZJ,severe_stress,validation
CJPFK6CZJ_3585-893-4097-1405.jpg,CJPFK6CZJ,severe_stress,validation
CJPFK6CZJ_3607-2594-4119-3106.jpg,CJPFK6CZJ,severe_stress,validation
CJPFK6CZJ_3607-546-4119-1058.jpg,CJPFK6CZJ,severe_stress,validation
CJPFK6CZJ_4097-1405-4609-1917.jpg,CJPFK6CZJ,severe_stress,validation
CJPFK6CZJ_4097-1917-4609-2429.jpg,CJPFK6CZJ,severe_stress,validation
CJPFK6CZJ_4119-2594-4631-3106.jpg,CJPFK6CZJ,severe_stress,validation
CJPFK6CZJ_4119-546-4631-1058.jpg,CJPFK6CZJ,severe_stress,validation
CJPFK6CZJ_424-2223-936-2735.jpg,CJPFK6CZJ,severe_stress,validation
CJPFK6CZJ_424-2735-936-3247.jpg,CJPFK6CZJ,severe_stress,validation
CJPFK6CZJ_4609-1405-5121-1917.jpg,CJPFK6CZJ,severe_stress,validation
CJPFK6CZJ_4609-381-5121-893.jpg,CJPFK6CZJ,severe_stress,validation
CJPFK6CZJ_4609-893-5121-1405.jpg,CJPFK6CZJ,severe_stress,validation
CJPFK6CZJ_572-1291-1084-1803.jpg,CJPFK6CZJ,severe_stress,validation
CJPFK6CZJ_572-1803-1084-2315.jpg,CJPFK6CZJ,severe_stress,validation
CJPFK6CZJ_572-779-1084-1291.jpg,CJPFK6CZJ,severe_stress,validation
CJPFK6CZJ_936-1711-1448-2223.jpg,CJPFK6CZJ,severe_stress,validation
CJPFK6CZJ_936-2735-1448-3247.jpg,CJPFK6CZJ,severe_stress,validation
CJUVANNUD_1395-5223-1907-5735.jpg,CJUVANNUD,moderate_stress,validation
CJUVANNUD_1422-375-1934-887.jpg,CJUVANNUD,moderate_stress,validation
CJUVANNUD_1829-410-2341-922.jpg,CJUVANNUD,moderate_stress,validation
CJUVANNUD_2059-5177-2571-5689.jpg,CJUVANNUD,moderate_stress,validation
CJUVANNUD_2116-404-2628-916.jpg,CJUVANNUD,moderate_stress,validation
CJUVANNUD_2472-5127-2984-5639.jpg,CJUVANNUD,moderate_stress,validation
CJUVANNUD_3162-350-3674-862.jpg,CJUVANNUD,moderate_stress,validation
CJUVANNUD_3220-5089-3732-5601.jpg,CJUVANNUD,moderate_stress,validation
CJUVANNUD_3518-5070-4030-5582.jpg,CJUVANNUD,moderate_stress,validation
CJUVANNUD_371-5223-883-5735.jpg,CJUVANNUD,moderate_stress,validation
CJUVANNUD_373-386-885-898.jpg,CJUVANNUD,moderate_stress,validation
CJUVANNUD_3762-359-4274-871.jpg,CJUVANNUD,moderate_stress,validation
CJUVANNUD_3963-5040-4475-5552.jpg,CJUVANNUD,healthy,validation
CJUVANNUD_4146-337-4658-849.jpg,CJUVANNUD,moderate_stress,validation
CJUVANNUD_4267-5018-4779-5530.jpg,CJUVANNUD,healthy,validation
CJUVANNUD_4431-337-4943-849.jpg,CJUVANNUD,healthy,validation
CJUVANNUD_4554-1225-5066-1737.jpg,CJUVANNUD,moderate_stress,validation
CJUVANNUD_4573-4998-5085-5510.jpg,CJUVANNUD,healthy,validation
CJUVANNUD_661-385-1173-897.jpg,CJUVANNUD,moderate_stress,validation
CJUVANNUD_838-2479-1350-2991.jpg,CJUVANNUD,healthy,validation
CJUVANNUD_883-5223-1395-5735.jpg,CJUVANNUD,moderate_stress,validation
CJUVANNUD_973-379-1485-891.jpg,CJUVANNUD,moderate_stress,validation
EBIHJERDI_2183-1931-2695-2443.jpg,EBIHJERDI,healthy,validation
EQAYIPNCG_5995-2069-6507-2581.jpg,EQAYIPNCG,moderate_stress,validation
EQAYIPNCG_6061-3041-6573-3553.jpg,EQAYIPNCG,healthy,validation
EQAYIPNCG_6079-1808-6591-2320.jpg,EQAYIPNCG,moderate_stress,validation
EQAYIPNCG_6079-2320-6591-2832.jpg,EQAYIPNCG,moderate_stress,validation
ERTQDDMIA_1040-1979-1552-2491.jpg,ERTQDDMIA,moderate_stress,validation
ERTQDDMIA_1552-1979-2064-2491.jpg,ERTQDDMIA,moderate_stress,validation
ERTQDDMIA_2064-1979-2576-2491.jpg,ERTQDDMIA,moderate_stress,validation
ERTQDDMIA_2234-2336-2746-2848.jpg,ERTQDDMIA,moderate_stress,validation
ERTQDDMIA_2746-2336-3258-2848.jpg,ERTQDDMIA,moderate_stress,validation
ERTQDDMIA_3359-4252-3871-4764.jpg,ERTQDDMIA,moderate_stress,validation
ERTQDDMIA_3908-445-4420-957.jpg,ERTQDDMIA,moderate_stress,validation
ERTQDDMIA_4277-843-4789-1355.jpg,ERTQDDMIA,healthy,validation
ERTQDDMIA_4420-445-4932-957.jpg,ERTQDDMIA,moderate_stress,validation
ERTQDDMIA_5007-1566-5519-2078.jpg,ERTQDDMIA,moderate_stress,validation
ERTQDDMIA_5097-1820-5609-2332.jpg,ERTQDDMIA,moderate_stress,validation
ERTQDDMIA_528-1979-1040-2491.jpg,ERTQDDMIA,moderate_stress,validation
ERTQDDMIA_5439-1562-5951-2074.jpg,ERTQDDMIA,moderate_stress,validation
ERTQDDMIA_5561-1341-6073-1853.jpg,ERTQDDMIA,moderate_stress,validation
ERTQDDMIA_6006-887-6518-1399.jpg,ERTQDDMIA,healthy,validation
ETYKXBJKD_5056-2810-5568-3322.jpg,ETYKXBJKD,healthy,validation
EX1CG7AMY_1526-4822-2038-5334.jpg,EX1CG7AMY,moderate_stress,validation
EX1CG7AMY_1714-5158-2226-5670.jpg,EX1CG7AMY,moderate_stress,validation
EX1CG7AMY_314-1013-826-1525.jpg,EX1CG7AMY,healthy,validation
F6G824XUH_2168-3014-2680-3526.jpg,F6G824XUH,moderate_stress,validation
FFWXVGU9B_10274-8367-10786-8879.jpg,FFWXVGU9B,healthy,validation
FFWXVGU9B_10602-1222-11114-1734.jpg,FFWXVGU9B,moderate_stress,validation
FFWXVGU9B_10602-1734-11114-2246.jpg,FFWXVGU9B,moderate_stress,validation
FFWXVGU9B_2443-2639-2955-3151.jpg,FFWXVGU9B,healthy,validation
FFWXVGU9B_2448-2346-2960-2858.jpg,FFWXVGU9B,healthy,validation
FFWXVGU9B_4096-5568-4608-6080.jpg,FFWXVGU9B,moderate_stress,validation
FFWXVGU9B_4189-2437-4701-2949.jpg,FFWXVGU9B,healthy,validation
FFWXVGU9B_4608-5056-5120-5568.jpg,FFWXVGU9B,moderate_stress,validation
FFWXVGU9B_4608-5568-5120-6080.jpg,FFWXVGU9B,moderate_stress,validation
FFWXVGU9B_5120-5056-5632-5568.jpg,FFWXVGU9B,moderate_stress,validation
FFWXVGU9B_5662-10043-6174-10555.jpg,FFWXVGU9B,moderate_stress,validation
FFWXVGU9B_5662-10555-6174-11067.jpg,FFWXVGU9B,moderate_stress,validation
FFWXVGU9B_5662-8507-6174-9019.jpg,FFWXVGU9B,moderate_stress,validation
FFWXVGU9B_5662-9019-6174-9531.jpg,FFWXVGU9B,moderate_stress,validation
FFWXVGU9B_5662-9531-6174-10043.jpg,FFWXVGU9B,moderate_stress,validation
FFWXVGU9B_5668-6565-6180-7077.jpg,FFWXVGU9B,moderate_stress,validation
FFWXVGU9B_5668-7077-6180-7589.jpg,FFWXVGU9B,moderate_stress,validation
FFWXVGU9B_5668-7589-6180-8101.jpg,FFWXVGU9B,moderate_stress,validation
FFWXVGU9B_5668-8101-6180-8613.jpg,FFWXVGU9B,moderate_stress,validation
FFWXVGU9B_5767-5223-6279-5735.jpg,FFWXVGU9B,moderate_stress,validation
FFWXVGU9B_5767-5735-6279-6247.jpg,FFWXVGU9B,moderate_stress,validation
FFWXVGU9B_5767-6247-6279-6759.jpg,FFWXVGU9B,moderate_stress,validation
FFWXVGU9B_6139-10577-6651-11089.jpg,FFWXVGU9B,moderate_stress,validation
FFWXVGU9B_6217-8071-6729-8583.jpg,FFWXVGU9B,healthy,validation
FFWXVGU9B_6418-2148-6930-2660.jpg,FFWXVGU9B,healthy,validation
FFWXVGU9B_6436-998-6948-1510.jpg,FFWXVGU9B,moderate_stress,validation
FFWXVGU9B_6534-10512-7046-11024.jpg,FFWXVGU9B,healthy,validation
FFWXVGU9B_6883-10526-7395-11038.jpg,FFWXVGU9B,moderate_stress,validation
FFWXVGU9B_9230-5594-9742-6106.jpg,FFWXVGU9B,healthy,validation
FFWXVGU9B_9791-1524-10303-2036.jpg,FFWXVGU9B,moderate_stress,validation
FFWXVGU9B_9791-2036-10303-2548.jpg,FFWXVGU9B,moderate_stress,validation
FFWXVGU9B_9950-6342-10462-6854.jpg,FFWXVGU9B,healthy,validation
FPR8AQRWY_1045-5275-1557-5787.jpg,FPR8AQRWY,moderate_stress,validation
FPR8AQRWY_1395-305-1907-817.jpg,FPR8AQRWY,moderate_stress,validation
FPR8AQRWY_1762-5285-2274-5797.jpg,FPR8AQRWY,moderate_stress,validation
FPR8AQRWY_2121-324-2633-836.jpg,FPR8AQRWY,moderate_stress,validation
FPR8AQRWY_2241-5274-2753-5786.jpg,FPR8AQRWY,moderate_stress,validation
GCVP21UDI_1033-4912-1545-5424.jpg,GCVP21UDI,moderate_stress,validation
GCVP21UDI_1214-422-1726-934.jpg,GCVP21UDI,moderate_stress,validation
GCVP21UDI_1347-4895-1859-5407.jpg,GCVP21UDI,moderate_stress,validation
GCVP21UDI_1726-422-2238-934.jpg,GCVP21UDI,moderate_stress,validation
GCVP21UDI_1859-4895-2371-5407.jpg,GCVP21UDI,moderate_stress,validation
GCVP21UDI_2303-455-2815-967.jpg,GCVP21UDI,moderate_stress,validation
GCVP21UDI_2365-4865-2877-5377.jpg,GCVP21UDI,healthy,validation
GCVP21UDI_392-447-904-959.jpg,GCVP21UDI,moderate_stress,validation
GCVP21UDI_521-4912-1033-5424.jpg,GCVP21UDI,moderate_stress,validation
GCVP21UDI_579-3382-1091-3894.jpg,GCVP21UDI,healthy,validation
GCVP21UDI_702-422-1214-934.jpg,GCVP21UDI,moderate_stress,validation
GCVP21UDI_786-2892-1298-3404.jpg,GCVP21UDI,moderate_stress,validation
HLZ117H3L_1077-818-1589-1330.jpg,HLZ117H3L,moderate_stress,validation
HLZ117H3L_1144-1161-1656-1673.jpg,HLZ117H3L,moderate_stress,validation
HLZ117H3L_1196-1793-1708-2305.jpg,HLZ117H3L,moderate_stress,validation
HLZ117H3L_1310-1580-1822-2092.jpg,HLZ117H3L,moderate_stress,validation
HLZ117H3L_1357-507-1869-1019.jpg,HLZ117H3L,moderate_stress,validation
HLZ117H3L_1692-1085-2204-1597.jpg,HLZ117H3L,moderate_stress,validation
HLZ117H3L_1692-1597-2204-2109.jpg,HLZ117H3L,moderate_stress,validation
HLZ117H3L_1856-496-2368-1008.jpg,HLZ117H3L,moderate_stress,validation
HLZ117H3L_2019-1668-2531-2180.jpg,HLZ117H3L,moderate_stress,validation
HLZ117H3L_2076-946-2588-1458.jpg,HLZ117H3L,moderate_stress,validation
HLZ117H3L_2149-677-2661-1189.jpg,HLZ117H3L,moderate_stress,validation
HLZ117H3L_289-2421-801-2933.jpg,HLZ117H3L,moderate_stress,validation
HLZ117H3L_432-1000-944-1512.jpg,HLZ117H3L,moderate_stress,validation
HLZ117H3L_437-2168-949-2680.jpg,HLZ117H3L,moderate_stress,validation
HLZ117H3L_480-1899-992-2411.jpg,HLZ117H3L,moderate_stress,validation
HLZ117H3L_801-2421-1313-2933.jpg,HLZ117H3L,moderate_stress,validation
HLZ117H3L_865-1908-1377-2420.jpg,HLZ117H3L,moderate_stress,validation
HLZ117H3L_894-996-1406-1508.jpg,HLZ117H3L,moderate_stress,validation
HLZ117H3L_949-2168-1461-2680.jpg,HLZ117H3L,moderate_stress,validation
I34IIUD9N_1268-435-1780-947.jpg,I34IIUD9N,healthy,validation
I34IIUD9N_1336-4954-1848-5466.jpg,I34IIUD9N,healthy,validation
I34IIUD9N_2021-4950-2533-5462.jpg,I34IIUD9N,healthy,validation
I34IIUD9N_2097-433-2609-945.jpg,I34IIUD9N,healthy,validation
I34IIUD9N_219-271-731-783.jpg,I34IIUD9N,healthy,validation
I34IIUD9N_2398-438-2910-950.jpg,I34IIUD9N,moderate_stress,validation
I34IIUD9N_2456-4876-2968-5388.jpg,I34IIUD9N,moderate_stress,validation
I34IIUD9N_248-3427-760-3939.jpg,I34IIUD9N,moderate_stress,validation
I34IIUD9N_248-3939-760-4451.jpg,I34IIUD9N,moderate_stress,validation
I34IIUD9N_256-4311-768-4823.jpg,I34IIUD9N,moderate_stress,validation
I34IIUD9N_2564-4407-3076-4919.jpg,I34IIUD9N,moderate_stress,validation
I34IIUD9N_2598-271-3110-783.jpg,I34IIUD9N,moderate_stress,validation
I34IIUD9N_350-1375-862-1887.jpg,I34IIUD9N,moderate_stress,validation
I34IIUD9N_350-863-862-1375.jpg,I34IIUD9N,healthy,validation
I34IIUD9N_352-2341-864-2853.jpg,I34IIUD9N,healthy,validation
I34IIUD9N_352-2853-864-3365.jpg,I34IIUD9N,moderate_stress,validation
I34IIUD9N_362-3725-874-4237.jpg,I34IIUD9N,moderate_stress,validation
I34IIUD9N_362-4749-874-5261.jpg,I34IIUD9N,moderate_stress,validation
I34IIUD9N_895-4966-1407-5478.jpg,I34IIUD9N,healthy,validation
I34IIUD9N_938-437-1450-949.jpg,I34IIUD9N,healthy,validation
I6ZWEC6FH_1427-686-1939-1198.jpg,I6ZWEC6FH,severe_stress,validation
I6ZWEC6FH_3176-1798-3688-2310.jpg,I6ZWEC6FH,severe_stress,validation
I6ZWEC6FH_3688-1798-4200-2310.jpg,I6ZWEC6FH,severe_stress,validation
I6ZWEC6FH_4175-1389-4687-1901.jpg,I6ZWEC6FH,severe_stress,validation
I6ZWEC6FH_4807-2030-5319-2542.jpg,I6ZWEC6FH,severe_stress,validation
IAD6QTEK6_1011-1925-1523-2437.jpg,IAD6QTEK6,severe_stress,validation
IAD6QTEK6_1011-2437-1523-2949.jpg,IAD6QTEK6,severe_stress,validation
IAD6QTEK6_1115-1241-1627-1753.jpg,IAD6QTEK6,severe_stress,validation
IAD6QTEK6_1154-1620-1666-2132.jpg,IAD6QTEK6,severe_stress,validation
IAD6QTEK6_1523-1925-2035-2437.jpg,IAD6QTEK6,severe_stress,validation
IAD6QTEK6_1523-2437-2035-2949.jpg,IAD6QTEK6,healthy,validation
IAD6QTEK6_1676-1406-2188-1918.jpg,IAD6QTEK6,healthy,validation
IAD6QTEK6_1805-1726-2317-2238.jpg,IAD6QTEK6,severe_stress,validation
IAD6QTEK6_2029-1262-2541-1774.jpg,IAD6QTEK6,severe_stress,validation
IAD6QTEK6_2035-1925-2547-2437.jpg,IAD6QTEK6,severe_stress,validation
IAD6QTEK6_2035-2437-2547-2949.jpg,IAD6QTEK6,severe_stress,validation
IAD6QTEK6_2115-1648-2627-2160.jpg,IAD6QTEK6,severe_stress,validation
IAD6QTEK6_2178-1066-2690-1578.jpg,IAD6QTEK6,severe_stress,validation
IAD6QTEK6_2279-2288-2791-2800.jpg,IAD6QTEK6,severe_stress,validation
IAD6QTEK6_2348-1227-2860-1739.jpg,IAD6QTEK6,severe_stress,validation
IAD6QTEK6_2791-2288-3303-2800.jpg,IAD6QTEK6,severe_stress,validation
IAD6QTEK6_2862-995-3374-1507.jpg,IAD6QTEK6,severe_stress,validation
IAD6QTEK6_3134-1453-3646-1965.jpg,IAD6QTEK6,severe_stress,validation
IAD6QTEK6_3235-1802-3747-2314.jpg,IAD6QTEK6,severe_stress,validation
IAD6QTEK6_3387-547-3899-1059.jpg,IAD6QTEK6,healthy,validation
IAD6QTEK6_3402-1621-3914-2133.jpg,IAD6QTEK6,severe_stress,validation
IAD6QTEK6_3479-1256-3991-1768.jpg,IAD6QTEK6,severe_stress,validation
IAD6QTEK6_3600-1473-4112-1985.jpg,IAD6QTEK6,severe_stress,validation
IAD6QTEK6_3603-2165-4115-2677.jpg,IAD6QTEK6,severe_stress,validation
IAD6QTEK6_4098-687-4610-1199.jpg,IAD6QTEK6,severe_stress,validation
IAD6QTEK6_4198-1280-4710-1792.jpg,IAD6QTEK6,severe_stress,validation
IAD6QTEK6_4352-342-4864-854.jpg,IAD6QTEK6,severe_stress,validation
IAD6QTEK6_4352-620-4864-1132.jpg,IAD6QTEK6,severe_stress,validation
IAD6QTEK6_4582-2188-5094-2700.jpg,IAD6QTEK6,severe_stress,validation
IAD6QTEK6_4637-1629-5149-2141.jpg,IAD6QTEK6,severe_stress,validation
IAD6QTEK6_4735-1124-5247-1636.jpg,IAD6QTEK6,severe_stress,validation
IAD6QTEK6_4915-705-5427-1217.jpg,IAD6QTEK6,healthy,validation
IAD6QTEK6_499-1925-1011-2437.jpg,IAD6QTEK6,severe_stress,validation
IAD6QTEK6_499-2437-1011-2949.jpg,IAD6QTEK6,severe_stress,validation
IAD6QTEK6_687-2247-1199-2759.jpg,IAD6QTEK6,severe_stress,validation
IAD6QTEK6_857-1423-1369-1935.jpg,IAD6QTEK6,severe_stress,validation
IEGL3JTPD_2284-296-2796-808.jpg,IEGL3JTPD,healthy,validation
IEGL3JTPD_818-4743-1330-5255.jpg,IEGL3JTPD,healthy,validation
IFRUJ72X6_1125-3365-1637-3877.jpg,IFRUJ72X6,moderate_stress,validation
IFRUJ72X6_1125-3877-1637-4389.jpg,IFRUJ72X6,moderate_stress,validation
IFRUJ72X6_1637-3365-2149-3877.jpg,IFRUJ72X6,moderate_stress,validation
IFRUJ72X6_1637-3877-2149-4389.jpg,IFRUJ72X6,moderate_stress,validation
IFRUJ72X6_2149-3365-2661-3877.jpg,IFRUJ72X6,moderate_stress,validation
IFRUJ72X6_2661-3365-3173-3877.jpg,IFRUJ72X6,moderate_stress,validation
IFRUJ72X6_3014-3059-3526-3571.jpg,IFRUJ72X6,moderate_stress,validation
IFRUJ72X6_3075-3457-3587-3969.jpg,IFRUJ72X6,moderate_stress,validation
IFRUJ72X6_3307-2541-3819-3053.jpg,IFRUJ72X6,moderate_stress,validation
IFRUJ72X6_3307-3053-3819-3565.jpg,IFRUJ72X6,moderate_stress,validation
IFRUJ72X6_3614-3860-4126-4372.jpg,IFRUJ72X6,moderate_stress,validation
IFRUJ72X6_3819-1005-4331-1517.jpg,IFRUJ72X6,moderate_stress,validation
IFRUJ72X6_3819-1517-4331-2029.jpg,IFRUJ72X6,moderate_stress,validation
IFRUJ72X6_3819-2029-4331-2541.jpg,IFRUJ72X6,moderate_stress,validation
IFRUJ72X6_3819-3053-4331-3565.jpg,IFRUJ72X6,moderate_stress,validation
IFRUJ72X6_4331-2541-4843-3053.jpg,IFRUJ72X6,moderate_stress,validation
IFRUJ72X6_4331-3053-4843-3565.jpg,IFRUJ72X6,moderate_stress,validation
IFRUJ72X6_4961-2170-5473-2682.jpg,IFRUJ72X6,moderate_stress,validation
IFRUJ72X6_514-423-1026-935.jpg,IFRUJ72X6,moderate_stress,validation
IFRUJ72X6_613-2341-1125-2853.jpg,IFRUJ72X6,moderate_stress,validation
IFRUJ72X6_613-2853-1125-3365.jpg,IFRUJ72X6,moderate_stress,validation
IFRUJ72X6_613-3365-1125-3877.jpg,IFRUJ72X6,moderate_stress,validation
IFRUJ72X6_613-3877-1125-4389.jpg,IFRUJ72X6,moderate_stress,validation
IFRUJ72X6_613-4389-1125-4901.jpg,IFRUJ72X6,moderate_stress,validation
IFRUJ72X6_749-1225-1261-1737.jpg,IFRUJ72X6,moderate_stress,validation
IFRUJ72X6_914-1033-1426-1545.jpg,IFRUJ72X6,moderate_stress,validation
IGRQE2X1G_1040-646-1552-1158.jpg,IGRQE2X1G,healthy,validation
IGRQE2X1G_1230-4743-1742-5255.jpg,IGRQE2X1G,healthy,validation
IGRQE2X1G_1644-1911-2156-2423.jpg,IGRQE2X1G,severe_stress,validation
IGRQE2X1G_1898-5196-2410-5708.jpg,IGRQE2X1G,healthy,validation
IGRQE2X1G_4039-1542-4551-2054.jpg,IGRQE2X1G,healthy,validation
IGRQE2X1G_4151-4745-4663-5257.jpg,IGRQE2X1G,severe_stress,validation
IXC7JGKWX_1400-1662-1912-2174.jpg,IXC7JGKWX,moderate_stress,validation
IXC7JGKWX_1539-2354-2051-2866.jpg,IXC7JGKWX,moderate_stress,validation
IXC7JGKWX_564-658-1076-1170.jpg,IXC7JGKWX,healthy,validation
JWXHAD9HK_1262-1330-1774-1842.jpg,JWXHAD9HK,healthy,validation
JWXHAD9HK_1303-550-1815-1062.jpg,JWXHAD9HK,severe_stress,validation
JWXHAD9HK_3348-827-3860-1339.jpg,JWXHAD9HK,healthy,validation
JWXHAD9HK_3686-1093-4198-1605.jpg,JWXHAD9HK,healthy,validation
JWXHAD9HK_5495-1288-6007-1800.jpg,JWXHAD9HK,healthy,validation
JWXHAD9HK_6606-1213-7118-1725.jpg,JWXHAD9HK,healthy,validation
JWXHAD9HK_6606-701-7118-1213.jpg,JWXHAD9HK,severe_stress,validation
JWXHAD9HK_7118-1213-7630-1725.jpg,JWXHAD9HK,severe_stress,validation
JWXHAD9HK_7118-701-7630-1213.jpg,JWXHAD9HK,severe_stress,validation
JWXHAD9HK_7630-1213-8142-1725.jpg,JWXHAD9HK,severe_stress,validation
JWXHAD9HK_7630-701-8142-1213.jpg,JWXHAD9HK,severe_stress,validation
JWXHAD9HK_7760-1916-8272-2428.jpg,JWXHAD9HK,severe_stress,validation
JWXHAD9HK_824-457-1336-969.jpg,JWXHAD9HK,severe_stress,validation
JWXHAD9HK_8272-2008-8784-2520.jpg,JWXHAD9HK,severe_stress,validation
JWXHAD9HK_8329-1552-8841-2064.jpg,JWXHAD9HK,healthy,validation
JWXHAD9HK_8594-2244-9106-2756.jpg,JWXHAD9HK,healthy,validation
JWXHAD9HK_9003-2205-9515-2717.jpg,JWXHAD9HK,healthy,validation
JWXHAD9HK_9094-2543-9606-3055.jpg,JWXHAD9HK,severe_stress,validation
KFK97F7D8_1264-346-1776-858.jpg,KFK97F7D8,healthy,validation
KFK97F7D8_1567-464-2079-976.jpg,KFK97F7D8,healthy,validation
KFK97F7D8_3452-1417-3964-1929.jpg,KFK97F7D8,healthy,validation
KFK97F7D8_4890-6056-5402-6568.jpg,KFK97F7D8,healthy,validation
KJPWKHME9_1918-587-2430-1099.jpg,KJPWKHME9,healthy,validation
KJPWKHME9_2043-2419-2555-2931.jpg,KJPWKHME9,healthy,validation
KJPWKHME9_3093-3301-3605-3813.jpg,KJPWKHME9,healthy,validation
KJPWKHME9_974-2168-1486-2680.jpg,KJPWKHME9,healthy,validation
KNGFCM8BU_531-4065-1043-4577.jpg,KNGFCM8BU,healthy,validation
KXQBHBPCW_3360-579-3872-1091.jpg,KXQBHBPCW,healthy,validation
KXQBHBPCW_3961-586-4473-1098.jpg,KXQBHBPCW,healthy,validation
L16EAWCLG_1683-491-2195-1003.jpg,L16EAWCLG,severe_stress,validation
L1YTJ3FMG_292-525-804-1037.jpg,L1YTJ3FMG,moderate_stress,validation
L1YTJ3FMG_5036-808-5548-1320.jpg,L1YTJ3FMG,healthy,validation
L1YTJ3FMG_643-4455-1155-4967.jpg,L1YTJ3FMG,healthy,validation
L1YTJ3FMG_987-4451-1499-4963.jpg,L1YTJ3FMG,healthy,validation
LH1W3WYWN_1237-2349-1749-2861.jpg,LH1W3WYWN,severe_stress,validation
LH1W3WYWN_1330-1199-1842-1711.jpg,LH1W3WYWN,severe_stress,validation
LH1W3WYWN_1330-1711-1842-2223.jpg,LH1W3WYWN,severe_stress,validation
LH1W3WYWN_1842-1199-2354-1711.jpg,LH1W3WYWN,severe_stress,validation
LH1W3WYWN_1842-1711-2354-2223.jpg,LH1W3WYWN,severe_stress,validation
LH1W3WYWN_2019-4229-2531-4741.jpg,LH1W3WYWN,severe_stress,validation
LH1W3WYWN_2019-4741-2531-5253.jpg,LH1W3WYWN,severe_stress,validation
LH1W3WYWN_2190-2598-2702-3110.jpg,LH1W3WYWN,healthy,validation
LH1W3WYWN_2272-2872-2784-3384.jpg,LH1W3WYWN,healthy,validation
LH1W3WYWN_231-4310-743-4822.jpg,LH1W3WYWN,severe_stress,validation
LH1W3WYWN_2354-1199-2866-1711.jpg,LH1W3WYWN,severe_stress,validation
LH1W3WYWN_2354-1711-2866-2223.jpg,LH1W3WYWN,severe_stress,validation
LH1W3WYWN_2420-4289-2932-4801.jpg,LH1W3WYWN,severe_stress,validation
LH1W3WYWN_306-1711-818-2223.jpg,LH1W3WYWN,severe_stress,validation
LH1W3WYWN_818-1199-1330-1711.jpg,LH1W3WYWN,severe_stress,validation
LH1W3WYWN_818-1711-1330-2223.jpg,LH1W3WYWN,severe_stress,validation
LH1W3WYWN_952-2386-1464-2898.jpg,LH1W3WYWN,severe_stress,validation
LHH2IJGKQ_3425-1151-3937-1663.jpg,LHH2IJGKQ,healthy,validation
LRYTIW6QY_1809-4886-2321-5398.jpg,LRYTIW6QY,healthy,validation
LRYTIW6QY_1813-1896-2325-2408.jpg,LRYTIW6QY,healthy,validation
LRYTIW6QY_912-5543-1424-6055.jpg,LRYTIW6QY,moderate_stress,validation
MDC1CQWHR_2442-766-2954-1278.jpg,MDC1CQWHR,severe_stress,validation
MDC1CQWHR_2954-766-3466-1278.jpg,MDC1CQWHR,severe_stress,validation
MQ1IEGVVJ_181-4374-693-4886.jpg,MQ1IEGVVJ,healthy,validation
MQ1IEGVVJ_182-4043-694-4555.jpg,MQ1IEGVVJ,healthy,validation
MQ1IEGVVJ_187-3018-699-3530.jpg,MQ1IEGVVJ,healthy,validation
MQ1IEGVVJ_187-774-699-1286.jpg,MQ1IEGVVJ,healthy,validation
MQ1IEGVVJ_193-1158-705-1670.jpg,MQ1IEGVVJ,healthy,validation
N21CVJBGB_1356-4967-1868-5479.jpg,N21CVJBGB,healthy,validation
N21CVJBGB_1445-1857-1957-2369.jpg,N21CVJBGB,healthy,validation
N21CVJBGB_1491-455-2003-967.jpg,N21CVJBGB,healthy,validation
N21CVJBGB_1670-4977-2182-5489.jpg,N21CVJBGB,healthy,validation
N21CVJBGB_2079-4991-2591-5503.jpg,N21CVJBGB,healthy,validation
N21CVJBGB_480-4944-992-5456.jpg,N21CVJBGB,healthy,validation
NGNF7TL7A_209-2646-721-3158.jpg,NGNF7TL7A,moderate_stress,validation
NGNF7TL7A_2263-8689-2775-9201.jpg,NGNF7TL7A,moderate_stress,validation
NGNF7TL7A_2263-9201-2775-9713.jpg,NGNF7TL7A,moderate_stress,validation
NGNF7TL7A_2263-9713-2775-10225.jpg,NGNF7TL7A,moderate_stress,validation
NGNF7TL7A_313-5671-825-6183.jpg,NGNF7TL7A,moderate_stress,validation
NGNF7TL7A_514-5020-1026-5532.jpg,NGNF7TL7A,healthy,validation
NHM3ILKCA_1133-5017-1645-5529.jpg,NHM3ILKCA,severe_stress,validation
NHM3ILKCA_2856-2532-3368-3044.jpg,NHM3ILKCA,severe_stress,validation
NHM3ILKCA_3066-4427-3578-4939.jpg,NHM3ILKCA,severe_stress,validation
NHM3ILKCA_3075-731-3587-1243.jpg,NHM3ILKCA,healthy,validation
NHM3ILKCA_3368-2532-3880-3044.jpg,NHM3ILKCA,severe_stress,validation
NHM3ILKCA_4286-1610-4798-2122.jpg,NHM3ILKCA,healthy,validation
NHM3ILKCA_450-4181-962-4693.jpg,NHM3ILKCA,severe_stress,validation
NHM3ILKCA_450-4693-962-5205.jpg,NHM3ILKCA,healthy,validation
NHM3ILKCA_4571-2467-5083-2979.jpg,NHM3ILKCA,healthy,validation
NHM3ILKCA_4783-3690-5295-4202.jpg,NHM3ILKCA,severe_stress,validation
NHM3ILKCA_5295-3690-5807-4202.jpg,NHM3ILKCA,severe_stress,validation
NHM3ILKCA_962-4181-1474-4693.jpg,NHM3ILKCA,healthy,validation
NHM3ILKCA_962-4693-1474-5205.jpg,NHM3ILKCA,severe_stress,validation
NJL8CTIWZ_1302-1648-1814-2160.jpg,NJL8CTIWZ,moderate_stress,validation
NJL8CTIWZ_1946-1144-2458-1656.jpg,NJL8CTIWZ,moderate_stress,validation
NJL8CTIWZ_2194-992-2706-1504.jpg,NJL8CTIWZ,moderate_stress,validation
NJL8CTIWZ_2826-465-3338-977.jpg,NJL8CTIWZ,healthy,validation
NJL8CTIWZ_7649-3062-8161-3574.jpg,NJL8CTIWZ,moderate_stress,validation
NJL8CTIWZ_7651-4637-8163-5149.jpg,NJL8CTIWZ,moderate_stress,validation
NJL8CTIWZ_7706-2631-8218-3143.jpg,NJL8CTIWZ,moderate_stress,validation
NJL8CTIWZ_912-790-1424-1302.jpg,NJL8CTIWZ,moderate_stress,validation
NRMBUBAGZ_1164-1691-1676-2203.jpg,NRMBUBAGZ,moderate_stress,validation
NRMBUBAGZ_1164-2203-1676-2715.jpg,NRMBUBAGZ,moderate_stress,validation
NRMBUBAGZ_1851-4948-2363-5460.jpg,NRMBUBAGZ,moderate_stress,validation
NRMBUBAGZ_2324-4611-2836-5123.jpg,NRMBUBAGZ,moderate_stress,validation
NRMBUBAGZ_2363-4948-2875-5460.jpg,NRMBUBAGZ,moderate_stress,validation
NRMBUBAGZ_2419-1263-2931-1775.jpg,NRMBUBAGZ,moderate_stress,validation
NRMBUBAGZ_2576-491-3088-1003.jpg,NRMBUBAGZ,healthy,validation
NRMBUBAGZ_380-4975-892-5487.jpg,NRMBUBAGZ,moderate_stress,validation
NRMBUBAGZ_390-2456-902-2968.jpg,NRMBUBAGZ,moderate_stress,validation
NRMBUBAGZ_390-2968-902-3480.jpg,NRMBUBAGZ,moderate_stress,validation
NRMBUBAGZ_390-3480-902-3992.jpg,NRMBUBAGZ,moderate_stress,validation
NRMBUBAGZ_447-1197-959-1709.jpg,NRMBUBAGZ,moderate_stress,validation
NRMBUBAGZ_549-614-1061-1126.jpg,NRMBUBAGZ,moderate_stress,validation
NRMBUBAGZ_652-1691-1164-2203.jpg,NRMBUBAGZ,moderate_stress,validation
NRMBUBAGZ_652-2203-1164-2715.jpg,NRMBUBAGZ,moderate_stress,validation
NRMBUBAGZ_744-1408-1256-1920.jpg,NRMBUBAGZ,moderate_stress,validation
NRMBUBAGZ_902-2456-1414-2968.jpg,NRMBUBAGZ,moderate_stress,validation
NRMBUBAGZ_902-2968-1414-3480.jpg,NRMBUBAGZ,moderate_stress,validation
NRMBUBAGZ_902-3480-1414-3992.jpg,NRMBUBAGZ,moderate_stress,validation
PC1ZQD4E2_2464-1747-2976-2259.jpg,PC1ZQD4E2,severe_stress,validation
PC1ZQD4E2_2491-662-3003-1174.jpg,PC1ZQD4E2,healthy,validation
PC1ZQD4E2_2495-2044-3007-2556.jpg,PC1ZQD4E2,healthy,validation
PE1GFFL7R_1149-1904-1661-2416.jpg,PE1GFFL7R,healthy,validation
PE1GFFL7R_1149-2416-1661-2928.jpg,PE1GFFL7R,healthy,validation
PE1GFFL7R_1328-1565-1840-2077.jpg,PE1GFFL7R,severe_stress,validation
PE1GFFL7R_1661-2416-2173-2928.jpg,PE1GFFL7R,severe_stress,validation
PE1GFFL7R_1746-1686-2258-2198.jpg,PE1GFFL7R,severe_stress,validation
PE1GFFL7R_2350-633-2862-1145.jpg,PE1GFFL7R,severe_stress,validation
PE1GFFL7R_2376-2161-2888-2673.jpg,PE1GFFL7R,severe_stress,validation
PE1GFFL7R_2376-2673-2888-3185.jpg,PE1GFFL7R,severe_stress,validation
PE1GFFL7R_2484-3277-2996-3789.jpg,PE1GFFL7R,severe_stress,validation
PE1GFFL7R_2862-633-3374-1145.jpg,PE1GFFL7R,severe_stress,validation
PE1GFFL7R_2888-2161-3400-2673.jpg,PE1GFFL7R,severe_stress,validation
PE1GFFL7R_2888-2673-3400-3185.jpg,PE1GFFL7R,severe_stress,validation
PE1GFFL7R_3303-3710-3815-4222.jpg,PE1GFFL7R,healthy,validation
PE1GFFL7R_3400-2161-3912-2673.jpg,PE1GFFL7R,severe_stress,validation
PE1GFFL7R_3400-2673-3912-3185.jpg,PE1GFFL7R,severe_stress,validation
PE1GFFL7R_3480-1471-3992-1983.jpg,PE1GFFL7R,severe_stress,validation
PE1GFFL7R_3809-1755-4321-2267.jpg,PE1GFFL7R,severe_stress,validation
PE1GFFL7R_578-856-1090-1368.jpg,PE1GFFL7R,severe_stress,validation
PE1GFFL7R_941-718-1453-1230.jpg,PE1GFFL7R,severe_stress,validation
PG9E1GDFA_2713-4966-3225-5478.jpg,PG9E1GDFA,healthy,validation
PG9E1GDFA_509-1292-1021-1804.jpg,PG9E1GDFA,moderate_stress,validation
PG9E1GDFA_658-3479-1170-3991.jpg,PG9E1GDFA,healthy,validation
PGKPAENR4_1419-2466-1931-2978.jpg,PGKPAENR4,moderate_stress,validation
PGKPAENR4_188-2751-700-3263.jpg,PGKPAENR4,healthy,validation
PGKPAENR4_1931-2466-2443-2978.jpg,PGKPAENR4,moderate_stress,validation
PGKPAENR4_2464-384-2976-896.jpg,PGKPAENR4,moderate_stress,validation
PGKPAENR4_2976-384-3488-896.jpg,PGKPAENR4,healthy,validation
PGKPAENR4_326-2403-838-2915.jpg,PGKPAENR4,moderate_stress,validation
PIZRB49HW_1180-1511-1692-2023.jpg,PIZRB49HW,healthy,validation
PIZRB49HW_1219-1228-1731-1740.jpg,PIZRB49HW,healthy,validation
PIZRB49HW_148-907-660-1419.jpg,PIZRB49HW,healthy,validation
PIZRB49HW_1643-1730-2155-2242.jpg,PIZRB49HW,severe_stress,validation
PIZRB49HW_412-1459-924-1971.jpg,PIZRB49HW,severe_stress,validation
PLXWGUAWE_2071-2301-2583-2813.jpg,PLXWGUAWE,moderate_stress,validation
PLXWGUAWE_2868-1751-3380-2263.jpg,PLXWGUAWE,moderate_stress,validation
PLXWGUAWE_2868-2263-3380-2775.jpg,PLXWGUAWE,moderate_stress,validation
PLXWGUAWE_3199-1142-3711-1654.jpg,PLXWGUAWE,moderate_stress,validation
PLXWGUAWE_3380-1751-3892-2263.jpg,PLXWGUAWE,moderate_stress,validation
PLXWGUAWE_3380-2263-3892-2775.jpg,PLXWGUAWE,moderate_stress,validation
PLXWGUAWE_3494-1021-4006-1533.jpg,PLXWGUAWE,moderate_stress,validation
PLXWGUAWE_3494-509-4006-1021.jpg,PLXWGUAWE,moderate_stress,validation
PLXWGUAWE_3680-1367-4192-1879.jpg,PLXWGUAWE,moderate_stress,validation
PLXWGUAWE_3892-1751-4404-2263.jpg,PLXWGUAWE,moderate_stress,validation
PLXWGUAWE_3892-2263-4404-2775.jpg,PLXWGUAWE,moderate_stress,validation
PLXWGUAWE_4006-1021-4518-1533.jpg,PLXWGUAWE,moderate_stress,validation
PLXWGUAWE_4006-509-4518-1021.jpg,PLXWGUAWE,moderate_stress,validation
PLXWGUAWE_4181-2633-4693-3145.jpg,PLXWGUAWE,moderate_stress,validation
PLXWGUAWE_4188-1477-4700-1989.jpg,PLXWGUAWE,moderate_stress,validation
PLXWGUAWE_4404-1751-4916-2263.jpg,PLXWGUAWE,moderate_stress,validation
PLXWGUAWE_4404-2263-4916-2775.jpg,PLXWGUAWE,moderate_stress,validation
PLXWGUAWE_4518-1021-5030-1533.jpg,PLXWGUAWE,moderate_stress,validation
PLXWGUAWE_4518-509-5030-1021.jpg,PLXWGUAWE,moderate_stress,validation
PLXWGUAWE_4693-2633-5205-3145.jpg,PLXWGUAWE,moderate_stress,validation
PLXWGUAWE_4869-2430-5381-2942.jpg,PLXWGUAWE,moderate_stress,validation
PLXWGUAWE_4899-554-5411-1066.jpg,PLXWGUAWE,moderate_stress,validation
PWPWQIY93_1151-1258-1663-1770.jpg,PWPWQIY93,moderate_stress,validation
PWPWQIY93_1198-2144-1710-2656.jpg,PWPWQIY93,moderate_stress,validation
PWPWQIY93_1198-2656-1710-3168.jpg,PWPWQIY93,moderate_stress,validation
PWPWQIY93_349-2027-861-2539.jpg,PWPWQIY93,moderate_stress,validation
PWPWQIY93_680-1781-1192-2293.jpg,PWPWQIY93,moderate_stress,validation
PWPWQIY93_686-2144-1198-2656.jpg,PWPWQIY93,moderate_stress,validation
PWPWQIY93_686-2656-1198-3168.jpg,PWPWQIY93,moderate_stress,validation
PWPWQIY93_861-1515-1373-2027.jpg,PWPWQIY93,moderate_stress,validation
QFLDNFF9F_10248-255-10760-767.jpg,QFLDNFF9F,healthy,validation
QFLDNFF9F_10894-256-11406-768.jpg,QFLDNFF9F,healthy,validation
QFLDNFF9F_3030-4505-3542-5017.jpg,QFLDNFF9F,severe_stress,validation
QFLDNFF9F_3847-4042-4359-4554.jpg,QFLDNFF9F,severe_stress,validation
QFLDNFF9F_4476-6791-4988-7303.jpg,QFLDNFF9F,healthy,validation
QMNXIBZAG_1835-7277-2347-7789.jpg,QMNXIBZAG,moderate_stress,validation
QTWVDNVHR_1025-3127-1537-3639.jpg,QTWVDNVHR,severe_stress,validation
QTWVDNVHR_1312-2990-1824-3502.jpg,QTWVDNVHR,severe_stress,validation
QTWVDNVHR_1633-2846-2145-3358.jpg,QTWVDNVHR,severe_stress,validation
QTWVDNVHR_1808-2224-2320-2736.jpg,QTWVDNVHR,severe_stress,validation
QTWVDNVHR_1824-2990-2336-3502.jpg,QTWVDNVHR,severe_stress,validation
QTWVDNVHR_2145-2334-2657-2846.jpg,QTWVDNVHR,severe_stress,validation
QTWVDNVHR_2145-2846-2657-3358.jpg,QTWVDNVHR,severe_stress,validation
QTWVDNVHR_2336-2990-2848-3502.jpg,QTWVDNVHR,severe_stress,validation
QTWVDNVHR_336-2303-848-2815.jpg,QTWVDNVHR,severe_stress,validation
QTWVDNVHR_336-2815-848-3327.jpg,QTWVDNVHR,severe_stress,validation
QTWVDNVHR_395-920-907-1432.jpg,QTWVDNVHR,severe_stress,validation
R3LZGYCQA_609-6161-1121-6673.jpg,R3LZGYCQA,severe_stress,validation
R8TPB4A73_1395-1230-1907-1742.jpg,R8TPB4A73,moderate_stress,validation
R8TPB4A73_1986-411-2498-923.jpg,R8TPB4A73,healthy,validation
R8TPB4A73_2471-3785-2983-4297.jpg,R8TPB4A73,healthy,validation
R8TPB4A73_2749-5931-3261-6443.jpg,R8TPB4A73,moderate_stress,validation
RB7BFE9IQ_5818-10533-6330-11045.jpg,RB7BFE9IQ,moderate_stress,validation
RB7BFE9IQ_7479-10480-7991-10992.jpg,RB7BFE9IQ,moderate_stress,validation
RB7BFE9IQ_9017-10627-9529-11139.jpg,RB7BFE9IQ,moderate_stress,validation
RB7BFE9IQ_9305-9491-9817-10003.jpg,RB7BFE9IQ,moderate_stress,validation
RFGVDGG9R_1755-1765-2267-2277.jpg,RFGVDGG9R,severe_stress,validation
RFGVDGG9R_220-1127-732-1639.jpg,RFGVDGG9R,severe_stress,validation
RFGVDGG9R_2256-1607-2768-2119.jpg,RFGVDGG9R,severe_stress,validation
RFGVDGG9R_2267-939-2779-1451.jpg,RFGVDGG9R,severe_stress,validation
RFGVDGG9R_4443-817-4955-1329.jpg,RFGVDGG9R,severe_stress,validation
RFGVDGG9R_4536-497-5048-1009.jpg,RFGVDGG9R,severe_stress,validation
RFGVDGG9R_4908-492-5420-1004.jpg,RFGVDGG9R,severe_stress,validation
RFGVDGG9R_825-1024-1337-1536.jpg,RFGVDGG9R,severe_stress,validation
TAJCV1ZP1_2475-1340-2987-1852.jpg,TAJCV1ZP1,moderate_stress,validation
TAJCV1ZP1_2566-2883-3078-3395.jpg,TAJCV1ZP1,moderate_stress,validation
TAJCV1ZP1_2647-3125-3159-3637.jpg,TAJCV1ZP1,moderate_stress,validation
TAJCV1ZP1_2733-3359-3245-3871.jpg,TAJCV1ZP1,moderate_stress,validation
TAJCV1ZP1_295-2143-807-2655.jpg,TAJCV1ZP1,moderate_stress,validation
TPD48F88P_2649-5438-3161-5950.jpg,TPD48F88P,healthy,validation
TPD48F88P_2748-470-3260-982.jpg,TPD48F88P,healthy,validation
TPD48F88P_3036-467-3548-979.jpg,TPD48F88P,healthy,validation
TPD48F88P_3089-5452-3601-5964.jpg,TPD48F88P,healthy,validation
TPD48F88P_3321-474-3833-986.jpg,TPD48F88P,healthy,validation
TPD48F88P_3746-5457-4258-5969.jpg,TPD48F88P,healthy,validation
TQ3GNYTE7_1099-3119-1611-3631.jpg,TQ3GNYTE7,severe_stress,validation
TQ3GNYTE7_1099-3631-1611-4143.jpg,TQ3GNYTE7,severe_stress,validation
TQ3GNYTE7_1099-4143-1611-4655.jpg,TQ3GNYTE7,severe_stress,validation
TQ3GNYTE7_1099-4655-1611-5167.jpg,TQ3GNYTE7,severe_stress,validation
TQ3GNYTE7_1099-5167-1611-5679.jpg,TQ3GNYTE7,severe_stress,validation
TQ3GNYTE7_1611-4143-2123-4655.jpg,TQ3GNYTE7,healthy,validation
TQ3GNYTE7_1611-4655-2123-5167.jpg,TQ3GNYTE7,severe_stress,validation
TQ3GNYTE7_1611-5167-2123-5679.jpg,TQ3GNYTE7,severe_stress,validation
TQ3GNYTE7_1667-3719-2179-4231.jpg,TQ3GNYTE7,severe_stress,validation
TQ3GNYTE7_1829-1915-2341-2427.jpg,TQ3GNYTE7,healthy,validation
TQ3GNYTE7_1849-396-2361-908.jpg,TQ3GNYTE7,healthy,validation
TQ3GNYTE7_587-3119-1099-3631.jpg,TQ3GNYTE7,severe_stress,validation
TQ3GNYTE7_587-3631-1099-4143.jpg,TQ3GNYTE7,severe_stress,validation
TQ3GNYTE7_587-4143-1099-4655.jpg,TQ3GNYTE7,severe_stress,validation
TQ3GNYTE7_587-4655-1099-5167.jpg,TQ3GNYTE7,severe_stress,validation
TQ3GNYTE7_587-5167-1099-5679.jpg,TQ3GNYTE7,severe_stress,validation
TU7MBQ2TN_1502-4257-2014-4769.jpg,TU7MBQ2TN,severe_stress,validation
TU7MBQ2TN_1502-4769-2014-5281.jpg,TU7MBQ2TN,severe_stress,validation
TU7MBQ2TN_1781-2629-2293-3141.jpg,TU7MBQ2TN,severe_stress,validation
TU7MBQ2TN_1790-3984-2302-4496.jpg,TU7MBQ2TN,severe_stress,validation
TU7MBQ2TN_1835-3184-2347-3696.jpg,TU7MBQ2TN,healthy,validation
TU7MBQ2TN_2014-4257-2526-4769.jpg,TU7MBQ2TN,severe_stress,validation
TU7MBQ2TN_2014-4769-2526-5281.jpg,TU7MBQ2TN,severe_stress,validation
TU7MBQ2TN_2317-2940-2829-3452.jpg,TU7MBQ2TN,severe_stress,validation
TU7MBQ2TN_2762-3700-3274-4212.jpg,TU7MBQ2TN,severe_stress,validation
TU7MBQ2TN_2993-3915-3505-4427.jpg,TU7MBQ2TN,severe_stress,validation
TU7MBQ2TN_3485-3698-3997-4210.jpg,TU7MBQ2TN,severe_stress,validation
TU7MBQ2TN_402-2382-914-2894.jpg,TU7MBQ2TN,severe_stress,validation
TU7MBQ2TN_728-3170-1240-3682.jpg,TU7MBQ2TN,severe_stress,validation
TU7MBQ2TN_869-2499-1381-3011.jpg,TU7MBQ2TN,severe_stress,validation
TXFKV3JXW_1948-512-2460-1024.jpg,TXFKV3JXW,healthy,validation
TXFKV3JXW_2130-359-2642-871.jpg,TXFKV3JXW,healthy,validation
TYBK4PR64_1066-600-1578-1112.jpg,TYBK4PR64,healthy,validation
TYBK4PR64_1175-3397-1687-3909.jpg,TYBK4PR64,moderate_stress,validation
TYBK4PR64_5716-3689-6228-4201.jpg,TYBK4PR64,healthy,validation
TYBK4PR64_628-5897-1140-6409.jpg,TYBK4PR64,moderate_stress,validation
TYBK4PR64_663-3397-1175-3909.jpg,TYBK4PR64,moderate_stress,validation
U3F6UFF38_1521-2246-2033-2758.jpg,U3F6UFF38,healthy,validation
U3F6UFF38_1824-2758-2336-3270.jpg,U3F6UFF38,healthy,validation
U3F6UFF38_1884-660-2396-1172.jpg,U3F6UFF38,moderate_stress,validation
U3F6UFF38_2685-1355-3197-1867.jpg,U3F6UFF38,moderate_stress,validation
U3F6UFF38_719-4211-1231-4723.jpg,U3F6UFF38,healthy,validation
U69XMV6JY_1051-2570-1563-3082.jpg,U69XMV6JY,healthy,validation
U69XMV6JY_1991-331-2503-843.jpg,U69XMV6JY,healthy,validation
U69XMV6JY_3389-2231-3901-2743.jpg,U69XMV6JY,moderate_stress,validation
U69XMV6JY_4574-2634-5086-3146.jpg,U69XMV6JY,healthy,validation
UDTGVFRKI_2382-1225-2894-1737.jpg,UDTGVFRKI,moderate_stress,validation
UDTGVFRKI_2382-713-2894-1225.jpg,UDTGVFRKI,moderate_stress,validation
UDTGVFRKI_2433-439-2945-951.jpg,UDTGVFRKI,healthy,validation
UDTGVFRKI_2538-10238-3050-10750.jpg,UDTGVFRKI,healthy,validation
UFKDV1H62_300-5666-812-6178.jpg,UFKDV1H62,healthy,validation
UFKDV1H62_5115-2860-5627-3372.jpg,UFKDV1H62,healthy,validation
UFKDV1H62_7998-5810-8510-6322.jpg,UFKDV1H62,healthy,validation
URIGFGHAQ_10060-2903-10572-3415.jpg,URIGFGHAQ,healthy,validation
URIGFGHAQ_1235-1731-1747-2243.jpg,URIGFGHAQ,moderate_stress,validation
URIGFGHAQ_1271-547-1783-1059.jpg,URIGFGHAQ,moderate_stress,validation
URIGFGHAQ_1650-1491-2162-2003.jpg,URIGFGHAQ,moderate_stress,validation
URIGFGHAQ_1718-1915-2230-2427.jpg,URIGFGHAQ,moderate_stress,validation
URIGFGHAQ_2194-1769-2706-2281.jpg,URIGFGHAQ,moderate_stress,validation
URIGFGHAQ_2665-2318-3177-2830.jpg,URIGFGHAQ,moderate_stress,validation
URIGFGHAQ_2749-2829-3261-3341.jpg,URIGFGHAQ,moderate_stress,validation
URIGFGHAQ_378-2034-890-2546.jpg,URIGFGHAQ,healthy,validation
URIGFGHAQ_963-402-1475-914.jpg,URIGFGHAQ,moderate_stress,validation
URIGFGHAQ_999-1862-1511-2374.jpg,URIGFGHAQ,moderate_stress,validation
UUETC6QMB_1171-1185-1683-1697.jpg,UUETC6QMB,severe_stress,validation
UUETC6QMB_1171-1697-1683-2209.jpg,UUETC6QMB,severe_stress,validation
UUETC6QMB_1683-1185-2195-1697.jpg,UUETC6QMB,severe_stress,validation
UUETC6QMB_1683-1697-2195-2209.jpg,UUETC6QMB,severe_stress,validation
UUETC6QMB_2195-1185-2707-1697.jpg,UUETC6QMB,severe_stress,validation
UUETC6QMB_2195-1697-2707-2209.jpg,UUETC6QMB,severe_stress,validation
UUETC6QMB_319-1621-831-2133.jpg,UUETC6QMB,severe_stress,validation
UUETC6QMB_685-1897-1197-2409.jpg,UUETC6QMB,severe_stress,validation
UUETC6QMB_734-1550-1246-2062.jpg,UUETC6QMB,severe_stress,validation
UUETC6QMB_920-2348-1432-2860.jpg,UUETC6QMB,severe_stress,validation
UWFCXVVKB_2505-2602-3017-3114.jpg,UWFCXVVKB,healthy,validation
UYZDK3QBP_1337-3623-1849-4135.jpg,UYZDK3QBP,healthy,validation
UYZDK3QBP_2731-3624-3243-4136.jpg,UYZDK3QBP,healthy,validation
UYZDK3QBP_4029-3733-4541-4245.jpg,UYZDK3QBP,healthy,validation
UYZDK3QBP_4207-1289-4719-1801.jpg,UYZDK3QBP,moderate_stress,validation
UYZDK3QBP_4207-1801-4719-2313.jpg,UYZDK3QBP,moderate_stress,validation
UYZDK3QBP_4680-1852-5192-2364.jpg,UYZDK3QBP,moderate_stress,validation
UYZDK3QBP_4680-2364-5192-2876.jpg,UYZDK3QBP,moderate_stress,validation
UYZDK3QBP_5192-1852-5704-2364.jpg,UYZDK3QBP,moderate_stress,validation
UYZDK3QBP_5192-2364-5704-2876.jpg,UYZDK3QBP,moderate_stress,validation
UYZDK3QBP_825-4135-1337-4647.jpg,UYZDK3QBP,healthy,validation
V4X69B7IH_2242-2168-2754-2680.jpg,V4X69B7IH,moderate_stress,validation
V4X69B7IH_2754-2168-3266-2680.jpg,V4X69B7IH,moderate_stress,validation
V4X69B7IH_3266-2168-3778-2680.jpg,V4X69B7IH,moderate_stress,validation
V4X69B7IH_4083-2173-4595-2685.jpg,V4X69B7IH,moderate_stress,validation
VH13TNDT8_1142-2919-1654-3431.jpg,VH13TNDT8,severe_stress,validation
VH13TNDT8_1285-3298-1797-3810.jpg,VH13TNDT8,severe_stress,validation
VH13TNDT8_1285-3810-1797-4322.jpg,VH13TNDT8,severe_stress,validation
VH13TNDT8_1373-6312-1885-6824.jpg,VH13TNDT8,severe_stress,validation
VH13TNDT8_1422-1127-1934-1639.jpg,VH13TNDT8,severe_stress,validation
VH13TNDT8_1422-1639-1934-2151.jpg,VH13TNDT8,severe_stress,validation
VH13TNDT8_1454-5479-1966-5991.jpg,VH13TNDT8,severe_stress,validation
VH13TNDT8_1454-5991-1966-6503.jpg,VH13TNDT8,severe_stress,validation
VH13TNDT8_1655-5280-2167-5792.jpg,VH13TNDT8,severe_stress,validation
VH13TNDT8_1655-5792-2167-6304.jpg,VH13TNDT8,severe_stress,validation
VH13TNDT8_1655-6304-2167-6816.jpg,VH13TNDT8,severe_stress,validation
VH13TNDT8_1934-1639-2446-2151.jpg,VH13TNDT8,severe_stress,validation
VH13TNDT8_1934-2151-2446-2663.jpg,VH13TNDT8,severe_stress,validation
VH13TNDT8_2167-5280-2679-5792.jpg,VH13TNDT8,healthy,validation
VH13TNDT8_2167-5792-2679-6304.jpg,VH13TNDT8,severe_stress,validation
VH13TNDT8_2167-6304-2679-6816.jpg,VH13TNDT8,severe_stress,validation
VH13TNDT8_2375-1163-2887-1675.jpg,VH13TNDT8,severe_stress,validation
VH13TNDT8_2446-1639-2958-2151.jpg,VH13TNDT8,severe_stress,validation
VH13TNDT8_2446-2151-2958-2663.jpg,VH13TNDT8,severe_stress,validation
VH13TNDT8_2446-2663-2958-3175.jpg,VH13TNDT8,severe_stress,validation
VH13TNDT8_2826-1867-3338-2379.jpg,VH13TNDT8,severe_stress,validation
VH13TNDT8_2826-2379-3338-2891.jpg,VH13TNDT8,severe_stress,validation
VH13TNDT8_2976-3813-3488-4325.jpg,VH13TNDT8,severe_stress,validation
VH13TNDT8_3101-2956-3613-3468.jpg,VH13TNDT8,severe_stress,validation
VH13TNDT8_3132-2595-3644-3107.jpg,VH13TNDT8,severe_stress,validation
VH13TNDT8_3260-3829-3772-4341.jpg,VH13TNDT8,severe_stress,validation
VH13TNDT8_3307-3433-3819-3945.jpg,VH13TNDT8,severe_stress,validation
VH13TNDT8_3338-1867-3850-2379.jpg,VH13TNDT8,healthy,validation
VH13TNDT8_3338-2379-3850-2891.jpg,VH13TNDT8,severe_stress,validation
VH13TNDT8_3644-2595-4156-3107.jpg,VH13TNDT8,severe_stress,validation
VH13TNDT8_3733-1970-4245-2482.jpg,VH13TNDT8,severe_stress,validation
VH13TNDT8_3772-3829-4284-4341.jpg,VH13TNDT8,severe_stress,validation
VH13TNDT8_4005-2736-4517-3248.jpg,VH13TNDT8,severe_stress,validation
VH13TNDT8_4230-2518-4742-3030.jpg,VH13TNDT8,severe_stress,validation
VH13TNDT8_4277-3836-4789-4348.jpg,VH13TNDT8,severe_stress,validation
VH13TNDT8_430-4967-942-5479.jpg,VH13TNDT8,severe_stress,validation
VH13TNDT8_430-5479-942-5991.jpg,VH13TNDT8,severe_stress,validation
VH13TNDT8_430-5991-942-6503.jpg,VH13TNDT8,severe_stress,validation
VH13TNDT8_452-6309-964-6821.jpg,VH13TNDT8,severe_stress,validation
VH13TNDT8_4670-2977-5182-3489.jpg,VH13TNDT8,severe_stress,validation
VH13TNDT8_4745-3829-5257-4341.jpg,VH13TNDT8,severe_stress,validation
VH13TNDT8_4836-3524-5348-4036.jpg,VH13TNDT8,severe_stress,validation
VH13TNDT8_487-1183-999-1695.jpg,VH13TNDT8,severe_stress,validation
VH13TNDT8_487-671-999-1183.jpg,VH13TNDT8,severe_stress,validation
VH13TNDT8_5182-2977-5694-3489.jpg,VH13TNDT8,severe_stress,validation
VH13TNDT8_5182-3489-5694-4001.jpg,VH13TNDT8,severe_stress,validation
VH13TNDT8_630-2919-1142-3431.jpg,VH13TNDT8,severe_stress,validation
VH13TNDT8_773-3298-1285-3810.jpg,VH13TNDT8,severe_stress,validation
VH13TNDT8_773-3810-1285-4322.jpg,VH13TNDT8,severe_stress,validation
VH13TNDT8_778-2624-1290-3136.jpg,VH13TNDT8,severe_stress,validation
VH13TNDT8_861-6312-1373-6824.jpg,VH13TNDT8,severe_stress,validation
VH13TNDT8_910-4270-1422-4782.jpg,VH13TNDT8,severe_stress,validation
VH13TNDT8_922-4619-1434-5131.jpg,VH13TNDT8,severe_stress,validation
VH13TNDT8_942-4967-1454-5479.jpg,VH13TNDT8,healthy,validation
VH13TNDT8_942-5479-1454-5991.jpg,VH13TNDT8,severe_stress,validation
VH13TNDT8_942-5991-1454-6503.jpg,VH13TNDT8,severe_stress,validation
VH13TNDT8_999-1183-1511-1695.jpg,VH13TNDT8,severe_stress,validation
VH13TNDT8_999-671-1511-1183.jpg,VH13TNDT8,severe_stress,validation
VLEI3X8U7_1084-455-1596-967.jpg,VLEI3X8U7,healthy,validation
VLEI3X8U7_1539-452-2051-964.jpg,VLEI3X8U7,moderate_stress,validation
VLEI3X8U7_2151-5206-2663-5718.jpg,VLEI3X8U7,moderate_stress,validation
VLEI3X8U7_222-323-734-835.jpg,VLEI3X8U7,moderate_stress,validation
VLEI3X8U7_239-778-751-1290.jpg,VLEI3X8U7,moderate_stress,validation
VLEI3X8U7_2496-382-3008-894.jpg,VLEI3X8U7,moderate_stress,validation
VLEI3X8U7_255-5311-767-5823.jpg,VLEI3X8U7,moderate_stress,validation
VLEI3X8U7_2663-5206-3175-5718.jpg,VLEI3X8U7,moderate_stress,validation
VLEI3X8U7_450-461-962-973.jpg,VLEI3X8U7,moderate_stress,validation
VLEI3X8U7_487-5183-999-5695.jpg,VLEI3X8U7,moderate_stress,validation
VLEI3X8U7_789-457-1301-969.jpg,VLEI3X8U7,moderate_stress,validation
VLEI3X8U7_949-5147-1461-5659.jpg,VLEI3X8U7,moderate_stress,validation
WQ1BUKEI4_1291-1435-1803-1947.jpg,WQ1BUKEI4,healthy,validation
WQ1BUKEI4_1503-4411-2015-4923.jpg,WQ1BUKEI4,moderate_stress,validation
WQ1BUKEI4_1657-1331-2169-1843.jpg,WQ1BUKEI4,moderate_stress,validation
WQ1BUKEI4_1885-4138-2397-4650.jpg,WQ1BUKEI4,moderate_stress,validation
WQ1BUKEI4_208-4579-720-5091.jpg,WQ1BUKEI4,healthy,validation
WQ1BUKEI4_2229-3740-2741-4252.jpg,WQ1BUKEI4,moderate_stress,validation
WQ1BUKEI4_2260-1143-2772-1655.jpg,WQ1BUKEI4,healthy,validation
WQ1BUKEI4_2353-3539-2865-4051.jpg,WQ1BUKEI4,moderate_stress,validation
WQ1BUKEI4_2553-3679-3065-4191.jpg,WQ1BUKEI4,moderate_stress,validation
WQ1BUKEI4_3101-871-3613-1383.jpg,WQ1BUKEI4,moderate_stress,validation
WQ1BUKEI4_3155-2678-3667-3190.jpg,WQ1BUKEI4,moderate_stress,validation
WQ1BUKEI4_3209-1198-3721-1710.jpg,WQ1BUKEI4,moderate_stress,validation
WQ1BUKEI4_3318-2450-3830-2962.jpg,WQ1BUKEI4,moderate_stress,validation
WQ1BUKEI4_3486-1988-3998-2500.jpg,WQ1BUKEI4,moderate_stress,validation
WQ1BUKEI4_3563-1213-4075-1725.jpg,WQ1BUKEI4,moderate_stress,validation
WQ1BUKEI4_3740-2417-4252-2929.jpg,WQ1BUKEI4,moderate_stress,validation
WQ1BUKEI4_4133-2120-4645-2632.jpg,WQ1BUKEI4,healthy,validation
WQ1BUKEI4_4332-1434-4844-1946.jpg,WQ1BUKEI4,moderate_stress,validation
WQ1BUKEI4_4354-2229-4866-2741.jpg,WQ1BUKEI4,moderate_stress,validation
WQ1BUKEI4_4575-2509-5087-3021.jpg,WQ1BUKEI4,moderate_stress,validation
WQ1BUKEI4_4714-896-5226-1408.jpg,WQ1BUKEI4,moderate_stress,validation
WQ1BUKEI4_4755-1459-5267-1971.jpg,WQ1BUKEI4,moderate_stress,validation
WQ1BUKEI4_4770-2203-5282-2715.jpg,WQ1BUKEI4,healthy,validation
WQ1BUKEI4_4877-1201-5389-1713.jpg,WQ1BUKEI4,moderate_stress,validation
WQ1BUKEI4_4948-466-5460-978.jpg,WQ1BUKEI4,healthy,validation
WQ1BUKEI4_5040-4714-5552-5226.jpg,WQ1BUKEI4,healthy,validation
WQ1BUKEI4_5096-2137-5608-2649.jpg,WQ1BUKEI4,healthy,validation
WQ1BUKEI4_5127-3189-5639-3701.jpg,WQ1BUKEI4,healthy,validation
WQ1BUKEI4_885-1576-1397-2088.jpg,WQ1BUKEI4,moderate_stress,validation
X2E86NFZN_1067-358-1579-870.jpg,X2E86NFZN,severe_stress,validation
X2E86NFZN_1160-6468-1672-6980.jpg,X2E86NFZN,severe_stress,validation
X2E86NFZN_1160-6980-1672-7492.jpg,X2E86NFZN,severe_stress,validation
X2E86NFZN_1315-1723-1827-2235.jpg,X2E86NFZN,severe_stress,validation
X2E86NFZN_1315-2235-1827-2747.jpg,X2E86NFZN,severe_stress,validation
X2E86NFZN_1315-2747-1827-3259.jpg,X2E86NFZN,severe_stress,validation
X2E86NFZN_1386-6571-1898-7083.jpg,X2E86NFZN,severe_stress,validation
X2E86NFZN_1386-7083-1898-7595.jpg,X2E86NFZN,severe_stress,validation
X2E86NFZN_1556-643-2068-1155.jpg,X2E86NFZN,severe_stress,validation
X2E86NFZN_1579-358-2091-870.jpg,X2E86NFZN,severe_stress,validation
X2E86NFZN_1787-7693-2299-8205.jpg,X2E86NFZN,severe_stress,validation
X2E86NFZN_1827-1723-2339-2235.jpg,X2E86NFZN,severe_stress,validation
X2E86NFZN_1827-2235-2339-2747.jpg,X2E86NFZN,severe_stress,validation
X2E86NFZN_1898-7083-2410-7595.jpg,X2E86NFZN,severe_stress,validation
X2E86NFZN_2081-10555-2593-11067.jpg,X2E86NFZN,healthy,validation
X2E86NFZN_2106-3440-2618-3952.jpg,X2E86NFZN,severe_stress,validation
X2E86NFZN_2114-9070-2626-9582.jpg,X2E86NFZN,severe_stress,validation
X2E86NFZN_214-7520-726-8032.jpg,X2E86NFZN,healthy,validation
X2E86NFZN_2306-7041-2818-7553.jpg,X2E86NFZN,severe_stress,validation
X2E86NFZN_2316-8596-2828-9108.jpg,X2E86NFZN,severe_stress,validation
X2E86NFZN_2324-8879-2836-9391.jpg,X2E86NFZN,severe_stress,validation
X2E86NFZN_2339-1723-2851-2235.jpg,X2E86NFZN,severe_stress,validation
X2E86NFZN_2339-2235-2851-2747.jpg,X2E86NFZN,severe_stress,validation
X2E86NFZN_2402-10557-2914-11069.jpg,X2E86NFZN,healthy,validation
X2E86NFZN_2425-8157-2937-8669.jpg,X2E86NFZN,severe_stress,validation
X2E86NFZN_281-8261-793-8773.jpg,X2E86NFZN,severe_stress,validation
X2E86NFZN_291-1723-803-2235.jpg,X2E86NFZN,severe_stress,validation
X2E86NFZN_291-2235-803-2747.jpg,X2E86NFZN,severe_stress,validation
X2E86NFZN_291-2747-803-3259.jpg,X2E86NFZN,severe_stress,validation
X2E86NFZN_291-8774-803-9286.jpg,X2E86NFZN,severe_stress,validation
X2E86NFZN_291-9286-803-9798.jpg,X2E86NFZN,severe_stress,validation
X2E86NFZN_588-7232-1100-7744.jpg,X2E86NFZN,severe_stress,validation
X2E86NFZN_803-1723-1315-2235.jpg,X2E86NFZN,severe_stress,validation
X2E86NFZN_803-2235-1315-2747.jpg,X2E86NFZN,severe_stress,validation
X2E86NFZN_803-2747-1315-3259.jpg,X2E86NFZN,severe_stress,validation
X2E86NFZN_804-7934-1316-8446.jpg,X2E86NFZN,severe_stress,validation
X2E86NFZN_961-7298-1473-7810.jpg,X2E86NFZN,severe_stress,validation
X2E86NFZN_970-6834-1482-7346.jpg,X2E86NFZN,severe_stress,validation
X74ZBTC2I_1243-2057-1755-2569.jpg,X74ZBTC2I,severe_stress,validation
X74ZBTC2I_1243-2569-1755-3081.jpg,X74ZBTC2I,severe_stress,validation
X74ZBTC2I_1701-696-2213-1208.jpg,X74ZBTC2I,healthy,validation
X74ZBTC2I_200-1474-712-1986.jpg,X74ZBTC2I,severe_stress,validation
X74ZBTC2I_233-3052-745-3564.jpg,X74ZBTC2I,healthy,validation
X74ZBTC2I_233-3564-745-4076.jpg,X74ZBTC2I,severe_stress,validation
X74ZBTC2I_233-4076-745-4588.jpg,X74ZBTC2I,severe_stress,validation
X74ZBTC2I_2487-1285-2999-1797.jpg,X74ZBTC2I,healthy,validation
X74ZBTC2I_3373-3130-3885-3642.jpg,X74ZBTC2I,severe_stress,validation
X74ZBTC2I_3373-3642-3885-4154.jpg,X74ZBTC2I,severe_stress,validation
X74ZBTC2I_3415-1315-3927-1827.jpg,X74ZBTC2I,severe_stress,validation
X74ZBTC2I_3415-1827-3927-2339.jpg,X74ZBTC2I,healthy,validation
X74ZBTC2I_3560-4842-4072-5354.jpg,X74ZBTC2I,severe_stress,validation
X74ZBTC2I_3731-1340-4243-1852.jpg,X74ZBTC2I,healthy,validation
X74ZBTC2I_3731-1852-4243-2364.jpg,X74ZBTC2I,severe_stress,validation
X74ZBTC2I_3777-4479-4289-4991.jpg,X74ZBTC2I,healthy,validation
X74ZBTC2I_3885-3130-4397-3642.jpg,X74ZBTC2I,severe_stress,validation
X74ZBTC2I_3885-3642-4397-4154.jpg,X74ZBTC2I,severe_stress,validation
X74ZBTC2I_3885-4154-4397-4666.jpg,X74ZBTC2I,healthy,validation
X74ZBTC2I_4397-3642-4909-4154.jpg,X74ZBTC2I,severe_stress,validation
X74ZBTC2I_4397-4154-4909-4666.jpg,X74ZBTC2I,severe_stress,validation
X74ZBTC2I_4416-4516-4928-5028.jpg,X74ZBTC2I,healthy,validation
X74ZBTC2I_4537-271-5049-783.jpg,X74ZBTC2I,severe_stress,validation
X74ZBTC2I_4607-566-5119-1078.jpg,X74ZBTC2I,healthy,validation
X74ZBTC2I_4723-5050-5235-5562.jpg,X74ZBTC2I,severe_stress,validation
X74ZBTC2I_5221-570-5733-1082.jpg,X74ZBTC2I,healthy,validation
X74ZBTC2I_5232-846-5744-1358.jpg,X74ZBTC2I,healthy,validation
X74ZBTC2I_524-1680-1036-2192.jpg,X74ZBTC2I,healthy,validation
X74ZBTC2I_699-1458-1211-1970.jpg,X74ZBTC2I,healthy,validation
X74ZBTC2I_766-2275-1278-2787.jpg,X74ZBTC2I,severe_stress,validation
X74ZBTC2I_918-1904-1430-2416.jpg,X74ZBTC2I,severe_stress,validation
XC97PYGEY_1033-5224-1545-5736.jpg,XC97PYGEY,moderate_stress,validation
XC97PYGEY_1433-2078-1945-2590.jpg,XC97PYGEY,healthy,validation
XC97PYGEY_1545-5224-2057-5736.jpg,XC97PYGEY,healthy,validation
XC97PYGEY_1938-4850-2450-5362.jpg,XC97PYGEY,moderate_stress,validation
XC97PYGEY_2292-1945-2804-2457.jpg,XC97PYGEY,moderate_stress,validation
XC97PYGEY_248-404-760-916.jpg,XC97PYGEY,moderate_stress,validation
XC97PYGEY_2641-4672-3153-5184.jpg,XC97PYGEY,moderate_stress,validation
XC97PYGEY_2680-1709-3192-2221.jpg,XC97PYGEY,healthy,validation
XC97PYGEY_2981-5307-3493-5819.jpg,XC97PYGEY,moderate_stress,validation
XC97PYGEY_3192-1709-3704-2221.jpg,XC97PYGEY,moderate_stress,validation
XC97PYGEY_3192-2221-3704-2733.jpg,XC97PYGEY,healthy,validation
XC97PYGEY_3484-5231-3996-5743.jpg,XC97PYGEY,moderate_stress,validation
XC97PYGEY_3663-3983-4175-4495.jpg,XC97PYGEY,moderate_stress,validation
XC97PYGEY_3704-2221-4216-2733.jpg,XC97PYGEY,moderate_stress,validation
XC97PYGEY_3753-1011-4265-1523.jpg,XC97PYGEY,moderate_stress,validation
XC97PYGEY_3753-1523-4265-2035.jpg,XC97PYGEY,moderate_stress,validation
XC97PYGEY_3753-499-4265-1011.jpg,XC97PYGEY,moderate_stress,validation
XC97PYGEY_3832-2745-4344-3257.jpg,XC97PYGEY,moderate_stress,validation
XC97PYGEY_3947-2963-4459-3475.jpg,XC97PYGEY,moderate_stress,validation
XC97PYGEY_521-5224-1033-5736.jpg,XC97PYGEY,moderate_stress,validation
XC97PYGEY_965-1906-1477-2418.jpg,XC97PYGEY,moderate_stress,validation
XF6FPLB2I_1867-4872-2379-5384.jpg,XF6FPLB2I,moderate_stress,validation
XF6FPLB2I_1957-1025-2469-1537.jpg,XF6FPLB2I,moderate_stress,validation
XF6FPLB2I_2568-1072-3080-1584.jpg,XF6FPLB2I,moderate_stress,validation
XF6FPLB2I_2578-1518-3090-2030.jpg,XF6FPLB2I,moderate_stress,validation
XF6FPLB2I_2777-4877-3289-5389.jpg,XF6FPLB2I,healthy,validation
XF6FPLB2I_2953-5297-3465-5809.jpg,XF6FPLB2I,healthy,validation
XF6FPLB2I_3177-4879-3689-5391.jpg,XF6FPLB2I,moderate_stress,validation
XF6FPLB2I_3307-1416-3819-1928.jpg,XF6FPLB2I,moderate_stress,validation
XF6FPLB2I_3443-1140-3955-1652.jpg,XF6FPLB2I,moderate_stress,validation
XF6FPLB2I_3474-5156-3986-5668.jpg,XF6FPLB2I,healthy,validation
XF6FPLB2I_354-1472-866-1984.jpg,XF6FPLB2I,moderate_stress,validation
XF6FPLB2I_3598-606-4110-1118.jpg,XF6FPLB2I,moderate_stress,validation
XF6FPLB2I_3776-3124-4288-3636.jpg,XF6FPLB2I,moderate_stress,validation
XF6FPLB2I_3986-5156-4498-5668.jpg,XF6FPLB2I,healthy,validation
XF6FPLB2I_4958-803-5470-1315.jpg,XF6FPLB2I,moderate_stress,validation
XF6FPLB2I_5361-5149-5873-5661.jpg,XF6FPLB2I,moderate_stress,validation
XF6FPLB2I_5497-3400-6009-3912.jpg,XF6FPLB2I,moderate_stress,validation
XF6FPLB2I_5938-5143-6450-5655.jpg,XF6FPLB2I,moderate_stress,validation
XF6FPLB2I_6262-4187-6774-4699.jpg,XF6FPLB2I,moderate_stress,validation
XF6FPLB2I_6262-4699-6774-5211.jpg,XF6FPLB2I,moderate_stress,validation
XF6FPLB2I_6774-3675-7286-4187.jpg,XF6FPLB2I,healthy,validation
XF6FPLB2I_6774-4187-7286-4699.jpg,XF6FPLB2I,moderate_stress,validation
XF6FPLB2I_6774-4699-7286-5211.jpg,XF6FPLB2I,healthy,validation
XF6FPLB2I_7286-3675-7798-4187.jpg,XF6FPLB2I,moderate_stress,validation
XF6FPLB2I_7286-4187-7798-4699.jpg,XF6FPLB2I,moderate_stress,validation
XHAQRFYQA_2247-338-2759-850.jpg,XHAQRFYQA,moderate_stress,validation
XHAQRFYQA_2334-2346-2846-2858.jpg,XHAQRFYQA,moderate_stress,validation
XHAQRFYQA_243-270-755-782.jpg,XHAQRFYQA,healthy,validation
XHAQRFYQA_300-1792-812-2304.jpg,XHAQRFYQA,moderate_stress,validation
XHAQRFYQA_522-2304-1034-2816.jpg,XHAQRFYQA,moderate_stress,validation
Y1GUTXKL1_2092-6235-2604-6747.jpg,Y1GUTXKL1,moderate_stress,validation
Y1GUTXKL1_430-4408-942-4920.jpg,Y1GUTXKL1,moderate_stress,validation
Y1GUTXKL1_430-4920-942-5432.jpg,Y1GUTXKL1,moderate_stress,validation
Y1GUTXKL1_5111-1858-5623-2370.jpg,Y1GUTXKL1,moderate_stress,validation
Y1GUTXKL1_535-1063-1047-1575.jpg,Y1GUTXKL1,moderate_stress,validation
Y1GUTXKL1_535-1575-1047-2087.jpg,Y1GUTXKL1,moderate_stress,validation
Y1GUTXKL1_536-508-1048-1020.jpg,Y1GUTXKL1,moderate_stress,validation
Y1GUTXKL1_5389-7991-5901-8503.jpg,Y1GUTXKL1,moderate_stress,validation
Y1GUTXKL1_5420-4694-5932-5206.jpg,Y1GUTXKL1,moderate_stress,validation
Y1GUTXKL1_5567-555-6079-1067.jpg,Y1GUTXKL1,moderate_stress,validation
Y3BX9319D_1116-5853-1628-6365.jpg,Y3BX9319D,severe_stress,validation
Y3BX9319D_1116-6365-1628-6877.jpg,Y3BX9319D,severe_stress,validation
Y3BX9319D_1628-5853-2140-6365.jpg,Y3BX9319D,severe_stress,validation
Y3BX9319D_272-7101-784-7613.jpg,Y3BX9319D,severe_stress,validation
Y3BX9319D_272-7613-784-8125.jpg,Y3BX9319D,severe_stress,validation
Y3BX9319D_604-5853-1116-6365.jpg,Y3BX9319D,healthy,validation
Y3BX9319D_604-6365-1116-6877.jpg,Y3BX9319D,severe_stress,validation
YIBWWM2C8_1022-3659-1534-4171.jpg,YIBWWM2C8,severe_stress,validation
YIBWWM2C8_1022-4171-1534-4683.jpg,YIBWWM2C8,healthy,validation
YIBWWM2C8_1027-2187-1539-2699.jpg,YIBWWM2C8,severe_stress,validation
YIBWWM2C8_1027-2699-1539-3211.jpg,YIBWWM2C8,severe_stress,validation
YIBWWM2C8_1137-651-1649-1163.jpg,YIBWWM2C8,healthy,validation
YIBWWM2C8_1234-3377-1746-3889.jpg,YIBWWM2C8,severe_stress,validation
YIBWWM2C8_1386-443-1898-955.jpg,YIBWWM2C8,severe_stress,validation
YIBWWM2C8_1539-2187-2051-2699.jpg,YIBWWM2C8,severe_stress,validation
YIBWWM2C8_1539-2699-2051-3211.jpg,YIBWWM2C8,severe_stress,validation
YIBWWM2C8_1690-321-2202-833.jpg,YIBWWM2C8,severe_stress,validation
YIBWWM2C8_1746-3377-2258-3889.jpg,YIBWWM2C8,severe_stress,validation
YIBWWM2C8_186-3461-698-3973.jpg,YIBWWM2C8,healthy,validation
YIBWWM2C8_1898-2989-2410-3501.jpg,YIBWWM2C8,severe_stress,validation
YIBWWM2C8_2181-1564-2693-2076.jpg,YIBWWM2C8,healthy,validation
YIBWWM2C8_2410-2989-2922-3501.jpg,YIBWWM2C8,severe_stress,validation
YIBWWM2C8_3873-6750-4385-7262.jpg,YIBWWM2C8,severe_stress,validation
YIBWWM2C8_4385-6750-4897-7262.jpg,YIBWWM2C8,severe_stress,validation
YIBWWM2C8_510-3659-1022-4171.jpg,YIBWWM2C8,severe_stress,validation
YIBWWM2C8_510-4171-1022-4683.jpg,YIBWWM2C8,severe_stress,validation
YIBWWM2C8_515-1675-1027-2187.jpg,YIBWWM2C8,severe_stress,validation
YIBWWM2C8_515-2187-1027-2699.jpg,YIBWWM2C8,severe_stress,validation
YIBWWM2C8_515-2699-1027-3211.jpg,YIBWWM2C8,severe_stress,validation
YIBWWM2C8_582-1377-1094-1889.jpg,YIBWWM2C8,healthy,validation
YIBWWM2C8_929-1374-1441-1886.jpg,YIBWWM2C8,healthy,validation
YRT8HKXPV_1315-1804-1827-2316.jpg,YRT8HKXPV,severe_stress,validation
YRT8HKXPV_1379-853-1891-1365.jpg,YRT8HKXPV,severe_stress,validation
YRT8HKXPV_1628-1211-2140-1723.jpg,YRT8HKXPV,severe_stress,validation
YRT8HKXPV_1628-1723-2140-2235.jpg,YRT8HKXPV,severe_stress,validation
YRT8HKXPV_1628-699-2140-1211.jpg,YRT8HKXPV,severe_stress,validation
YRT8HKXPV_2140-1211-2652-1723.jpg,YRT8HKXPV,severe_stress,validation
YRT8HKXPV_2140-1723-2652-2235.jpg,YRT8HKXPV,severe_stress,validation
YRT8HKXPV_2140-699-2652-1211.jpg,YRT8HKXPV,severe_stress,validation
YRT8HKXPV_2650-695-3162-1207.jpg,YRT8HKXPV,severe_stress,validation
YRT8HKXPV_3517-1188-4029-1700.jpg,YRT8HKXPV,healthy,validation
YRT8HKXPV_3836-873-4348-1385.jpg,YRT8HKXPV,severe_stress,validation
YRT8HKXPV_3840-2253-4352-2765.jpg,YRT8HKXPV,severe_stress,validation
YRT8HKXPV_3900-1240-4412-1752.jpg,YRT8HKXPV,severe_stress,validation
YRT8HKXPV_3900-1752-4412-2264.jpg,YRT8HKXPV,severe_stress,validation
YZ89HVJGJ_312-1411-824-1923.jpg,YZ89HVJGJ,healthy,validation
YZ89HVJGJ_340-920-852-1432.jpg,YZ89HVJGJ,healthy,validation
YZ89HVJGJ_5152-794-5664-1306.jpg,YZ89HVJGJ,healthy,validation
YZ89HVJGJ_5309-3042-5821-3554.jpg,YZ89HVJGJ,healthy,validation
YZ89HVJGJ_669-2900-1181-3412.jpg,YZ89HVJGJ,healthy,validation
Z1CDR17DJ_446-4205-958-4717.jpg,Z1CDR17DJ,healthy,validation
Z1CDR17DJ_536-3305-1048-3817.jpg,Z1CDR17DJ,severe_stress,validation
Z1CDR17DJ_750-3081-1262-3593.jpg,Z1CDR17DJ,severe_stress,validation
ZGXCP3YJW_12195-1659-12707-2171.jpg,ZGXCP3YJW,healthy,validation
ZGXCP3YJW_12593-1604-13105-2116.jpg,ZGXCP3YJW,moderate_stress,validation
ZGXCP3YJW_1378-12865-1890-13377.jpg,ZGXCP3YJW,moderate_stress,validation
ZGXCP3YJW_1982-10136-2494-10648.jpg,ZGXCP3YJW,moderate_stress,validation
ZGXCP3YJW_3547-7063-4059-7575.jpg,ZGXCP3YJW,healthy,validation
ZGXCP3YJW_3744-12654-4256-13166.jpg,ZGXCP3YJW,moderate_stress,validation
ZGXCP3YJW_3762-12314-4274-12826.jpg,ZGXCP3YJW,moderate_stress,validation
ZGXCP3YJW_683-12644-1195-13156.jpg,ZGXCP3YJW,moderate_stress,validation
ZGXCP3YJW_684-12950-1196-13462.jpg,ZGXCP3YJW,moderate_stress,validation
ZGXCP3YJW_6948-9361-7460-9873.jpg,ZGXCP3YJW,moderate_stress,validation
ZGXCP3YJW_8705-8086-9217-8598.jpg,ZGXCP3YJW,moderate_stress,validation
ZGXCP3YJW_9296-1372-9808-1884.jpg,ZGXCP3YJW,healthy,validation
ZGXCP3YJW_9414-7136-9926-7648.jpg,ZGXCP3YJW,moderate_stress,validation
ZL8YYPCDA_1260-420-1772-932.jpg,ZL8YYPCDA,moderate_stress,validation
ZL8YYPCDA_1715-816-2227-1328.jpg,ZL8YYPCDA,moderate_stress,validation
ZL8YYPCDA_1895-969-2407-1481.jpg,ZL8YYPCDA,healthy,validation
ZL8YYPCDA_2362-568-2874-1080.jpg,ZL8YYPCDA,moderate_stress,validation
ZL8YYPCDA_2570-1721-3082-2233.jpg,ZL8YYPCDA,moderate_stress,validation
ZL8YYPCDA_2570-2233-3082-2745.jpg,ZL8YYPCDA,moderate_stress,validation
ZL8YYPCDA_2685-4390-3197-4902.jpg,ZL8YYPCDA,moderate_stress,validation
ZL8YYPCDA_270-5083-782-5595.jpg,ZL8YYPCDA,healthy,validation
ZL8YYPCDA_3341-5050-3853-5562.jpg,ZL8YYPCDA,moderate_stress,validation
ZL8YYPCDA_4808-594-5320-1106.jpg,ZL8YYPCDA,moderate_stress,validation
ZL8YYPCDA_5455-2647-5967-3159.jpg,ZL8YYPCDA,moderate_stress,validation
ZL8YYPCDA_6713-1259-7225-1771.jpg,ZL8YYPCDA,moderate_stress,validation
ZL8YYPCDA_7285-416-7797-928.jpg,ZL8YYPCDA,healthy,validation
ZZ14JCZRD_2592-3228-3104-3740.jpg,ZZ14JCZRD,moderate_stress,validation
ZZ14JCZRD_2786-2956-3298-3468.jpg,ZZ14JCZRD,moderate_stress,validation
ZZ14JCZRD_3582-5587-4094-6099.jpg,ZZ14JCZRD,healthy,validation
18Z3272TU_1546-2504-2058-3016.jpg,18Z3272TU,severe_stress,test
18Z3272TU_2009-3389-2521-3901.jpg,18Z3272TU,healthy,test
18Z3272TU_2058-2504-2570-3016.jpg,18Z3272TU,severe_stress,test
18Z3272TU_2280-4549-2792-5061.jpg,18Z3272TU,severe_stress,test
18Z3272TU_2344-4845-2856-5357.jpg,18Z3272TU,severe_stress,test
18Z3272TU_2344-5357-2856-5869.jpg,18Z3272TU,severe_stress,test
18Z3272TU_2513-4358-3025-4870.jpg,18Z3272TU,severe_stress,test
18Z3272TU_2516-3274-3028-3786.jpg,18Z3272TU,severe_stress,test
18Z3272TU_2686-3583-3198-4095.jpg,18Z3272TU,severe_stress,test
18Z3272TU_2725-4120-3237-4632.jpg,18Z3272TU,severe_stress,test
18Z3272TU_2792-4549-3304-5061.jpg,18Z3272TU,severe_stress,test
18Z3272TU_2856-4845-3368-5357.jpg,18Z3272TU,severe_stress,test
18Z3272TU_2856-5357-3368-5869.jpg,18Z3272TU,severe_stress,test
18Z3272TU_3368-4845-3880-5357.jpg,18Z3272TU,severe_stress,test
18Z3272TU_3368-5357-3880-5869.jpg,18Z3272TU,severe_stress,test
18Z3272TU_3878-5082-4390-5594.jpg,18Z3272TU,severe_stress,test
18Z3272TU_3883-4765-4395-5277.jpg,18Z3272TU,severe_stress,test
18Z3272TU_4331-4393-4843-4905.jpg,18Z3272TU,severe_stress,test
18Z3272TU_4390-5082-4902-5594.jpg,18Z3272TU,severe_stress,test
18Z3272TU_4395-4765-4907-5277.jpg,18Z3272TU,severe_stress,test
18Z3272TU_4449-3052-4961-3564.jpg,18Z3272TU,healthy,test
18Z3272TU_4517-589-5029-1101.jpg,18Z3272TU,healthy,test
18Z3272TU_4692-2943-5204-3455.jpg,18Z3272TU,severe_stress,test
18Z3272TU_4833-5085-5345-5597.jpg,18Z3272TU,severe_stress,test
18Z3272TU_4850-988-5362-1500.jpg,18Z3272TU,severe_stress,test
18Z3272TU_4931-4468-5443-4980.jpg,18Z3272TU,severe_stress,test
18Z3272TU_5101-3163-5613-3675.jpg,18Z3272TU,severe_stress,test
18Z3272TU_5345-5085-5857-5597.jpg,18Z3272TU,severe_stress,test
18Z3272TU_5362-988-5874-1500.jpg,18Z3272TU,severe_stress,test
18Z3272TU_5443-4468-5955-4980.jpg,18Z3272TU,severe_stress,test
18Z3272TU_5513-2058-6025-2570.jpg,18Z3272TU,severe_stress,test
18Z3272TU_5528-2432-6040-2944.jpg,18Z3272TU,severe_stress,test
18Z3272TU_5679-4088-6191-4600.jpg,18Z3272TU,healthy,test
18Z3272TU_5870-2754-6382-3266.jpg,18Z3272TU,severe_stress,test
18Z3272TU_5955-4468-6467-4980.jpg,18Z3272TU,severe_stress,test
18Z3272TU_6150-2015-6662-2527.jpg,18Z3272TU,severe_stress,test
18Z3272TU_6191-4088-6703-4600.jpg,18Z3272TU,severe_stress,test
18Z3272TU_6312-550-6824-1062.jpg,18Z3272TU,severe_stress,test
18Z3272TU_6456-4212-6968-4724.jpg,18Z3272TU,severe_stress,test
18Z3272TU_6570-2630-7082-3142.jpg,18Z3272TU,healthy,test
18Z3272TU_6878-4110-7390-4622.jpg,18Z3272TU,severe_stress,test
18Z3272TU_7007-5228-7519-5740.jpg,18Z3272TU,severe_stress,test
18Z3272TU_7519-5228-8031-5740.jpg,18Z3272TU,severe_stress,test
1FPJZFY7T_1387-1091-1899-1603.jpg,1FPJZFY7T,healthy,test
1FPJZFY7T_1969-5711-2481-6223.jpg,1FPJZFY7T,healthy,test
1FPJZFY7T_2290-5807-2802-6319.jpg,1FPJZFY7T,moderate_stress,test
1FPJZFY7T_469-3538-981-4050.jpg,1FPJZFY7T,moderate_stress,test
1FPJZFY7T_479-417-991-929.jpg,1FPJZFY7T,healthy,test
1FPJZFY7T_515-3043-1027-3555.jpg,1FPJZFY7T,moderate_stress,test
1FPJZFY7T_5421-3717-5933-4229.jpg,1FPJZFY7T,moderate_stress,test
1FPJZFY7T_5678-3070-6190-3582.jpg,1FPJZFY7T,healthy,test
1FPJZFY7T_5686-4007-6198-4519.jpg,1FPJZFY7T,moderate_stress,test
1FPJZFY7T_5689-3531-6201-4043.jpg,1FPJZFY7T,moderate_stress,test
1FPJZFY7T_602-3883-1114-4395.jpg,1FPJZFY7T,healthy,test
1MT2F633D_1380-4090-1892-4602.jpg,1MT2F633D,severe_stress,test
1MT2F633D_1411-3729-1923-4241.jpg,1MT2F633D,severe_stress,test
1MT2F633D_1460-1568-1972-2080.jpg,1MT2F633D,severe_stress,test
1MT2F633D_1644-1017-2156-1529.jpg,1MT2F633D,healthy,test
1MT2F633D_203-2977-715-3489.jpg,1MT2F633D,healthy,test
1MT2F633D_203-3489-715-4001.jpg,1MT2F633D,severe_stress,test
1MT2F633D_441-3594-953-4106.jpg,1MT2F633D,severe_stress,test
1MT2F633D_574-1335-1086-1847.jpg,1MT2F633D,severe_stress,test
1MT2F633D_912-3404-1424-3916.jpg,1MT2F633D,severe_stress,test
1MT2F633D_938-3026-1450-3538.jpg,1MT2F633D,healthy,test
1N33JANKP_2906-2852-3418-3364.jpg,1N33JANKP,healthy,test
2AGQV93QH_2025-619-2537-1131.jpg,2AGQV93QH,moderate_stress,test
2AGQV93QH_2537-619-3049-1131.jpg,2AGQV93QH,moderate_stress,test
2AGQV93QH_4749-3790-5261-4302.jpg,2AGQV93QH,moderate_stress,test
2AGQV93QH_5513-3643-6025-4155.jpg,2AGQV93QH,moderate_stress,test
2AGQV93QH_5633-4781-6145-5293.jpg,2AGQV93QH,moderate_stress,test
2AGQV93QH_5691-4022-6203-4534.jpg,2AGQV93QH,moderate_stress,test
2AGQV93QH_5916-4533-6428-5045.jpg,2AGQV93QH,moderate_stress,test
2AGQV93QH_6112-3455-6624-3967.jpg,2AGQV93QH,moderate_stress,test
2AGQV93QH_6354-5908-6866-6420.jpg,2AGQV93QH,healthy,test
2ENRJHH6U_233-6348-745-6860.jpg,2ENRJHH6U,healthy,test
2ENRJHH6U_2344-390-2856-902.jpg,2ENRJHH6U,moderate_stress,test
2ENRJHH6U_2438-723-2950-1235.jpg,2ENRJHH6U,healthy,test
2ENRJHH6U_2507-6380-3019-6892.jpg,2ENRJHH6U,healthy,test
2FJZXDIWM_1317-544-1829-1056.jpg,2FJZXDIWM,healthy,test
2FJZXDIWM_275-511-787-1023.jpg,2FJZXDIWM,healthy,test
2FJZXDIWM_5079-327-5591-839.jpg,2FJZXDIWM,healthy,test
2FJZXDIWM_5125-5217-5637-5729.jpg,2FJZXDIWM,healthy,test
3199EBMXX_240-747-752-1259.jpg,3199EBMXX,healthy,test
3199EBMXX_2822-5434-3334-5946.jpg,3199EBMXX,healthy,test
3199EBMXX_2922-4307-3434-4819.jpg,3199EBMXX,healthy,test
3199EBMXX_4378-3676-4890-4188.jpg,3199EBMXX,moderate_stress,test
3199EBMXX_7507-5693-8019-6205.jpg,3199EBMXX,healthy,test
3199EBMXX_815-760-1327-1272.jpg,3199EBMXX,moderate_stress,test
37EI9HC4G_1439-252-1951-764.jpg,37EI9HC4G,moderate_stress,test
37EI9HC4G_1466-1170-1978-1682.jpg,37EI9HC4G,moderate_stress,test
37EI9HC4G_1466-1682-1978-2194.jpg,37EI9HC4G,moderate_stress,test
37EI9HC4G_1466-2194-1978-2706.jpg,37EI9HC4G,moderate_stress,test
37EI9HC4G_1505-517-2017-1029.jpg,37EI9HC4G,moderate_stress,test
37EI9HC4G_1679-1988-2191-2500.jpg,37EI9HC4G,moderate_stress,test
37EI9HC4G_1679-2500-2191-3012.jpg,37EI9HC4G,moderate_stress,test
37EI9HC4G_1679-3012-2191-3524.jpg,37EI9HC4G,moderate_stress,test
37EI9HC4G_1679-3524-2191-4036.jpg,37EI9HC4G,moderate_stress,test
37EI9HC4G_2416-3897-2928-4409.jpg,37EI9HC4G,moderate_stress,test
37EI9HC4G_250-293-762-805.jpg,37EI9HC4G,moderate_stress,test
37EI9HC4G_292-1000-804-1512.jpg,37EI9HC4G,moderate_stress,test
37EI9HC4G_313-541-825-1053.jpg,37EI9HC4G,moderate_stress,test
37EI9HC4G_4136-3771-4648-4283.jpg,37EI9HC4G,moderate_stress,test
37EI9HC4G_564-338-1076-850.jpg,37EI9HC4G,moderate_stress,test
37EI9HC4G_806-3202-1318-3714.jpg,37EI9HC4G,moderate_stress,test
37EI9HC4G_899-359-1411-871.jpg,37EI9HC4G,moderate_stress,test
37EI9HC4G_954-1170-1466-1682.jpg,37EI9HC4G,moderate_stress,test
37EI9HC4G_954-1682-1466-2194.jpg,37EI9HC4G,moderate_stress,test
37EI9HC4G_954-2194-1466-2706.jpg,37EI9HC4G,moderate_stress,test
3XMLYA98Y_1871-3218-2383-3730.jpg,3XMLYA98Y,healthy,test
4BXD2L9UA_1812-2693-2324-3205.jpg,4BXD2L9UA,healthy,test
4E9VVR3VZ_1065-3221-1577-3733.jpg,4E9VVR3VZ,healthy,test
4E9VVR3VZ_1624-3377-2136-3889.jpg,4E9VVR3VZ,moderate_stress,test
4HE4QQURJ_1326-1402-1838-1914.jpg,4HE4QQURJ,severe_stress,test
4HE4QQURJ_1326-2426-1838-2938.jpg,4HE4QQURJ,severe_stress,test
4HE4QQURJ_1326-378-1838-890.jpg,4HE4QQURJ,severe_stress,test
4HE4QQURJ_1326-890-1838-1402.jpg,4HE4QQURJ,severe_stress,test
4HE4QQURJ_1838-1402-2350-1914.jpg,4HE4QQURJ,severe_stress,test
4HE4QQURJ_2350-1402-2862-1914.jpg,4HE4QQURJ,severe_stress,test
4HE4QQURJ_2350-1914-2862-2426.jpg,4HE4QQURJ,severe_stress,test
4HE4QQURJ_2350-2426-2862-2938.jpg,4HE4QQURJ,severe_stress,test
4HE4QQURJ_2350-378-2862-890.jpg,4HE4QQURJ,severe_stress,test
4HE4QQURJ_302-1914-814-2426.jpg,4HE4QQURJ,severe_stress,test
4HE4QQURJ_302-2426-814-2938.jpg,4HE4QQURJ,healthy,test
4HE4QQURJ_302-378-814-890.jpg,4HE4QQURJ,severe_stress,test
4HE4QQURJ_814-2426-1326-2938.jpg,4HE4QQURJ,severe_stress,test
4HE4QQURJ_814-378-1326-890.jpg,4HE4QQURJ,severe_stress,test
4HE4QQURJ_814-890-1326-1402.jpg,4HE4QQURJ,severe_stress,test
4KZ63KWQM_1669-2987-2181-3499.jpg,4KZ63KWQM,healthy,test
4KZ63KWQM_1988-3783-2500-4295.jpg,4KZ63KWQM,moderate_stress,test
4T3P12RGC_1079-2845-1591-3357.jpg,4T3P12RGC,severe_stress,test
4T3P12RGC_1079-3357-1591-3869.jpg,4T3P12RGC,severe_stress,test
4T3P12RGC_1293-4617-1805-5129.jpg,4T3P12RGC,severe_stress,test
4T3P12RGC_1388-3677-1900-4189.jpg,4T3P12RGC,severe_stress,test
4T3P12RGC_1388-4189-1900-4701.jpg,4T3P12RGC,severe_stress,test
4T3P12RGC_1454-496-1966-1008.jpg,4T3P12RGC,severe_stress,test
4T3P12RGC_1510-1763-2022-2275.jpg,4T3P12RGC,severe_stress,test
4T3P12RGC_1591-2845-2103-3357.jpg,4T3P12RGC,severe_stress,test
4T3P12RGC_1591-3357-2103-3869.jpg,4T3P12RGC,severe_stress,test
4T3P12RGC_1900-3677-2412-4189.jpg,4T3P12RGC,severe_stress,test
4T3P12RGC_1900-4189-2412-4701.jpg,4T3P12RGC,severe_stress,test
4T3P12RGC_1966-496-2478-1008.jpg,4T3P12RGC,severe_stress,test
4T3P12RGC_199-3608-711-4120.jpg,4T3P12RGC,severe_stress,test
4T3P12RGC_2009-2723-2521-3235.jpg,4T3P12RGC,severe_stress,test
4T3P12RGC_2009-3235-2521-3747.jpg,4T3P12RGC,severe_stress,test
4T3P12RGC_2159-3783-2671-4295.jpg,4T3P12RGC,severe_stress,test
4T3P12RGC_2159-4295-2671-4807.jpg,4T3P12RGC,severe_stress,test
4T3P12RGC_2671-3783-3183-4295.jpg,4T3P12RGC,severe_stress,test
4T3P12RGC_2671-4295-3183-4807.jpg,4T3P12RGC,severe_stress,test
4T3P12RGC_3001-1228-3513-1740.jpg,4T3P12RGC,severe_stress,test
4T3P12RGC_3001-1740-3513-2252.jpg,4T3P12RGC,severe_stress,test
4T3P12RGC_3092-3158-3604-3670.jpg,4T3P12RGC,severe_stress,test
4T3P12RGC_3092-3670-3604-4182.jpg,4T3P12RGC,severe_stress,test
4T3P12RGC_3513-1740-4025-2252.jpg,4T3P12RGC,severe_stress,test
4T3P12RGC_3513-716-4025-1228.jpg,4T3P12RGC,severe_stress,test
4T3P12RGC_4025-1228-4537-1740.jpg,4T3P12RGC,severe_stress,test
4T3P12RGC_4025-716-4537-1228.jpg,4T3P12RGC,severe_stress,test
4T3P12RGC_4125-2636-4637-3148.jpg,4T3P12RGC,severe_stress,test
4T3P12RGC_431-405-943-917.jpg,4T3P12RGC,severe_stress,test
4T3P12RGC_431-917-943-1429.jpg,4T3P12RGC,severe_stress,test
4T3P12RGC_4537-1228-5049-1740.jpg,4T3P12RGC,severe_stress,test
4T3P12RGC_4696-340-5208-852.jpg,4T3P12RGC,severe_stress,test
4T3P12RGC_4696-852-5208-1364.jpg,4T3P12RGC,severe_stress,test
4T3P12RGC_5208-1364-5720-1876.jpg,4T3P12RGC,severe_stress,test
4T3P12RGC_5208-340-5720-852.jpg,4T3P12RGC,severe_stress,test
4T3P12RGC_5720-1364-6232-1876.jpg,4T3P12RGC,severe_stress,test
4T3P12RGC_5720-852-6232-1364.jpg,4T3P12RGC,severe_stress,test
4T3P12RGC_5846-1854-6358-2366.jpg,4T3P12RGC,severe_stress,test
4T3P12RGC_5846-2366-6358-2878.jpg,4T3P12RGC,severe_stress,test
4T3P12RGC_711-3608-1223-4120.jpg,4T3P12RGC,severe_stress,test
4T3P12RGC_781-4105-1293-4617.jpg,4T3P12RGC,healthy,test
4T3P12RGC_781-4617-1293-5129.jpg,4T3P12RGC,severe_stress,test
4T3P12RGC_943-405-1455-917.jpg,4T3P12RGC,severe_stress,test
4T3P12RGC_943-917-1455-1429.jpg,4T3P12RGC,severe_stress,test
4T3P12RGC_998-1763-1510-2275.jpg,4T3P12RGC,severe_stress,test
4V13NZMNF_179-370-691-882.jpg,4V13NZMNF,healthy,test
4V13NZMNF_1935-564-2447-1076.jpg,4V13NZMNF,healthy,test
4V13NZMNF_200-3436-712-3948.jpg,4V13NZMNF,healthy,test
4V13NZMNF_222-4379-734-4891.jpg,4V13NZMNF,healthy,test
4V13NZMNF_228-4751-740-5263.jpg,4V13NZMNF,healthy,test
4V13NZMNF_2452-278-2964-790.jpg,4V13NZMNF,healthy,test
4V13NZMNF_266-1982-778-2494.jpg,4V13NZMNF,healthy,test
4V13NZMNF_423-501-935-1013.jpg,4V13NZMNF,healthy,test
4V13NZMNF_4439-263-4951-775.jpg,4V13NZMNF,healthy,test
4V13NZMNF_4528-4616-5040-5128.jpg,4V13NZMNF,healthy,test
4V13NZMNF_4546-3672-5058-4184.jpg,4V13NZMNF,moderate_stress,test
4V13NZMNF_462-1770-974-2282.jpg,4V13NZMNF,healthy,test
4ZNUX1J96_2065-3005-2577-3517.jpg,4ZNUX1J96,healthy,test
62NHU1REK_1058-1125-1570-1637.jpg,62NHU1REK,severe_stress,test
62NHU1REK_1058-1637-1570-2149.jpg,62NHU1REK,severe_stress,test
62NHU1REK_1058-2149-1570-2661.jpg,62NHU1REK,severe_stress,test
62NHU1REK_1058-2661-1570-3173.jpg,62NHU1REK,severe_stress,test
62NHU1REK_1483-682-1995-1194.jpg,62NHU1REK,severe_stress,test
62NHU1REK_1570-1637-2082-2149.jpg,62NHU1REK,severe_stress,test
62NHU1REK_1570-2149-2082-2661.jpg,62NHU1REK,severe_stress,test
62NHU1REK_1570-2661-2082-3173.jpg,62NHU1REK,severe_stress,test
62NHU1REK_1784-1139-2296-1651.jpg,62NHU1REK,severe_stress,test
62NHU1REK_2082-1637-2594-2149.jpg,62NHU1REK,severe_stress,test
62NHU1REK_2082-2149-2594-2661.jpg,62NHU1REK,severe_stress,test
62NHU1REK_2296-1139-2808-1651.jpg,62NHU1REK,severe_stress,test
62NHU1REK_2594-1125-3106-1637.jpg,62NHU1REK,severe_stress,test
62NHU1REK_2594-1637-3106-2149.jpg,62NHU1REK,severe_stress,test
62NHU1REK_2594-2149-3106-2661.jpg,62NHU1REK,severe_stress,test
62NHU1REK_2618-793-3130-1305.jpg,62NHU1REK,severe_stress,test
62NHU1REK_2688-3679-3200-4191.jpg,62NHU1REK,severe_stress,test
62NHU1REK_2825-3309-3337-3821.jpg,62NHU1REK,severe_stress,test
62NHU1REK_3011-290-3523-802.jpg,62NHU1REK,severe_stress,test
62NHU1REK_3106-1125-3618-1637.jpg,62NHU1REK,severe_stress,test
62NHU1REK_3106-613-3618-1125.jpg,62NHU1REK,severe_stress,test
62NHU1REK_3138-3055-3650-3567.jpg,62NHU1REK,severe_stress,test
62NHU1REK_3339-3450-3851-3962.jpg,62NHU1REK,severe_stress,test
62NHU1REK_3339-3962-3851-4474.jpg,62NHU1REK,severe_stress,test
62NHU1REK_3567-3629-4079-4141.jpg,62NHU1REK,severe_stress,test
62NHU1REK_3567-4141-4079-4653.jpg,62NHU1REK,severe_stress,test
62NHU1REK_3618-1125-4130-1637.jpg,62NHU1REK,severe_stress,test
62NHU1REK_3618-613-4130-1125.jpg,62NHU1REK,severe_stress,test
62NHU1REK_3699-4580-4211-5092.jpg,62NHU1REK,severe_stress,test
62NHU1REK_3699-5092-4211-5604.jpg,62NHU1REK,severe_stress,test
62NHU1REK_3712-2370-4224-2882.jpg,62NHU1REK,healthy,test
62NHU1REK_3712-2882-4224-3394.jpg,62NHU1REK,severe_stress,test
62NHU1REK_3712-3394-4224-3906.jpg,62NHU1REK,severe_stress,test
62NHU1REK_387-5057-899-5569.jpg,62NHU1REK,healthy,test
62NHU1REK_4224-2370-4736-2882.jpg,62NHU1REK,severe_stress,test
62NHU1REK_4522-2080-5034-2592.jpg,62NHU1REK,severe_stress,test
62NHU1REK_4618-4993-5130-5505.jpg,62NHU1REK,severe_stress,test
62NHU1REK_546-1637-1058-2149.jpg,62NHU1REK,severe_stress,test
62NHU1REK_546-2661-1058-3173.jpg,62NHU1REK,severe_stress,test
62NHU1REK_760-1139-1272-1651.jpg,62NHU1REK,severe_stress,test
62NHU1REK_805-4983-1317-5495.jpg,62NHU1REK,severe_stress,test
62NHU1REK_831-3496-1343-4008.jpg,62NHU1REK,severe_stress,test
62NHU1REK_831-4008-1343-4520.jpg,62NHU1REK,severe_stress,test
62NHU1REK_831-4520-1343-5032.jpg,62NHU1REK,severe_stress,test
66G9LWE86_1245-8164-1757-8676.jpg,66G9LWE86,moderate_stress,test
66G9LWE86_200-5872-712-6384.jpg,66G9LWE86,healthy,test
66G9LWE86_2217-2252-2729-2764.jpg,66G9LWE86,healthy,test
66G9LWE86_2424-5690-2936-6202.jpg,66G9LWE86,healthy,test
66G9LWE86_268-8168-780-8680.jpg,66G9LWE86,healthy,test
66G9LWE86_504-6168-1016-6680.jpg,66G9LWE86,moderate_stress,test
66G9LWE86_745-6018-1257-6530.jpg,66G9LWE86,moderate_stress,test
6ENFIN434_1424-1166-1936-1678.jpg,6ENFIN434,healthy,test
6ENFIN434_1779-519-2291-1031.jpg,6ENFIN434,moderate_stress,test
6ENFIN434_2056-723-2568-1235.jpg,6ENFIN434,moderate_stress,test
6ENFIN434_3626-1335-4138-1847.jpg,6ENFIN434,healthy,test
6ENFIN434_4040-957-4552-1469.jpg,6ENFIN434,moderate_stress,test
6ENFIN434_4663-1033-5175-1545.jpg,6ENFIN434,moderate_stress,test
6ENFIN434_5327-1632-5839-2144.jpg,6ENFIN434,moderate_stress,test
6ENFIN434_5339-2280-5851-2792.jpg,6ENFIN434,moderate_stress,test
6ENFIN434_585-1856-1097-2368.jpg,6ENFIN434,moderate_stress,test
6ENFIN434_585-2368-1097-2880.jpg,6ENFIN434,moderate_stress,test
6FANAP262_1995-742-2507-1254.jpg,6FANAP262,healthy,test
6FANAP262_2478-2559-2990-3071.jpg,6FANAP262,healthy,test
6FANAP262_295-2518-807-3030.jpg,6FANAP262,moderate_stress,test
6FANAP262_417-2276-929-2788.jpg,6FANAP262,moderate_stress,test
6FANAP262_622-2407-1134-2919.jpg,6FANAP262,healthy,test
6Q4R96VAF_1315-4313-1827-4825.jpg,6Q4R96VAF,severe_stress,test
6Q4R96VAF_1457-2990-1969-3502.jpg,6Q4R96VAF,severe_stress,test
6Q4R96VAF_1457-3502-1969-4014.jpg,6Q4R96VAF,severe_stress,test
6Q4R96VAF_1457-4014-1969-4526.jpg,6Q4R96VAF,severe_stress,test
6Q4R96VAF_1969-2478-2481-2990.jpg,6Q4R96VAF,severe_stress,test
6Q4R96VAF_1969-2990-2481-3502.jpg,6Q4R96VAF,severe_stress,test
6Q4R96VAF_1969-3502-2481-4014.jpg,6Q4R96VAF,severe_stress,test
6Q4R96VAF_1969-4014-2481-4526.jpg,6Q4R96VAF,severe_stress,test
6Q4R96VAF_2392-1205-2904-1717.jpg,6Q4R96VAF,severe_stress,test
6Q4R96VAF_2392-1717-2904-2229.jpg,6Q4R96VAF,severe_stress,test
6Q4R96VAF_2481-2478-2993-2990.jpg,6Q4R96VAF,severe_stress,test
6Q4R96VAF_2481-2990-2993-3502.jpg,6Q4R96VAF,severe_stress,test
6Q4R96VAF_2481-3502-2993-4014.jpg,6Q4R96VAF,severe_stress,test
6Q4R96VAF_2481-4014-2993-4526.jpg,6Q4R96VAF,severe_stress,test
6Q4R96VAF_2904-1205-3416-1717.jpg,6Q4R96VAF,severe_stress,test
6Q4R96VAF_2904-1717-3416-2229.jpg,6Q4R96VAF,severe_stress,test
6Q4R96VAF_2993-2478-3505-2990.jpg,6Q4R96VAF,severe_stress,test
6Q4R96VAF_2993-2990-3505-3502.jpg,6Q4R96VAF,severe_stress,test
6Q4R96VAF_323-1342-835-1854.jpg,6Q4R96VAF,severe_stress,test
6Q4R96VAF_323-1854-835-2366.jpg,6Q4R96VAF,severe_stress,test
6Q4R96VAF_3845-3730-4357-4242.jpg,6Q4R96VAF,severe_stress,test
6Q4R96VAF_3845-4242-4357-4754.jpg,6Q4R96VAF,severe_stress,test
6Q4R96VAF_4028-4448-4540-4960.jpg,6Q4R96VAF,severe_stress,test
6Q4R96VAF_4028-4960-4540-5472.jpg,6Q4R96VAF,severe_stress,test
6Q4R96VAF_485-1521-997-2033.jpg,6Q4R96VAF,severe_stress,test
6Q4R96VAF_536-794-1048-1306.jpg,6Q4R96VAF,severe_stress,test
6Q4R96VAF_594-5148-1106-5660.jpg,6Q4R96VAF,severe_stress,test
6Q4R96VAF_909-4505-1421-5017.jpg,6Q4R96VAF,severe_stress,test
6Q4R96VAF_909-5017-1421-5529.jpg,6Q4R96VAF,severe_stress,test
6Q4R96VAF_945-3502-1457-4014.jpg,6Q4R96VAF,severe_stress,test
6Q4R96VAF_945-4014-1457-4526.jpg,6Q4R96VAF,healthy,test
6Q4R96VAF_997-1521-1509-2033.jpg,6Q4R96VAF,severe_stress,test
7JGFM8M6B_1160-1809-1672-2321.jpg,7JGFM8M6B,severe_stress,test
7JGFM8M6B_4824-2257-5336-2769.jpg,7JGFM8M6B,severe_stress,test
7JGFM8M6B_503-1282-1015-1794.jpg,7JGFM8M6B,severe_stress,test
7JGFM8M6B_503-1794-1015-2306.jpg,7JGFM8M6B,severe_stress,test
7JGFM8M6B_5535-1961-6047-2473.jpg,7JGFM8M6B,healthy,test
7JGFM8M6B_5978-2053-6490-2565.jpg,7JGFM8M6B,severe_stress,test
7JGFM8M6B_6078-2481-6590-2993.jpg,7JGFM8M6B,severe_stress,test
7JGFM8M6B_6372-3164-6884-3676.jpg,7JGFM8M6B,healthy,test
7MUJ19XPE_1272-2217-1784-2729.jpg,7MUJ19XPE,moderate_stress,test
7MUJ19XPE_1524-2512-2036-3024.jpg,7MUJ19XPE,moderate_stress,test
7MUJ19XPE_1636-1738-2148-2250.jpg,7MUJ19XPE,moderate_stress,test
7MUJ19XPE_1997-1728-2509-2240.jpg,7MUJ19XPE,moderate_stress,test
7MUJ19XPE_2036-2512-2548-3024.jpg,7MUJ19XPE,moderate_stress,test
7MUJ19XPE_2236-2202-2748-2714.jpg,7MUJ19XPE,moderate_stress,test
7MUJ19XPE_233-3034-745-3546.jpg,7MUJ19XPE,healthy,test
7MUJ19XPE_2872-406-3384-918.jpg,7MUJ19XPE,moderate_stress,test
7MUJ19XPE_312-442-824-954.jpg,7MUJ19XPE,healthy,test
7MUJ19XPE_329-1734-841-2246.jpg,7MUJ19XPE,moderate_stress,test
7XE36TP3N_2994-555-3506-1067.jpg,7XE36TP3N,moderate_stress,test
7XE36TP3N_3222-698-3734-1210.jpg,7XE36TP3N,moderate_stress,test
7XE36TP3N_3462-575-3974-1087.jpg,7XE36TP3N,moderate_stress,test
7XE36TP3N_3465-922-3977-1434.jpg,7XE36TP3N,moderate_stress,test
7XE36TP3N_3765-737-4277-1249.jpg,7XE36TP3N,moderate_stress,test
7XE36TP3N_4038-548-4550-1060.jpg,7XE36TP3N,moderate_stress,test
7XE36TP3N_4313-916-4825-1428.jpg,7XE36TP3N,healthy,test
7XE36TP3N_5252-891-5764-1403.jpg,7XE36TP3N,healthy,test
83F89J8F7_1060-233-1572-745.jpg,83F89J8F7,healthy,test
83F89J8F7_177-1106-689-1618.jpg,83F89J8F7,moderate_stress,test
83F89J8F7_208-2439-720-2951.jpg,83F89J8F7,moderate_stress,test
83F89J8F7_3872-1329-4384-1841.jpg,83F89J8F7,moderate_stress,test
83F89J8F7_4988-1339-5500-1851.jpg,83F89J8F7,moderate_stress,test
83F89J8F7_5083-365-5595-877.jpg,83F89J8F7,healthy,test
83F89J8F7_5104-2489-5616-3001.jpg,83F89J8F7,moderate_stress,test
8DPGBB8CM_5001-5383-5513-5895.jpg,8DPGBB8CM,healthy,test
8DPGBB8CM_5052-3310-5564-3822.jpg,8DPGBB8CM,healthy,test
8X9NQIHZI_1897-977-2409-1489.jpg,8X9NQIHZI,healthy,test
8X9NQIHZI_2016-752-2528-1264.jpg,8X9NQIHZI,healthy,test
8X9NQIHZI_414-778-926-1290.jpg,8X9NQIHZI,moderate_stress,test
8X9NQIHZI_5178-2158-5690-2670.jpg,8X9NQIHZI,moderate_stress,test
8X9NQIHZI_5436-2934-5948-3446.jpg,8X9NQIHZI,healthy,test
8X9NQIHZI_549-571-1061-1083.jpg,8X9NQIHZI,healthy,test
912RQA4JK_3496-3522-4008-4034.jpg,912RQA4JK,healthy,test
94KFHELF9_1002-2044-1514-2556.jpg,94KFHELF9,moderate_stress,test
94KFHELF9_1321-3827-1833-4339.jpg,94KFHELF9,moderate_stress,test
94KFHELF9_1457-3627-1969-4139.jpg,94KFHELF9,moderate_stress,test
94KFHELF9_1514-2044-2026-2556.jpg,94KFHELF9,moderate_stress,test
94KFHELF9_2101-1979-2613-2491.jpg,94KFHELF9,moderate_stress,test
94KFHELF9_2348-1906-2860-2418.jpg,94KFHELF9,moderate_stress,test
94KFHELF9_2350-478-2862-990.jpg,94KFHELF9,moderate_stress,test
94KFHELF9_2544-3004-3056-3516.jpg,94KFHELF9,moderate_stress,test
94KFHELF9_2569-2502-3081-3014.jpg,94KFHELF9,moderate_stress,test
94KFHELF9_2709-2705-3221-3217.jpg,94KFHELF9,moderate_stress,test
94KFHELF9_275-5648-787-6160.jpg,94KFHELF9,healthy,test
94KFHELF9_2874-2872-3386-3384.jpg,94KFHELF9,moderate_stress,test
94KFHELF9_368-5369-880-5881.jpg,94KFHELF9,moderate_stress,test
94KFHELF9_483-4284-995-4796.jpg,94KFHELF9,moderate_stress,test
94KFHELF9_489-3793-1001-4305.jpg,94KFHELF9,healthy,test
94KFHELF9_594-5518-1106-6030.jpg,94KFHELF9,healthy,test
9BLFQZW16_381-500-893-1012.jpg,9BLFQZW16,moderate_stress,test
9KDD1K3EK_1297-775-1809-1287.jpg,9KDD1K3EK,severe_stress,test
9KDD1K3EK_2128-786-2640-1298.jpg,9KDD1K3EK,healthy,test
9KDD1K3EK_2640-786-3152-1298.jpg,9KDD1K3EK,severe_stress,test
9KDD1K3EK_3152-786-3664-1298.jpg,9KDD1K3EK,severe_stress,test
9KDD1K3EK_453-948-965-1460.jpg,9KDD1K3EK,severe_stress,test
9KDD1K3EK_650-1464-1162-1976.jpg,9KDD1K3EK,healthy,test
9KDD1K3EK_989-1116-1501-1628.jpg,9KDD1K3EK,severe_stress,test
9QUNKDI8X_4497-4826-5009-5338.jpg,9QUNKDI8X,healthy,test
9QUNKDI8X_536-442-1048-954.jpg,9QUNKDI8X,healthy,test
9XLBQWRGD_2474-5874-2986-6386.jpg,9XLBQWRGD,moderate_stress,test
9XLBQWRGD_2505-6280-3017-6792.jpg,9XLBQWRGD,healthy,test
AFUHNMZTA_1387-2815-1899-3327.jpg,AFUHNMZTA,moderate_stress,test
AFUHNMZTA_1387-3327-1899-3839.jpg,AFUHNMZTA,moderate_stress,test
AFUHNMZTA_1721-2889-2233-3401.jpg,AFUHNMZTA,moderate_stress,test
AFUHNMZTA_1721-3401-2233-3913.jpg,AFUHNMZTA,moderate_stress,test
AFUHNMZTA_247-2809-759-3321.jpg,AFUHNMZTA,healthy,test
AFUHNMZTA_247-3321-759-3833.jpg,AFUHNMZTA,moderate_stress,test
AFUHNMZTA_2701-540-3213-1052.jpg,AFUHNMZTA,moderate_stress,test
AFUHNMZTA_3213-540-3725-1052.jpg,AFUHNMZTA,moderate_stress,test
AFUHNMZTA_3725-540-4237-1052.jpg,AFUHNMZTA,moderate_stress,test
AFUHNMZTA_4237-540-4749-1052.jpg,AFUHNMZTA,moderate_stress,test
AFUHNMZTA_4749-540-5261-1052.jpg,AFUHNMZTA,moderate_stress,test
AFUHNMZTA_4784-4800-5296-5312.jpg,AFUHNMZTA,moderate_stress,test
AFUHNMZTA_5261-540-5773-1052.jpg,AFUHNMZTA,moderate_stress,test
AFUHNMZTA_5296-4800-5808-5312.jpg,AFUHNMZTA,moderate_stress,test
AFUHNMZTA_5773-540-6285-1052.jpg,AFUHNMZTA,moderate_stress,test
AFUHNMZTA_5808-4288-6320-4800.jpg,AFUHNMZTA,moderate_stress,test
AFUHNMZTA_6285-1052-6797-1564.jpg,AFUHNMZTA,moderate_stress,test
AFUHNMZTA_6285-540-6797-1052.jpg,AFUHNMZTA,moderate_stress,test
AFUHNMZTA_6320-4288-6832-4800.jpg,AFUHNMZTA,moderate_stress,test
B6NUY914N_5056-2527-5568-3039.jpg,B6NUY914N,healthy,test
B6NUY914N_837-552-1349-1064.jpg,B6NUY914N,moderate_stress,test
BU9E6PEDN_1014-5454-1526-5966.jpg,BU9E6PEDN,moderate_stress,test
BU9E6PEDN_1192-5626-1704-6138.jpg,BU9E6PEDN,moderate_stress,test
BU9E6PEDN_1218-550-1730-1062.jpg,BU9E6PEDN,healthy,test
BU9E6PEDN_1495-2854-2007-3366.jpg,BU9E6PEDN,moderate_stress,test
BU9E6PEDN_1728-2738-2240-3250.jpg,BU9E6PEDN,moderate_stress,test
BU9E6PEDN_2014-534-2526-1046.jpg,BU9E6PEDN,healthy,test
BU9E6PEDN_2090-1013-2602-1525.jpg,BU9E6PEDN,moderate_stress,test
BU9E6PEDN_2178-1651-2690-2163.jpg,BU9E6PEDN,moderate_stress,test
BU9E6PEDN_2178-2163-2690-2675.jpg,BU9E6PEDN,moderate_stress,test
BU9E6PEDN_2212-2735-2724-3247.jpg,BU9E6PEDN,moderate_stress,test
BU9E6PEDN_2343-1912-2855-2424.jpg,BU9E6PEDN,moderate_stress,test
BU9E6PEDN_2467-2206-2979-2718.jpg,BU9E6PEDN,moderate_stress,test
BU9E6PEDN_2596-2714-3108-3226.jpg,BU9E6PEDN,moderate_stress,test
BU9E6PEDN_2602-1013-3114-1525.jpg,BU9E6PEDN,moderate_stress,test
BU9E6PEDN_2741-2005-3253-2517.jpg,BU9E6PEDN,healthy,test
C1X29833T_1405-3596-1917-4108.jpg,C1X29833T,moderate_stress,test
C1X29833T_1842-2827-2354-3339.jpg,C1X29833T,healthy,test
C1X29833T_331-5621-843-6133.jpg,C1X29833T,healthy,test
C41P1XNI1_292-5432-804-5944.jpg,C41P1XNI1,healthy,test
C41P1XNI1_365-2075-877-2587.jpg,C41P1XNI1,healthy,test
C41P1XNI1_4064-3820-4576-4332.jpg,C41P1XNI1,healthy,test
C41P1XNI1_5209-4418-5721-4930.jpg,C41P1XNI1,moderate_stress,test
C41P1XNI1_5209-4930-5721-5442.jpg,C41P1XNI1,moderate_stress,test
C41P1XNI1_5209-5472-5721-5984.jpg,C41P1XNI1,moderate_stress,test
C41P1XNI1_5247-1743-5759-2255.jpg,C41P1XNI1,healthy,test
C41P1XNI1_5265-842-5777-1354.jpg,C41P1XNI1,moderate_stress,test
C41P1XNI1_5393-3713-5905-4225.jpg,C41P1XNI1,healthy,test
C41P1XNI1_5427-488-5939-1000.jpg,C41P1XNI1,healthy,test
C41P1XNI1_895-2019-1407-2531.jpg,C41P1XNI1,healthy,test
C41P1XNI1_953-1581-1465-2093.jpg,C41P1XNI1,healthy,test
CEDGLUU4U_1005-6183-1517-6695.jpg,CEDGLUU4U,moderate_stress,test
CEDGLUU4U_1195-6547-1707-7059.jpg,CEDGLUU4U,healthy,test
CEDGLUU4U_1200-4627-1712-5139.jpg,CEDGLUU4U,moderate_stress,test
CEDGLUU4U_1200-5139-1712-5651.jpg,CEDGLUU4U,moderate_stress,test
CEDGLUU4U_1361-3723-1873-4235.jpg,CEDGLUU4U,moderate_stress,test
CEDGLUU4U_1549-3570-2061-4082.jpg,CEDGLUU4U,moderate_stress,test
CEDGLUU4U_1593-1041-2105-1553.jpg,CEDGLUU4U,moderate_stress,test
CEDGLUU4U_1639-2514-2151-3026.jpg,CEDGLUU4U,moderate_stress,test
CEDGLUU4U_1639-3026-2151-3538.jpg,CEDGLUU4U,moderate_stress,test
CEDGLUU4U_1749-5579-2261-6091.jpg,CEDGLUU4U,healthy,test
CEDGLUU4U_1767-4152-2279-4664.jpg,CEDGLUU4U,moderate_stress,test
CEDGLUU4U_1767-4664-2279-5176.jpg,CEDGLUU4U,moderate_stress,test
CEDGLUU4U_1768-6004-2280-6516.jpg,CEDGLUU4U,healthy,test
CEDGLUU4U_1769-1437-2281-1949.jpg,CEDGLUU4U,moderate_stress,test
CEDGLUU4U_1799-2223-2311-2735.jpg,CEDGLUU4U,moderate_stress,test
CEDGLUU4U_1799-2735-2311-3247.jpg,CEDGLUU4U,moderate_stress,test
CEDGLUU4U_1802-3451-2314-3963.jpg,CEDGLUU4U,moderate_stress,test
CEDGLUU4U_2706-4693-3218-5205.jpg,CEDGLUU4U,moderate_stress,test
CEDGLUU4U_2706-5205-3218-5717.jpg,CEDGLUU4U,moderate_stress,test
CEDGLUU4U_3003-2361-3515-2873.jpg,CEDGLUU4U,moderate_stress,test
CEDGLUU4U_3003-2873-3515-3385.jpg,CEDGLUU4U,moderate_stress,test
CEDGLUU4U_3062-4736-3574-5248.jpg,CEDGLUU4U,moderate_stress,test
CEDGLUU4U_3064-3823-3576-4335.jpg,CEDGLUU4U,moderate_stress,test
CEDGLUU4U_3277-4874-3789-5386.jpg,CEDGLUU4U,moderate_stress,test
CEDGLUU4U_3309-4341-3821-4853.jpg,CEDGLUU4U,moderate_stress,test
CEDGLUU4U_3504-4755-4016-5267.jpg,CEDGLUU4U,moderate_stress,test
CEDGLUU4U_3515-1337-4027-1849.jpg,CEDGLUU4U,moderate_stress,test
CEDGLUU4U_3515-1849-4027-2361.jpg,CEDGLUU4U,moderate_stress,test
CEDGLUU4U_3515-2361-4027-2873.jpg,CEDGLUU4U,moderate_stress,test
CEDGLUU4U_3515-2873-4027-3385.jpg,CEDGLUU4U,moderate_stress,test
CEDGLUU4U_3745-1133-4257-1645.jpg,CEDGLUU4U,moderate_stress,test
CEDGLUU4U_3758-3253-4270-3765.jpg,CEDGLUU4U,moderate_stress,test
CEDGLUU4U_3782-5075-4294-5587.jpg,CEDGLUU4U,moderate_stress,test
CEDGLUU4U_3938-4807-4450-5319.jpg,CEDGLUU4U,moderate_stress,test
CEDGLUU4U_3970-908-4482-1420.jpg,CEDGLUU4U,moderate_stress,test
CEDGLUU4U_3976-4524-4488-5036.jpg,CEDGLUU4U,moderate_stress,test
CEDGLUU4U_4027-1849-4539-2361.jpg,CEDGLUU4U,moderate_stress,test
CEDGLUU4U_4027-2361-4539-2873.jpg,CEDGLUU4U,moderate_stress,test
CEDGLUU4U_4027-2873-4539-3385.jpg,CEDGLUU4U,moderate_stress,test
CEDGLUU4U_4240-3655-4752-4167.jpg,CEDGLUU4U,moderate_stress,test
CEDGLUU4U_4340-741-4852-1253.jpg,CEDGLUU4U,moderate_stress,test
CEDGLUU4U_4349-3048-4861-3560.jpg,CEDGLUU4U,moderate_stress,test
CEDGLUU4U_4369-1116-4881-1628.jpg,CEDGLUU4U,moderate_stress,test
CEDGLUU4U_4369-1628-4881-2140.jpg,CEDGLUU4U,moderate_stress,test
CEDGLUU4U_4369-2140-4881-2652.jpg,CEDGLUU4U,moderate_stress,test
CEDGLUU4U_4369-2652-4881-3164.jpg,CEDGLUU4U,moderate_stress,test
CEDGLUU4U_4422-3490-4934-4002.jpg,CEDGLUU4U,moderate_stress,test
CEDGLUU4U_4422-4514-4934-5026.jpg,CEDGLUU4U,moderate_stress,test
CEDGLUU4U_4610-4047-5122-4559.jpg,CEDGLUU4U,moderate_stress,test
CEDGLUU4U_4703-888-5215-1400.jpg,CEDGLUU4U,moderate_stress,test
CEDGLUU4U_4752-3143-5264-3655.jpg,CEDGLUU4U,moderate_stress,test
CEDGLUU4U_4752-3655-5264-4167.jpg,CEDGLUU4U,moderate_stress,test
CEDGLUU4U_4881-1116-5393-1628.jpg,CEDGLUU4U,moderate_stress,test
CEDGLUU4U_4881-1628-5393-2140.jpg,CEDGLUU4U,moderate_stress,test
CEDGLUU4U_4919-2756-5431-3268.jpg,CEDGLUU4U,moderate_stress,test
CEDGLUU4U_5072-2063-5584-2575.jpg,CEDGLUU4U,moderate_stress,test
CEDGLUU4U_5082-942-5594-1454.jpg,CEDGLUU4U,moderate_stress,test
CEDGLUU4U_5146-2646-5658-3158.jpg,CEDGLUU4U,moderate_stress,test
CEDGLUU4U_5164-1334-5676-1846.jpg,CEDGLUU4U,moderate_stress,test
CEDGLUU4U_5262-2284-5774-2796.jpg,CEDGLUU4U,moderate_stress,test
CEDGLUU4U_5365-1065-5877-1577.jpg,CEDGLUU4U,moderate_stress,test
CEDGLUU4U_5365-1577-5877-2089.jpg,CEDGLUU4U,moderate_stress,test
CEDGLUU4U_5377-1947-5889-2459.jpg,CEDGLUU4U,moderate_stress,test
CEDGLUU4U_5431-2756-5943-3268.jpg,CEDGLUU4U,moderate_stress,test
CEDGLUU4U_5431-3268-5943-3780.jpg,CEDGLUU4U,healthy,test
CEDGLUU4U_811-6416-1323-6928.jpg,CEDGLUU4U,moderate_stress,test
CEDGLUU4U_892-4000-1404-4512.jpg,CEDGLUU4U,moderate_stress,test
CVWQ7DI42_2060-4480-2572-4992.jpg,CVWQ7DI42,healthy,test
CVWQ7DI42_358-516-870-1028.jpg,CVWQ7DI42,moderate_stress,test
CVWQ7DI42_487-4984-999-5496.jpg,CVWQ7DI42,healthy,test
CVWQ7DI42_5617-596-6129-1108.jpg,CVWQ7DI42,healthy,test
CVWQ7DI42_635-548-1147-1060.jpg,CVWQ7DI42,healthy,test
CVWQ7DI42_869-5031-1381-5543.jpg,CVWQ7DI42,moderate_stress,test
DC3Y1Q7RB_1158-2193-1670-2705.jpg,DC3Y1Q7RB,healthy,test
DC3Y1Q7RB_1498-2165-2010-2677.jpg,DC3Y1Q7RB,moderate_stress,test
DC3Y1Q7RB_1638-351-2150-863.jpg,DC3Y1Q7RB,moderate_stress,test
DC3Y1Q7RB_1844-640-2356-1152.jpg,DC3Y1Q7RB,moderate_stress,test
DC3Y1Q7RB_1845-1928-2357-2440.jpg,DC3Y1Q7RB,moderate_stress,test
DC3Y1Q7RB_2146-601-2658-1113.jpg,DC3Y1Q7RB,moderate_stress,test
DC3Y1Q7RB_2449-527-2961-1039.jpg,DC3Y1Q7RB,moderate_stress,test
DC3Y1Q7RB_395-1008-907-1520.jpg,DC3Y1Q7RB,moderate_stress,test
DC3Y1Q7RB_410-2050-922-2562.jpg,DC3Y1Q7RB,moderate_stress,test
DHAT9MTZA_1831-5212-2343-5724.jpg,DHAT9MTZA,moderate_stress,test
DHAT9MTZA_2205-5212-2717-5724.jpg,DHAT9MTZA,healthy,test
DHAT9MTZA_247-1461-759-1973.jpg,DHAT9MTZA,healthy,test
DHAT9MTZA_247-1973-759-2485.jpg,DHAT9MTZA,healthy,test
DHAT9MTZA_2901-4232-3413-4744.jpg,DHAT9MTZA,healthy,test
DHAT9MTZA_3107-414-3619-926.jpg,DHAT9MTZA,moderate_stress,test
DHAT9MTZA_3176-1740-3688-2252.jpg,DHAT9MTZA,moderate_stress,test
DHAT9MTZA_3267-1967-3779-2479.jpg,DHAT9MTZA,moderate_stress,test
DHAT9MTZA_3556-406-4068-918.jpg,DHAT9MTZA,moderate_stress,test
DHAT9MTZA_3645-2573-4157-3085.jpg,DHAT9MTZA,healthy,test
DHAT9MTZA_4068-406-4580-918.jpg,DHAT9MTZA,moderate_stress,test
DHAT9MTZA_4146-645-4658-1157.jpg,DHAT9MTZA,moderate_stress,test
DHAT9MTZA_4580-406-5092-918.jpg,DHAT9MTZA,moderate_stress,test
DHAT9MTZA_5231-441-5743-953.jpg,DHAT9MTZA,moderate_stress,test
DHAT9MTZA_5752-433-6264-945.jpg,DHAT9MTZA,moderate_stress,test
DHAT9MTZA_601-1848-1113-2360.jpg,DHAT9MTZA,healthy,test
DHAT9MTZA_6545-3670-7057-4182.jpg,DHAT9MTZA,healthy,test
DHAT9MTZA_8384-2176-8896-2688.jpg,DHAT9MTZA,moderate_stress,test
DHAT9MTZA_8811-4166-9323-4678.jpg,DHAT9MTZA,healthy,test
DHAT9MTZA_9021-2502-9533-3014.jpg,DHAT9MTZA,moderate_stress,test
DHAT9MTZA_9380-3779-9892-4291.jpg,DHAT9MTZA,moderate_stress,test
DHAT9MTZA_9449-3479-9961-3991.jpg,DHAT9MTZA,moderate_stress,test
DHAT9MTZA_9718-3551-10230-4063.jpg,DHAT9MTZA,moderate_stress,test
DHB7NI3E8_217-4573-729-5085.jpg,DHB7NI3E8,healthy,test
DHB7NI3E8_227-3893-739-4405.jpg,DHB7NI3E8,healthy,test
DHB7NI3E8_228-4235-740-4747.jpg,DHB7NI3E8,healthy,test
DHB7NI3E8_233-3561-745-4073.jpg,DHB7NI3E8,healthy,test
DHB7NI3E8_2531-1126-3043-1638.jpg,DHB7NI3E8,healthy,test
DHB7NI3E8_479-3401-991-3913.jpg,DHB7NI3E8,healthy,test
DKYG6NKZQ_6149-583-6661-1095.jpg,DKYG6NKZQ,moderate_stress,test
DKYG6NKZQ_6396-470-6908-982.jpg,DKYG6NKZQ,moderate_stress,test
DME8RNMT6_1354-2184-1866-2696.jpg,DME8RNMT6,healthy,test
DME8RNMT6_250-792-762-1304.jpg,DME8RNMT6,severe_stress,test
DME8RNMT6_309-273-821-785.jpg,DME8RNMT6,healthy,test
DV9ZDMCPI_1236-356-1748-868.jpg,DV9ZDMCPI,severe_stress,test
DV9ZDMCPI_1370-2658-1882-3170.jpg,DV9ZDMCPI,severe_stress,test
DV9ZDMCPI_1393-600-1905-1112.jpg,DV9ZDMCPI,severe_stress,test
DV9ZDMCPI_1420-1154-1932-1666.jpg,DV9ZDMCPI,severe_stress,test
DV9ZDMCPI_1420-1666-1932-2178.jpg,DV9ZDMCPI,severe_stress,test
DV9ZDMCPI_1476-1983-1988-2495.jpg,DV9ZDMCPI,severe_stress,test
DV9ZDMCPI_1549-2404-2061-2916.jpg,DV9ZDMCPI,severe_stress,test
DV9ZDMCPI_2039-356-2551-868.jpg,DV9ZDMCPI,healthy,test
DV9ZDMCPI_2039-868-2551-1380.jpg,DV9ZDMCPI,healthy,test
DV9ZDMCPI_2159-2151-2671-2663.jpg,DV9ZDMCPI,severe_stress,test
DV9ZDMCPI_2162-1703-2674-2215.jpg,DV9ZDMCPI,severe_stress,test
DV9ZDMCPI_797-398-1309-910.jpg,DV9ZDMCPI,healthy,test
EN6KRFIVR_1274-533-1786-1045.jpg,EN6KRFIVR,severe_stress,test
EN6KRFIVR_1786-533-2298-1045.jpg,EN6KRFIVR,severe_stress,test
EN6KRFIVR_1786-7701-2298-8213.jpg,EN6KRFIVR,severe_stress,test
EN6KRFIVR_2298-1045-2810-1557.jpg,EN6KRFIVR,severe_stress,test
EN6KRFIVR_2298-1557-2810-2069.jpg,EN6KRFIVR,severe_stress,test
EN6KRFIVR_2298-2069-2810-2581.jpg,EN6KRFIVR,severe_stress,test
EN6KRFIVR_2298-2581-2810-3093.jpg,EN6KRFIVR,severe_stress,test
EN6KRFIVR_2298-3093-2810-3605.jpg,EN6KRFIVR,severe_stress,test
EN6KRFIVR_2298-3605-2810-4117.jpg,EN6KRFIVR,severe_stress,test
EN6KRFIVR_2298-4117-2810-4629.jpg,EN6KRFIVR,severe_stress,test
EN6KRFIVR_2298-4629-2810-5141.jpg,EN6KRFIVR,severe_stress,test
EN6KRFIVR_2298-5141-2810-5653.jpg,EN6KRFIVR,severe_stress,test
EN6KRFIVR_2298-533-2810-1045.jpg,EN6KRFIVR,severe_stress,test
EN6KRFIVR_2298-5653-2810-6165.jpg,EN6KRFIVR,severe_stress,test
EN6KRFIVR_2298-6165-2810-6677.jpg,EN6KRFIVR,severe_stress,test
EN6KRFIVR_2298-6677-2810-7189.jpg,EN6KRFIVR,severe_stress,test
EN6KRFIVR_2298-7189-2810-7701.jpg,EN6KRFIVR,severe_stress,test
EN6KRFIVR_2298-7701-2810-8213.jpg,EN6KRFIVR,severe_stress,test
EN6KRFIVR_250-1045-762-1557.jpg,EN6KRFIVR,severe_stress,test
EN6KRFIVR_250-533-762-1045.jpg,EN6KRFIVR,severe_stress,test
EN6KRFIVR_250-6165-762-6677.jpg,EN6KRFIVR,severe_stress,test
EN6KRFIVR_250-6677-762-7189.jpg,EN6KRFIVR,severe_stress,test
EN6KRFIVR_250-7189-762-7701.jpg,EN6KRFIVR,severe_stress,test
EN6KRFIVR_250-7701-762-8213.jpg,EN6KRFIVR,severe_stress,test
EN6KRFIVR_742-382-1254-894.jpg,EN6KRFIVR,severe_stress,test
EX2RYQ331_3470-261-3982-773.jpg,EX2RYQ331,healthy,test
EX2RYQ331_3829-260-4341-772.jpg,EX2RYQ331,healthy,test
EZZC38C9R_4171-641-4683-1153.jpg,EZZC38C9R,severe_stress,test
EZZC38C9R_4683-641-5195-1153.jpg,EZZC38C9R,severe_stress,test
EZZC38C9R_6464-3357-6976-3869.jpg,EZZC38C9R,severe_stress,test
EZZC38C9R_6509-3098-7021-3610.jpg,EZZC38C9R,healthy,test
EZZC38C9R_6876-2771-7388-3283.jpg,EZZC38C9R,healthy,test
EZZC38C9R_7156-2765-7668-3277.jpg,EZZC38C9R,healthy,test
EZZC38C9R_7165-3343-7677-3855.jpg,EZZC38C9R,severe_stress,test
F9T46HF8G_1998-4120-2510-4632.jpg,F9T46HF8G,healthy,test
FGVQXB7MD_1358-4786-1870-5298.jpg,FGVQXB7MD,severe_stress,test
FGVQXB7MD_1870-4786-2382-5298.jpg,FGVQXB7MD,severe_stress,test
FGVQXB7MD_4761-287-5273-799.jpg,FGVQXB7MD,healthy,test
FMWV83TKN_1361-1530-1873-2042.jpg,FMWV83TKN,moderate_stress,test
FMWV83TKN_1497-5307-2009-5819.jpg,FMWV83TKN,moderate_stress,test
FMWV83TKN_1534-2404-2046-2916.jpg,FMWV83TKN,healthy,test
FMWV83TKN_1534-2916-2046-3428.jpg,FMWV83TKN,healthy,test
FMWV83TKN_1873-1530-2385-2042.jpg,FMWV83TKN,moderate_stress,test
FMWV83TKN_1873-2042-2385-2554.jpg,FMWV83TKN,moderate_stress,test
FMWV83TKN_210-5292-722-5804.jpg,FMWV83TKN,moderate_stress,test
FMWV83TKN_2330-5370-2842-5882.jpg,FMWV83TKN,moderate_stress,test
FMWV83TKN_2385-2042-2897-2554.jpg,FMWV83TKN,moderate_stress,test
FMWV83TKN_2814-4943-3326-5455.jpg,FMWV83TKN,moderate_stress,test
FMWV83TKN_2814-5455-3326-5967.jpg,FMWV83TKN,moderate_stress,test
FMWV83TKN_294-3365-806-3877.jpg,FMWV83TKN,moderate_stress,test
FMWV83TKN_3273-2802-3785-3314.jpg,FMWV83TKN,moderate_stress,test
FMWV83TKN_3326-4431-3838-4943.jpg,FMWV83TKN,moderate_stress,test
FMWV83TKN_3326-5455-3838-5967.jpg,FMWV83TKN,moderate_stress,test
FMWV83TKN_3785-2802-4297-3314.jpg,FMWV83TKN,moderate_stress,test
FMWV83TKN_3785-3314-4297-3826.jpg,FMWV83TKN,moderate_stress,test
FMWV83TKN_3838-4431-4350-4943.jpg,FMWV83TKN,moderate_stress,test
FMWV83TKN_3838-4943-4350-5455.jpg,FMWV83TKN,moderate_stress,test
FMWV83TKN_3838-5455-4350-5967.jpg,FMWV83TKN,moderate_stress,test
FMWV83TKN_4297-3314-4809-3826.jpg,FMWV83TKN,moderate_stress,test
FMWV83TKN_455-864-967-1376.jpg,FMWV83TKN,moderate_stress,test
FMWV83TKN_4577-5444-5089-5956.jpg,FMWV83TKN,moderate_stress,test
FMWV83TKN_4704-3771-5216-4283.jpg,FMWV83TKN,moderate_stress,test
FMWV83TKN_504-4685-1016-5197.jpg,FMWV83TKN,moderate_stress,test
FMWV83TKN_5089-5444-5601-5956.jpg,FMWV83TKN,moderate_stress,test
FMWV83TKN_5172-4650-5684-5162.jpg,FMWV83TKN,moderate_stress,test
FMWV83TKN_5216-3771-5728-4283.jpg,FMWV83TKN,moderate_stress,test
FMWV83TKN_5216-4283-5728-4795.jpg,FMWV83TKN,moderate_stress,test
FMWV83TKN_5217-4991-5729-5503.jpg,FMWV83TKN,moderate_stress,test
FMWV83TKN_662-5077-1174-5589.jpg,FMWV83TKN,moderate_stress,test
FMWV83TKN_699-934-1211-1446.jpg,FMWV83TKN,moderate_stress,test
FMWV83TKN_964-4605-1476-5117.jpg,FMWV83TKN,moderate_stress,test
FMWV83TKN_964-5117-1476-5629.jpg,FMWV83TKN,moderate_stress,test
G2C8RAK6P_1405-2868-1917-3380.jpg,G2C8RAK6P,healthy,test
G2C8RAK6P_225-322-737-834.jpg,G2C8RAK6P,moderate_stress,test
G2C8RAK6P_381-3380-893-3892.jpg,G2C8RAK6P,healthy,test
G2C8RAK6P_893-3380-1405-3892.jpg,G2C8RAK6P,healthy,test
G3KVC31ZW_3600-1129-4112-1641.jpg,G3KVC31ZW,healthy,test
G3KVC31ZW_393-6096-905-6608.jpg,G3KVC31ZW,healthy,test
G3KVC31ZW_4069-10043-4581-10555.jpg,G3KVC31ZW,healthy,test
G3KVC31ZW_4283-7657-4795-8169.jpg,G3KVC31ZW,healthy,test
G3KVC31ZW_4929-6090-5441-6602.jpg,G3KVC31ZW,moderate_stress,test
G3KVC31ZW_4982-5485-5494-5997.jpg,G3KVC31ZW,healthy,test
G3KVC31ZW_5076-7300-5588-7812.jpg,G3KVC31ZW,moderate_stress,test
G47A4BLGR_337-1694-849-2206.jpg,G47A4BLGR,moderate_stress,test
G47A4BLGR_337-500-849-1012.jpg,G47A4BLGR,moderate_stress,test
G47A4BLGR_376-1095-888-1607.jpg,G47A4BLGR,healthy,test
G47A4BLGR_3764-496-4276-1008.jpg,G47A4BLGR,moderate_stress,test
G47A4BLGR_3768-977-4280-1489.jpg,G47A4BLGR,healthy,test
G47A4BLGR_3783-2057-4295-2569.jpg,G47A4BLGR,healthy,test
G47A4BLGR_588-865-1100-1377.jpg,G47A4BLGR,healthy,test
G47A4BLGR_906-2296-1418-2808.jpg,G47A4BLGR,healthy,test
GBD4NJLVI_338-2019-850-2531.jpg,GBD4NJLVI,healthy,test
GFCB1NAVU_1553-1329-2065-1841.jpg,GFCB1NAVU,severe_stress,test
GFCB1NAVU_1698-5326-2210-5838.jpg,GFCB1NAVU,severe_stress,test
GFCB1NAVU_1698-5838-2210-6350.jpg,GFCB1NAVU,severe_stress,test
GFCB1NAVU_1898-1829-2410-2341.jpg,GFCB1NAVU,severe_stress,test
GFCB1NAVU_1898-2341-2410-2853.jpg,GFCB1NAVU,healthy,test
GFCB1NAVU_2210-5838-2722-6350.jpg,GFCB1NAVU,severe_stress,test
GFCB1NAVU_2210-6350-2722-6862.jpg,GFCB1NAVU,severe_stress,test
GFCB1NAVU_2376-1442-2888-1954.jpg,GFCB1NAVU,severe_stress,test
GFCB1NAVU_2410-1829-2922-2341.jpg,GFCB1NAVU,severe_stress,test
GFCB1NAVU_2410-2341-2922-2853.jpg,GFCB1NAVU,severe_stress,test
GFCB1NAVU_2948-2062-3460-2574.jpg,GFCB1NAVU,severe_stress,test
GFCB1NAVU_3635-3833-4147-4345.jpg,GFCB1NAVU,severe_stress,test
GFCB1NAVU_4279-3845-4791-4357.jpg,GFCB1NAVU,severe_stress,test
GFCB1NAVU_5013-3258-5525-3770.jpg,GFCB1NAVU,severe_stress,test
GX8FJBBUA_1012-665-1524-1177.jpg,GX8FJBBUA,moderate_stress,test
GX8FJBBUA_2907-2410-3419-2922.jpg,GX8FJBBUA,moderate_stress,test
GX8FJBBUA_3096-722-3608-1234.jpg,GX8FJBBUA,moderate_stress,test
GX8FJBBUA_3592-2272-4104-2784.jpg,GX8FJBBUA,moderate_stress,test
GX8FJBBUA_3829-718-4341-1230.jpg,GX8FJBBUA,moderate_stress,test
H323IZBNR_5362-1699-5874-2211.jpg,H323IZBNR,healthy,test
H323IZBNR_5362-2211-5874-2723.jpg,H323IZBNR,severe_stress,test
H323IZBNR_5362-2723-5874-3235.jpg,H323IZBNR,healthy,test
HANHW9AVN_1096-799-1608-1311.jpg,HANHW9AVN,moderate_stress,test
HANHW9AVN_587-920-1099-1432.jpg,HANHW9AVN,moderate_stress,test
HANHW9AVN_5934-4517-6446-5029.jpg,HANHW9AVN,healthy,test
HFW9P9RWL_1016-5229-1528-5741.jpg,HFW9P9RWL,healthy,test
HFW9P9RWL_1104-3488-1616-4000.jpg,HFW9P9RWL,healthy,test
HFW9P9RWL_1841-3636-2353-4148.jpg,HFW9P9RWL,healthy,test
HFW9P9RWL_2744-3139-3256-3651.jpg,HFW9P9RWL,severe_stress,test
HFW9P9RWL_2910-4027-3422-4539.jpg,HFW9P9RWL,severe_stress,test
HFW9P9RWL_2949-3677-3461-4189.jpg,HFW9P9RWL,severe_stress,test
HFW9P9RWL_3256-3139-3768-3651.jpg,HFW9P9RWL,severe_stress,test
HFW9P9RWL_3626-3494-4138-4006.jpg,HFW9P9RWL,healthy,test
HFW9P9RWL_3958-4470-4470-4982.jpg,HFW9P9RWL,severe_stress,test
HFW9P9RWL_4469-3124-4981-3636.jpg,HFW9P9RWL,severe_stress,test
HFW9P9RWL_4613-3432-5125-3944.jpg,HFW9P9RWL,severe_stress,test
HFW9P9RWL_4763-4228-5275-4740.jpg,HFW9P9RWL,severe_stress,test
HFW9P9RWL_4770-3250-5282-3762.jpg,HFW9P9RWL,severe_stress,test
HFW9P9RWL_5051-4451-5563-4963.jpg,HFW9P9RWL,severe_stress,test
HFW9P9RWL_5051-4963-5563-5475.jpg,HFW9P9RWL,severe_stress,test
HFW9P9RWL_5124-3948-5636-4460.jpg,HFW9P9RWL,healthy,test
HFW9P9RWL_5486-4329-5998-4841.jpg,HFW9P9RWL,healthy,test
HFW9P9RWL_5497-4972-6009-5484.jpg,HFW9P9RWL,healthy,test
HFW9P9RWL_625-5447-1137-5959.jpg,HFW9P9RWL,severe_stress,test
HFW9P9RWL_812-3927-1324-4439.jpg,HFW9P9RWL,healthy,test
HFW9P9RWL_823-3621-1335-4133.jpg,HFW9P9RWL,severe_stress,test
HFW9P9RWL_877-4284-1389-4796.jpg,HFW9P9RWL,healthy,test
HJ86BIQI1_220-3614-732-4126.jpg,HJ86BIQI1,healthy,test
HJ86BIQI1_3802-3456-4314-3968.jpg,HJ86BIQI1,severe_stress,test
HJG84GZ42_1189-3400-1701-3912.jpg,HJG84GZ42,moderate_stress,test
HJG84GZ42_5719-3672-6231-4184.jpg,HJG84GZ42,moderate_stress,test
HJG84GZ42_605-5894-1117-6406.jpg,HJG84GZ42,moderate_stress,test
HJG84GZ42_677-3400-1189-3912.jpg,HJG84GZ42,moderate_stress,test
HWUEVLRVX_374-454-886-966.jpg,HWUEVLRVX,healthy,test
HWUEVLRVX_5726-3046-6238-3558.jpg,HWUEVLRVX,moderate_stress,test
I39UXIVAJ_4997-5475-5509-5987.jpg,I39UXIVAJ,healthy,test
I39UXIVAJ_5282-841-5794-1353.jpg,I39UXIVAJ,moderate_stress,test
I39UXIVAJ_5345-5599-5857-6111.jpg,I39UXIVAJ,healthy,test
I39UXIVAJ_5377-3518-5889-4030.jpg,I39UXIVAJ,moderate_stress,test
I39UXIVAJ_5444-484-5956-996.jpg,I39UXIVAJ,healthy,test
I4HZRNLTP_1079-866-1591-1378.jpg,I4HZRNLTP,moderate_stress,test
I4HZRNLTP_1088-1554-1600-2066.jpg,I4HZRNLTP,moderate_stress,test
I4HZRNLTP_1363-752-1875-1264.jpg,I4HZRNLTP,moderate_stress,test
I4HZRNLTP_1452-307-1964-819.jpg,I4HZRNLTP,moderate_stress,test
I4HZRNLTP_1454-1504-1966-2016.jpg,I4HZRNLTP,moderate_stress,test
I4HZRNLTP_1591-866-2103-1378.jpg,I4HZRNLTP,moderate_stress,test
I4HZRNLTP_1762-590-2274-1102.jpg,I4HZRNLTP,moderate_stress,test
I4HZRNLTP_1865-3556-2377-4068.jpg,I4HZRNLTP,moderate_stress,test
I4HZRNLTP_1950-390-2462-902.jpg,I4HZRNLTP,moderate_stress,test
I4HZRNLTP_2169-584-2681-1096.jpg,I4HZRNLTP,moderate_stress,test
I4HZRNLTP_2240-276-2752-788.jpg,I4HZRNLTP,moderate_stress,test
I4HZRNLTP_2562-385-3074-897.jpg,I4HZRNLTP,moderate_stress,test
I4HZRNLTP_2579-678-3091-1190.jpg,I4HZRNLTP,moderate_stress,test
I4HZRNLTP_2985-549-3497-1061.jpg,I4HZRNLTP,moderate_stress,test
I4HZRNLTP_3233-1440-3745-1952.jpg,I4HZRNLTP,moderate_stress,test
I4HZRNLTP_3433-829-3945-1341.jpg,I4HZRNLTP,moderate_stress,test
I4HZRNLTP_3655-733-4167-1245.jpg,I4HZRNLTP,moderate_stress,test
I4HZRNLTP_3674-419-4186-931.jpg,I4HZRNLTP,moderate_stress,test
I4HZRNLTP_4123-3639-4635-4151.jpg,I4HZRNLTP,moderate_stress,test
I4HZRNLTP_4317-520-4829-1032.jpg,I4HZRNLTP,moderate_stress,test
I4HZRNLTP_4635-3639-5147-4151.jpg,I4HZRNLTP,moderate_stress,test
I4HZRNLTP_4760-514-5272-1026.jpg,I4HZRNLTP,moderate_stress,test
I4HZRNLTP_4864-4964-5376-5476.jpg,I4HZRNLTP,moderate_stress,test
I4HZRNLTP_751-806-1263-1318.jpg,I4HZRNLTP,moderate_stress,test
I71MRPRZG_5065-10360-5577-10872.jpg,I71MRPRZG,severe_stress,test
I71MRPRZG_5078-8237-5590-8749.jpg,I71MRPRZG,severe_stress,test
I71MRPRZG_5324-8643-5836-9155.jpg,I71MRPRZG,severe_stress,test
I71MRPRZG_5577-10360-6089-10872.jpg,I71MRPRZG,severe_stress,test
I71MRPRZG_5577-9848-6089-10360.jpg,I71MRPRZG,severe_stress,test
I9CE1N2GR_2011-4928-2523-5440.jpg,I9CE1N2GR,severe_stress,test
I9CE1N2GR_2642-7648-3154-8160.jpg,I9CE1N2GR,severe_stress,test
IHFEFLRV9_1345-587-1857-1099.jpg,IHFEFLRV9,severe_stress,test
IHFEFLRV9_1381-4239-1893-4751.jpg,IHFEFLRV9,severe_stress,test
IHFEFLRV9_1381-4751-1893-5263.jpg,IHFEFLRV9,severe_stress,test
IHFEFLRV9_148-1538-660-2050.jpg,IHFEFLRV9,severe_stress,test
IHFEFLRV9_148-2050-660-2562.jpg,IHFEFLRV9,severe_stress,test
IHFEFLRV9_1720-2089-2232-2601.jpg,IHFEFLRV9,severe_stress,test
IHFEFLRV9_1893-4239-2405-4751.jpg,IHFEFLRV9,severe_stress,test
IHFEFLRV9_1893-4751-2405-5263.jpg,IHFEFLRV9,severe_stress,test
IHFEFLRV9_1949-3952-2461-4464.jpg,IHFEFLRV9,severe_stress,test
IHFEFLRV9_2232-2089-2744-2601.jpg,IHFEFLRV9,severe_stress,test
IHFEFLRV9_225-3658-737-4170.jpg,IHFEFLRV9,severe_stress,test
IHFEFLRV9_2405-4239-2917-4751.jpg,IHFEFLRV9,healthy,test
IHFEFLRV9_2405-4751-2917-5263.jpg,IHFEFLRV9,severe_stress,test
IHFEFLRV9_2497-2243-3009-2755.jpg,IHFEFLRV9,severe_stress,test
IHFEFLRV9_2744-2089-3256-2601.jpg,IHFEFLRV9,severe_stress,test
IHFEFLRV9_2917-4239-3429-4751.jpg,IHFEFLRV9,healthy,test
IHFEFLRV9_2917-4751-3429-5263.jpg,IHFEFLRV9,severe_stress,test
IHFEFLRV9_3009-2243-3521-2755.jpg,IHFEFLRV9,severe_stress,test
IHFEFLRV9_321-1099-833-1611.jpg,IHFEFLRV9,severe_stress,test
IHFEFLRV9_321-587-833-1099.jpg,IHFEFLRV9,severe_stress,test
IHFEFLRV9_357-4239-869-4751.jpg,IHFEFLRV9,severe_stress,test
IHFEFLRV9_357-4751-869-5263.jpg,IHFEFLRV9,severe_stress,test
IHFEFLRV9_590-4459-1102-4971.jpg,IHFEFLRV9,severe_stress,test
IHFEFLRV9_833-1099-1345-1611.jpg,IHFEFLRV9,severe_stress,test
IHFEFLRV9_833-587-1345-1099.jpg,IHFEFLRV9,severe_stress,test
IHFEFLRV9_869-4751-1381-5263.jpg,IHFEFLRV9,severe_stress,test
IHFEFLRV9_929-4413-1441-4925.jpg,IHFEFLRV9,severe_stress,test
IQLRW183G_2499-1967-3011-2479.jpg,IQLRW183G,healthy,test
J3A872DCA_2519-3291-3031-3803.jpg,J3A872DCA,moderate_stress,test
J3A872DCA_537-3506-1049-4018.jpg,J3A872DCA,moderate_stress,test
J9ENNT1WF_2307-2155-2819-2667.jpg,J9ENNT1WF,severe_stress,test
J9ENNT1WF_2307-2667-2819-3179.jpg,J9ENNT1WF,severe_stress,test
J9ENNT1WF_2407-868-2919-1380.jpg,J9ENNT1WF,severe_stress,test
J9ENNT1WF_2413-1225-2925-1737.jpg,J9ENNT1WF,severe_stress,test
J9ENNT1WF_2413-1737-2925-2249.jpg,J9ENNT1WF,severe_stress,test
J9ENNT1WF_4039-382-4551-894.jpg,J9ENNT1WF,severe_stress,test
JADIF8MAG_1947-310-2459-822.jpg,JADIF8MAG,severe_stress,test
JADIF8MAG_3474-753-3986-1265.jpg,JADIF8MAG,healthy,test
JADIF8MAG_3621-1237-4133-1749.jpg,JADIF8MAG,severe_stress,test
JADIF8MAG_4133-1237-4645-1749.jpg,JADIF8MAG,severe_stress,test
JADIF8MAG_4747-3254-5259-3766.jpg,JADIF8MAG,severe_stress,test
JADIF8MAG_5282-3074-5794-3586.jpg,JADIF8MAG,severe_stress,test
JADIF8MAG_5474-2856-5986-3368.jpg,JADIF8MAG,healthy,test
JADIF8MAG_6219-2104-6731-2616.jpg,JADIF8MAG,severe_stress,test
JADIF8MAG_6370-1571-6882-2083.jpg,JADIF8MAG,severe_stress,test
JBXMKRV9B_1009-3791-1521-4303.jpg,JBXMKRV9B,healthy,test
JBXMKRV9B_1909-452-2421-964.jpg,JBXMKRV9B,moderate_stress,test
JBXMKRV9B_2159-3840-2671-4352.jpg,JBXMKRV9B,moderate_stress,test
JBXMKRV9B_2401-3221-2913-3733.jpg,JBXMKRV9B,moderate_stress,test
JBXMKRV9B_2583-475-3095-987.jpg,JBXMKRV9B,moderate_stress,test
JBXMKRV9B_2997-3986-3509-4498.jpg,JBXMKRV9B,moderate_stress,test
JBXMKRV9B_313-296-825-808.jpg,JBXMKRV9B,moderate_stress,test
JBXMKRV9B_3641-540-4153-1052.jpg,JBXMKRV9B,healthy,test
JBXMKRV9B_4083-498-4595-1010.jpg,JBXMKRV9B,moderate_stress,test
JBXMKRV9B_4097-4008-4609-4520.jpg,JBXMKRV9B,moderate_stress,test
JBXMKRV9B_497-3791-1009-4303.jpg,JBXMKRV9B,healthy,test
JBXMKRV9B_513-466-1025-978.jpg,JBXMKRV9B,moderate_stress,test
JEGPDJQLK_10015-7754-10527-8266.jpg,JEGPDJQLK,severe_stress,test
JEGPDJQLK_1002-3724-1514-4236.jpg,JEGPDJQLK,severe_stress,test
JEGPDJQLK_10102-5866-10614-6378.jpg,JEGPDJQLK,severe_stress,test
JEGPDJQLK_10102-6378-10614-6890.jpg,JEGPDJQLK,severe_stress,test
JEGPDJQLK_10273-4988-10785-5500.jpg,JEGPDJQLK,severe_stress,test
JEGPDJQLK_10527-7754-11039-8266.jpg,JEGPDJQLK,severe_stress,test
JEGPDJQLK_10666-6567-11178-7079.jpg,JEGPDJQLK,severe_stress,test
JEGPDJQLK_10715-4884-11227-5396.jpg,JEGPDJQLK,severe_stress,test
JEGPDJQLK_10976-7327-11488-7839.jpg,JEGPDJQLK,severe_stress,test
JEGPDJQLK_11112-8282-11624-8794.jpg,JEGPDJQLK,severe_stress,test
JEGPDJQLK_11178-6567-11690-7079.jpg,JEGPDJQLK,severe_stress,test
JEGPDJQLK_11559-9096-12071-9608.jpg,JEGPDJQLK,severe_stress,test
JEGPDJQLK_1165-6106-1677-6618.jpg,JEGPDJQLK,severe_stress,test
JEGPDJQLK_1165-6618-1677-7130.jpg,JEGPDJQLK,severe_stress,test
JEGPDJQLK_11661-8300-12173-8812.jpg,JEGPDJQLK,severe_stress,test
JEGPDJQLK_11816-7297-12328-7809.jpg,JEGPDJQLK,severe_stress,test
JEGPDJQLK_11816-7809-12328-8321.jpg,JEGPDJQLK,severe_stress,test
JEGPDJQLK_11883-4992-12395-5504.jpg,JEGPDJQLK,severe_stress,test
JEGPDJQLK_12000-5275-12512-5787.jpg,JEGPDJQLK,severe_stress,test
JEGPDJQLK_12071-9096-12583-9608.jpg,JEGPDJQLK,severe_stress,test
JEGPDJQLK_12328-7297-12840-7809.jpg,JEGPDJQLK,severe_stress,test
JEGPDJQLK_12388-5646-12900-6158.jpg,JEGPDJQLK,severe_stress,test
JEGPDJQLK_12395-4992-12907-5504.jpg,JEGPDJQLK,severe_stress,test
JEGPDJQLK_12531-7854-13043-8366.jpg,JEGPDJQLK,severe_stress,test
JEGPDJQLK_12531-8366-13043-8878.jpg,JEGPDJQLK,severe_stress,test
JEGPDJQLK_12531-8878-13043-9390.jpg,JEGPDJQLK,severe_stress,test
JEGPDJQLK_12570-5416-13082-5928.jpg,JEGPDJQLK,severe_stress,test
JEGPDJQLK_1261-13099-1773-13611.jpg,JEGPDJQLK,severe_stress,test
JEGPDJQLK_1261-13611-1773-14123.jpg,JEGPDJQLK,severe_stress,test
JEGPDJQLK_12632-5889-13144-6401.jpg,JEGPDJQLK,severe_stress,test
JEGPDJQLK_12676-4956-13188-5468.jpg,JEGPDJQLK,severe_stress,test
JEGPDJQLK_13043-7854-13555-8366.jpg,JEGPDJQLK,healthy,test
JEGPDJQLK_13043-8366-13555-8878.jpg,JEGPDJQLK,severe_stress,test
JEGPDJQLK_13043-8878-13555-9390.jpg,JEGPDJQLK,severe_stress,test
JEGPDJQLK_1306-7187-1818-7699.jpg,JEGPDJQLK,severe_stress,test
JEGPDJQLK_13326-5170-13838-5682.jpg,JEGPDJQLK,severe_stress,test
JEGPDJQLK_1358-9404-1870-9916.jpg,JEGPDJQLK,severe_stress,test
JEGPDJQLK_1358-9916-1870-10428.jpg,JEGPDJQLK,severe_stress,test
JEGPDJQLK_1405-10324-1917-10836.jpg,JEGPDJQLK,severe_stress,test
JEGPDJQLK_1405-10836-1917-11348.jpg,JEGPDJQLK,severe_stress,test
JEGPDJQLK_1437-14775-1949-15287.jpg,JEGPDJQLK,severe_stress,test
JEGPDJQLK_1437-15287-1949-15799.jpg,JEGPDJQLK,severe_stress,test
JEGPDJQLK_1464-12651-1976-13163.jpg,JEGPDJQLK,severe_stress,test
JEGPDJQLK_1565-13158-2077-13670.jpg,JEGPDJQLK,severe_stress,test
JEGPDJQLK_1565-13670-2077-14182.jpg,JEGPDJQLK,severe_stress,test
JEGPDJQLK_1591-7325-2103-7837.jpg,JEGPDJQLK,severe_stress,test
JEGPDJQLK_1591-7837-2103-8349.jpg,JEGPDJQLK,severe_stress,test
JEGPDJQLK_1636-1351-2148-1863.jpg,JEGPDJQLK,severe_stress,test
JEGPDJQLK_1636-1863-2148-2375.jpg,JEGPDJQLK,severe_stress,test
JEGPDJQLK_1746-3637-2258-4149.jpg,JEGPDJQLK,severe_stress,test
JEGPDJQLK_1767-4878-2279-5390.jpg,JEGPDJQLK,severe_stress,test
JEGPDJQLK_1767-5390-2279-5902.jpg,JEGPDJQLK,severe_stress,test
JEGPDJQLK_1767-5902-2279-6414.jpg,JEGPDJQLK,severe_stress,test
JEGPDJQLK_1818-6675-2330-7187.jpg,JEGPDJQLK,severe_stress,test
JEGPDJQLK_1818-7187-2330-7699.jpg,JEGPDJQLK,severe_stress,test
JEGPDJQLK_1874-14499-2386-15011.jpg,JEGPDJQLK,severe_stress,test
JEGPDJQLK_1874-15011-2386-15523.jpg,JEGPDJQLK,severe_stress,test
JEGPDJQLK_1949-14775-2461-15287.jpg,JEGPDJQLK,severe_stress,test
JEGPDJQLK_1949-15287-2461-15799.jpg,JEGPDJQLK,severe_stress,test
JEGPDJQLK_2041-5615-2553-6127.jpg,JEGPDJQLK,severe_stress,test
JEGPDJQLK_2041-6127-2553-6639.jpg,JEGPDJQLK,severe_stress,test
JEGPDJQLK_2041-815-2553-1327.jpg,JEGPDJQLK,severe_stress,test
JEGPDJQLK_2077-13158-2589-13670.jpg,JEGPDJQLK,severe_stress,test
JEGPDJQLK_2077-13670-2589-14182.jpg,JEGPDJQLK,severe_stress,test
JEGPDJQLK_2148-1351-2660-1863.jpg,JEGPDJQLK,severe_stress,test
JEGPDJQLK_2258-3125-2770-3637.jpg,JEGPDJQLK,severe_stress,test
JEGPDJQLK_2258-3637-2770-4149.jpg,JEGPDJQLK,severe_stress,test
JEGPDJQLK_2294-15408-2806-15920.jpg,JEGPDJQLK,severe_stress,test
JEGPDJQLK_2330-6675-2842-7187.jpg,JEGPDJQLK,severe_stress,test
JEGPDJQLK_2330-7187-2842-7699.jpg,JEGPDJQLK,severe_stress,test
JEGPDJQLK_2386-14499-2898-15011.jpg,JEGPDJQLK,severe_stress,test
JEGPDJQLK_2386-15011-2898-15523.jpg,JEGPDJQLK,severe_stress,test
JEGPDJQLK_2396-4747-2908-5259.jpg,JEGPDJQLK,severe_stress,test
JEGPDJQLK_2396-5259-2908-5771.jpg,JEGPDJQLK,severe_stress,test
JEGPDJQLK_2530-2439-3042-2951.jpg,JEGPDJQLK,severe_stress,test
JEGPDJQLK_2553-5615-3065-6127.jpg,JEGPDJQLK,severe_stress,test
JEGPDJQLK_2553-6127-3065-6639.jpg,JEGPDJQLK,healthy,test
JEGPDJQLK_2555-499-3067-1011.jpg,JEGPDJQLK,severe_stress,test
JEGPDJQLK_2661-13854-3173-14366.jpg,JEGPDJQLK,severe_stress,test
JEGPDJQLK_2806-15408-3318-15920.jpg,JEGPDJQLK,severe_stress,test
JEGPDJQLK_2908-4747-3420-5259.jpg,JEGPDJQLK,severe_stress,test
JEGPDJQLK_2908-5259-3420-5771.jpg,JEGPDJQLK,severe_stress,test
JEGPDJQLK_2942-7973-3454-8485.jpg,JEGPDJQLK,severe_stress,test
JEGPDJQLK_2951-1995-3463-2507.jpg,JEGPDJQLK,severe_stress,test
JEGPDJQLK_2957-14721-3469-15233.jpg,JEGPDJQLK,severe_stress,test
JEGPDJQLK_2975-2308-3487-2820.jpg,JEGPDJQLK,severe_stress,test
JEGPDJQLK_3012-12875-3524-13387.jpg,JEGPDJQLK,severe_stress,test
JEGPDJQLK_3012-13387-3524-13899.jpg,JEGPDJQLK,severe_stress,test
JEGPDJQLK_3050-14337-3562-14849.jpg,JEGPDJQLK,severe_stress,test
JEGPDJQLK_3082-11921-3594-12433.jpg,JEGPDJQLK,severe_stress,test
JEGPDJQLK_3082-12433-3594-12945.jpg,JEGPDJQLK,severe_stress,test
JEGPDJQLK_3173-13854-3685-14366.jpg,JEGPDJQLK,severe_stress,test
JEGPDJQLK_3187-11380-3699-11892.jpg,JEGPDJQLK,severe_stress,test
JEGPDJQLK_3223-10537-3735-11049.jpg,JEGPDJQLK,severe_stress,test
JEGPDJQLK_3226-11735-3738-12247.jpg,JEGPDJQLK,severe_stress,test
JEGPDJQLK_334-8892-846-9404.jpg,JEGPDJQLK,severe_stress,test
JEGPDJQLK_334-9404-846-9916.jpg,JEGPDJQLK,healthy,test
JEGPDJQLK_3349-5279-3861-5791.jpg,JEGPDJQLK,severe_stress,test
JEGPDJQLK_3415-6101-3927-6613.jpg,JEGPDJQLK,severe_stress,test
JEGPDJQLK_3415-6613-3927-7125.jpg,JEGPDJQLK,severe_stress,test
JEGPDJQLK_3446-6903-3958-7415.jpg,JEGPDJQLK,severe_stress,test
JEGPDJQLK_3446-7415-3958-7927.jpg,JEGPDJQLK,severe_stress,test
JEGPDJQLK_3446-7927-3958-8439.jpg,JEGPDJQLK,severe_stress,test
JEGPDJQLK_3487-2308-3999-2820.jpg,JEGPDJQLK,severe_stress,test
JEGPDJQLK_3560-10970-4072-11482.jpg,JEGPDJQLK,healthy,test
JEGPDJQLK_3631-12705-4143-13217.jpg,JEGPDJQLK,severe_stress,test
JEGPDJQLK_3738-11735-4250-12247.jpg,JEGPDJQLK,severe_stress,test
JEGPDJQLK_385-7394-897-7906.jpg,JEGPDJQLK,severe_stress,test
JEGPDJQLK_3927-6101-4439-6613.jpg,JEGPDJQLK,severe_stress,test
JEGPDJQLK_3927-6613-4439-7125.jpg,JEGPDJQLK,severe_stress,test
JEGPDJQLK_3953-11095-4465-11607.jpg,JEGPDJQLK,healthy,test
JEGPDJQLK_3958-6903-4470-7415.jpg,JEGPDJQLK,severe_stress,test
JEGPDJQLK_3958-7415-4470-7927.jpg,JEGPDJQLK,severe_stress,test
JEGPDJQLK_3958-7927-4470-8439.jpg,JEGPDJQLK,severe_stress,test
JEGPDJQLK_4035-12363-4547-12875.jpg,JEGPDJQLK,severe_stress,test
JEGPDJQLK_4084-3583-4596-4095.jpg,JEGPDJQLK,severe_stress,test
JEGPDJQLK_4225-10890-4737-11402.jpg,JEGPDJQLK,severe_stress,test
JEGPDJQLK_4256-12012-4768-12524.jpg,JEGPDJQLK,severe_stress,test
JEGPDJQLK_4256-12524-4768-13036.jpg,JEGPDJQLK,severe_stress,test
JEGPDJQLK_4366-5041-4878-5553.jpg,JEGPDJQLK,severe_stress,test
JEGPDJQLK_4385-6394-4897-6906.jpg,JEGPDJQLK,severe_stress,test
JEGPDJQLK_4385-6906-4897-7418.jpg,JEGPDJQLK,severe_stress,test
JEGPDJQLK_4386-9999-4898-10511.jpg,JEGPDJQLK,severe_stress,test
JEGPDJQLK_4596-3583-5108-4095.jpg,JEGPDJQLK,severe_stress,test
JEGPDJQLK_4612-10227-5124-10739.jpg,JEGPDJQLK,severe_stress,test
JEGPDJQLK_4634-11224-5146-11736.jpg,JEGPDJQLK,severe_stress,test
JEGPDJQLK_4737-10890-5249-11402.jpg,JEGPDJQLK,severe_stress,test
JEGPDJQLK_4768-12012-5280-12524.jpg,JEGPDJQLK,severe_stress,test
JEGPDJQLK_4768-12524-5280-13036.jpg,JEGPDJQLK,severe_stress,test
JEGPDJQLK_4777-6761-5289-7273.jpg,JEGPDJQLK,severe_stress,test
JEGPDJQLK_4777-7273-5289-7785.jpg,JEGPDJQLK,severe_stress,test
JEGPDJQLK_4798-8859-5310-9371.jpg,JEGPDJQLK,severe_stress,test
JEGPDJQLK_4897-6394-5409-6906.jpg,JEGPDJQLK,severe_stress,test
JEGPDJQLK_490-3724-1002-4236.jpg,JEGPDJQLK,severe_stress,test
JEGPDJQLK_4936-3303-5448-3815.jpg,JEGPDJQLK,severe_stress,test
JEGPDJQLK_5053-10251-5565-10763.jpg,JEGPDJQLK,severe_stress,test
JEGPDJQLK_5053-9739-5565-10251.jpg,JEGPDJQLK,severe_stress,test
JEGPDJQLK_5146-11224-5658-11736.jpg,JEGPDJQLK,severe_stress,test
JEGPDJQLK_5239-8302-5751-8814.jpg,JEGPDJQLK,severe_stress,test
JEGPDJQLK_5239-8814-5751-9326.jpg,JEGPDJQLK,severe_stress,test
JEGPDJQLK_5249-10890-5761-11402.jpg,JEGPDJQLK,severe_stress,test
JEGPDJQLK_5280-12012-5792-12524.jpg,JEGPDJQLK,severe_stress,test
JEGPDJQLK_5280-12524-5792-13036.jpg,JEGPDJQLK,severe_stress,test
JEGPDJQLK_5326-10406-5838-10918.jpg,JEGPDJQLK,severe_stress,test
JEGPDJQLK_5344-2333-5856-2845.jpg,JEGPDJQLK,severe_stress,test
JEGPDJQLK_5344-2845-5856-3357.jpg,JEGPDJQLK,severe_stress,test
JEGPDJQLK_5448-3303-5960-3815.jpg,JEGPDJQLK,severe_stress,test
JEGPDJQLK_5497-6249-6009-6761.jpg,JEGPDJQLK,severe_stress,test
JEGPDJQLK_5497-6761-6009-7273.jpg,JEGPDJQLK,severe_stress,test
JEGPDJQLK_5497-7273-6009-7785.jpg,JEGPDJQLK,severe_stress,test
JEGPDJQLK_5497-7785-6009-8297.jpg,JEGPDJQLK,severe_stress,test
JEGPDJQLK_5565-10251-6077-10763.jpg,JEGPDJQLK,severe_stress,test
JEGPDJQLK_5565-9739-6077-10251.jpg,JEGPDJQLK,severe_stress,test
JEGPDJQLK_5751-8302-6263-8814.jpg,JEGPDJQLK,severe_stress,test
JEGPDJQLK_5751-8814-6263-9326.jpg,JEGPDJQLK,severe_stress,test
JEGPDJQLK_5792-12012-6304-12524.jpg,JEGPDJQLK,severe_stress,test
JEGPDJQLK_5792-12524-6304-13036.jpg,JEGPDJQLK,healthy,test
JEGPDJQLK_5801-7273-6313-7785.jpg,JEGPDJQLK,severe_stress,test
JEGPDJQLK_5838-10406-6350-10918.jpg,JEGPDJQLK,severe_stress,test
JEGPDJQLK_5838-10918-6350-11430.jpg,JEGPDJQLK,severe_stress,test
JEGPDJQLK_6009-6249-6521-6761.jpg,JEGPDJQLK,severe_stress,test
JEGPDJQLK_6009-6761-6521-7273.jpg,JEGPDJQLK,severe_stress,test
JEGPDJQLK_6009-7785-6521-8297.jpg,JEGPDJQLK,severe_stress,test
JEGPDJQLK_6012-5012-6524-5524.jpg,JEGPDJQLK,severe_stress,test
JEGPDJQLK_6012-5524-6524-6036.jpg,JEGPDJQLK,severe_stress,test
JEGPDJQLK_6174-9611-6686-10123.jpg,JEGPDJQLK,severe_stress,test
JEGPDJQLK_6263-8302-6775-8814.jpg,JEGPDJQLK,severe_stress,test
JEGPDJQLK_6263-8814-6775-9326.jpg,JEGPDJQLK,severe_stress,test
JEGPDJQLK_6413-9792-6925-10304.jpg,JEGPDJQLK,severe_stress,test
JEGPDJQLK_6521-6761-7033-7273.jpg,JEGPDJQLK,severe_stress,test
JEGPDJQLK_6521-7785-7033-8297.jpg,JEGPDJQLK,severe_stress,test
JEGPDJQLK_6524-5012-7036-5524.jpg,JEGPDJQLK,severe_stress,test
JEGPDJQLK_6524-5524-7036-6036.jpg,JEGPDJQLK,severe_stress,test
JEGPDJQLK_653-6106-1165-6618.jpg,JEGPDJQLK,severe_stress,test
JEGPDJQLK_653-6618-1165-7130.jpg,JEGPDJQLK,severe_stress,test
JEGPDJQLK_653-7130-1165-7642.jpg,JEGPDJQLK,severe_stress,test
JEGPDJQLK_6775-8302-7287-8814.jpg,JEGPDJQLK,severe_stress,test
JEGPDJQLK_6775-8814-7287-9326.jpg,JEGPDJQLK,severe_stress,test
JEGPDJQLK_6925-9792-7437-10304.jpg,JEGPDJQLK,severe_stress,test
JEGPDJQLK_7033-6761-7545-7273.jpg,JEGPDJQLK,healthy,test
JEGPDJQLK_7033-7273-7545-7785.jpg,JEGPDJQLK,severe_stress,test
JEGPDJQLK_7159-4930-7671-5442.jpg,JEGPDJQLK,severe_stress,test
JEGPDJQLK_7287-8302-7799-8814.jpg,JEGPDJQLK,severe_stress,test
JEGPDJQLK_749-13099-1261-13611.jpg,JEGPDJQLK,severe_stress,test
JEGPDJQLK_749-13611-1261-14123.jpg,JEGPDJQLK,severe_stress,test
JEGPDJQLK_7514-7040-8026-7552.jpg,JEGPDJQLK,severe_stress,test
JEGPDJQLK_7618-6122-8130-6634.jpg,JEGPDJQLK,healthy,test
JEGPDJQLK_7662-9315-8174-9827.jpg,JEGPDJQLK,severe_stress,test
JEGPDJQLK_7662-9827-8174-10339.jpg,JEGPDJQLK,severe_stress,test
JEGPDJQLK_7671-4930-8183-5442.jpg,JEGPDJQLK,severe_stress,test
JEGPDJQLK_7730-7861-8242-8373.jpg,JEGPDJQLK,severe_stress,test
JEGPDJQLK_7730-8373-8242-8885.jpg,JEGPDJQLK,severe_stress,test
JEGPDJQLK_7730-8885-8242-9397.jpg,JEGPDJQLK,severe_stress,test
JEGPDJQLK_7906-7183-8418-7695.jpg,JEGPDJQLK,severe_stress,test
JEGPDJQLK_7949-9792-8461-10304.jpg,JEGPDJQLK,severe_stress,test
JEGPDJQLK_8037-6173-8549-6685.jpg,JEGPDJQLK,healthy,test
JEGPDJQLK_8037-6685-8549-7197.jpg,JEGPDJQLK,severe_stress,test
JEGPDJQLK_8174-9315-8686-9827.jpg,JEGPDJQLK,severe_stress,test
JEGPDJQLK_8242-7861-8754-8373.jpg,JEGPDJQLK,severe_stress,test
JEGPDJQLK_8242-8373-8754-8885.jpg,JEGPDJQLK,severe_stress,test
JEGPDJQLK_8242-8885-8754-9397.jpg,JEGPDJQLK,severe_stress,test
JEGPDJQLK_846-8892-1358-9404.jpg,JEGPDJQLK,severe_stress,test
JEGPDJQLK_846-9404-1358-9916.jpg,JEGPDJQLK,severe_stress,test
JEGPDJQLK_846-9916-1358-10428.jpg,JEGPDJQLK,severe_stress,test
JEGPDJQLK_8521-5653-9033-6165.jpg,JEGPDJQLK,healthy,test
JEGPDJQLK_8544-9051-9056-9563.jpg,JEGPDJQLK,severe_stress,test
JEGPDJQLK_8549-6173-9061-6685.jpg,JEGPDJQLK,severe_stress,test
JEGPDJQLK_8549-6685-9061-7197.jpg,JEGPDJQLK,severe_stress,test
JEGPDJQLK_8549-7197-9061-7709.jpg,JEGPDJQLK,severe_stress,test
JEGPDJQLK_8592-8565-9104-9077.jpg,JEGPDJQLK,severe_stress,test
JEGPDJQLK_8633-7604-9145-8116.jpg,JEGPDJQLK,severe_stress,test
JEGPDJQLK_8633-8116-9145-8628.jpg,JEGPDJQLK,severe_stress,test
JEGPDJQLK_8686-9315-9198-9827.jpg,JEGPDJQLK,severe_stress,test
JEGPDJQLK_8686-9827-9198-10339.jpg,JEGPDJQLK,severe_stress,test
JEGPDJQLK_874-1317-1386-1829.jpg,JEGPDJQLK,severe_stress,test
JEGPDJQLK_893-10324-1405-10836.jpg,JEGPDJQLK,healthy,test
JEGPDJQLK_893-10836-1405-11348.jpg,JEGPDJQLK,severe_stress,test
JEGPDJQLK_897-7394-1409-7906.jpg,JEGPDJQLK,severe_stress,test
JEGPDJQLK_9061-6685-9573-7197.jpg,JEGPDJQLK,severe_stress,test
JEGPDJQLK_9061-7197-9573-7709.jpg,JEGPDJQLK,severe_stress,test
JEGPDJQLK_918-14354-1430-14866.jpg,JEGPDJQLK,severe_stress,test
JEGPDJQLK_925-15287-1437-15799.jpg,JEGPDJQLK,severe_stress,test
JEGPDJQLK_9590-5866-10102-6378.jpg,JEGPDJQLK,severe_stress,test
JEGPDJQLK_9590-6378-10102-6890.jpg,JEGPDJQLK,severe_stress,test
JEGPDJQLK_9708-6757-10220-7269.jpg,JEGPDJQLK,severe_stress,test
JEGPDJQLK_9708-7269-10220-7781.jpg,JEGPDJQLK,severe_stress,test
JEGPDJQLK_9761-4988-10273-5500.jpg,JEGPDJQLK,severe_stress,test
JEGPDJQLK_991-654-1503-1166.jpg,JEGPDJQLK,severe_stress,test
JEGPDJQLK_9989-7387-10501-7899.jpg,JEGPDJQLK,severe_stress,test
KAW6W2TAI_1043-1436-1555-1948.jpg,KAW6W2TAI,healthy,test
KAW6W2TAI_1347-3775-1859-4287.jpg,KAW6W2TAI,healthy,test
KAW6W2TAI_1520-3542-2032-4054.jpg,KAW6W2TAI,healthy,test
KAW6W2TAI_1532-4903-2044-5415.jpg,KAW6W2TAI,severe_stress,test
KAW6W2TAI_1772-1164-2284-1676.jpg,KAW6W2TAI,healthy,test
KAW6W2TAI_1803-4844-2315-5356.jpg,KAW6W2TAI,severe_stress,test
KAW6W2TAI_2400-1594-2912-2106.jpg,KAW6W2TAI,healthy,test
KAW6W2TAI_2721-467-3233-979.jpg,KAW6W2TAI,healthy,test
KAW6W2TAI_2800-2316-3312-2828.jpg,KAW6W2TAI,healthy,test
KAW6W2TAI_2862-4390-3374-4902.jpg,KAW6W2TAI,healthy,test
KAW6W2TAI_3055-1618-3567-2130.jpg,KAW6W2TAI,healthy,test
KAW6W2TAI_3277-2860-3789-3372.jpg,KAW6W2TAI,severe_stress,test
KAW6W2TAI_336-4755-848-5267.jpg,KAW6W2TAI,severe_stress,test
KAW6W2TAI_494-2066-1006-2578.jpg,KAW6W2TAI,healthy,test
KAW6W2TAI_4944-303-5456-815.jpg,KAW6W2TAI,healthy,test
KAW6W2TAI_540-3975-1052-4487.jpg,KAW6W2TAI,severe_stress,test
KAW6W2TAI_702-4854-1214-5366.jpg,KAW6W2TAI,severe_stress,test
KAW6W2TAI_781-914-1293-1426.jpg,KAW6W2TAI,healthy,test
KAW6W2TAI_826-4236-1338-4748.jpg,KAW6W2TAI,healthy,test
L4QE9KQ3P_1933-482-2445-994.jpg,L4QE9KQ3P,healthy,test
L4QE9KQ3P_3161-523-3673-1035.jpg,L4QE9KQ3P,healthy,test
L4QE9KQ3P_3487-558-3999-1070.jpg,L4QE9KQ3P,healthy,test
L4QE9KQ3P_3854-3022-4366-3534.jpg,L4QE9KQ3P,moderate_stress,test
L4QE9KQ3P_4704-1502-5216-2014.jpg,L4QE9KQ3P,moderate_stress,test
L4QE9KQ3P_5511-1490-6023-2002.jpg,L4QE9KQ3P,moderate_stress,test
L4QE9KQ3P_757-1314-1269-1826.jpg,L4QE9KQ3P,moderate_stress,test
L4QE9KQ3P_933-1129-1445-1641.jpg,L4QE9KQ3P,moderate_stress,test
LKLNNLLB1_1391-562-1903-1074.jpg,LKLNNLLB1,healthy,test
LKLNNLLB1_506-354-1018-866.jpg,LKLNNLLB1,healthy,test
LM66U3DUB_4032-2022-4544-2534.jpg,LM66U3DUB,severe_stress,test
LM66U3DUB_4176-1407-4688-1919.jpg,LM66U3DUB,healthy,test
LM66U3DUB_4517-1222-5029-1734.jpg,LM66U3DUB,healthy,test
LX7WA1IQT_3377-3013-3889-3525.jpg,LX7WA1IQT,healthy,test
LX7WA1IQT_4413-6980-4925-7492.jpg,LX7WA1IQT,moderate_stress,test
LXVEZ99M7_3187-1072-3699-1584.jpg,LXVEZ99M7,healthy,test
LXVEZ99M7_3342-1402-3854-1914.jpg,LXVEZ99M7,moderate_stress,test
LXVEZ99M7_3416-2055-3928-2567.jpg,LXVEZ99M7,healthy,test
LXVEZ99M7_3446-2601-3958-3113.jpg,LXVEZ99M7,moderate_stress,test
LXVEZ99M7_3482-3121-3994-3633.jpg,LXVEZ99M7,moderate_stress,test
LXVEZ99M7_3497-3426-4009-3938.jpg,LXVEZ99M7,moderate_stress,test
MCURJ63YU_239-2648-751-3160.jpg,MCURJ63YU,moderate_stress,test
MCURJ63YU_2713-1681-3225-2193.jpg,MCURJ63YU,moderate_stress,test
MCURJ63YU_325-780-837-1292.jpg,MCURJ63YU,moderate_stress,test
MCURJ63YU_3524-2735-4036-3247.jpg,MCURJ63YU,moderate_stress,test
MPP6NDGEH_1042-4961-1554-5473.jpg,MPP6NDGEH,moderate_stress,test
MPP6NDGEH_1554-4961-2066-5473.jpg,MPP6NDGEH,moderate_stress,test
MPP6NDGEH_3539-5106-4051-5618.jpg,MPP6NDGEH,moderate_stress,test
MQ7XTBJMX_193-2746-705-3258.jpg,MQ7XTBJMX,healthy,test
MQ7XTBJMX_206-1844-718-2356.jpg,MQ7XTBJMX,healthy,test
MQ7XTBJMX_234-604-746-1116.jpg,MQ7XTBJMX,healthy,test
MQ7XTBJMX_635-1971-1147-2483.jpg,MQ7XTBJMX,moderate_stress,test
MQ7XTBJMX_732-962-1244-1474.jpg,MQ7XTBJMX,healthy,test
MQ7XTBJMX_804-1789-1316-2301.jpg,MQ7XTBJMX,moderate_stress,test
N26ENRTDT_300-1683-812-2195.jpg,N26ENRTDT,healthy,test
NGH9QUP8J_2674-3985-3186-4497.jpg,NGH9QUP8J,moderate_stress,test
NGH9QUP8J_3356-5347-3868-5859.jpg,NGH9QUP8J,moderate_stress,test
NGH9QUP8J_5151-600-5663-1112.jpg,NGH9QUP8J,healthy,test
PL8RI7AEI_3726-2132-4238-2644.jpg,PL8RI7AEI,moderate_stress,test
PL8RI7AEI_3865-2427-4377-2939.jpg,PL8RI7AEI,moderate_stress,test
PTLDQR23E_2916-4647-3428-5159.jpg,PTLDQR23E,moderate_stress,test
PTLDQR23E_3346-600-3858-1112.jpg,PTLDQR23E,healthy,test
PTLDQR23E_3730-489-4242-1001.jpg,PTLDQR23E,moderate_stress,test
PTLDQR23E_3831-5372-4343-5884.jpg,PTLDQR23E,healthy,test
PTLDQR23E_5131-5386-5643-5898.jpg,PTLDQR23E,healthy,test
PTLDQR23E_5223-2758-5735-3270.jpg,PTLDQR23E,moderate_stress,test
PTLDQR23E_903-2918-1415-3430.jpg,PTLDQR23E,moderate_stress,test
Q1MKJIVJU_1087-1107-1599-1619.jpg,Q1MKJIVJU,moderate_stress,test
Q1MKJIVJU_1122-635-1634-1147.jpg,Q1MKJIVJU,moderate_stress,test
Q1MKJIVJU_1452-3881-1964-4393.jpg,Q1MKJIVJU,moderate_stress,test
Q1MKJIVJU_1964-3881-2476-4393.jpg,Q1MKJIVJU,moderate_stress,test
Q1MKJIVJU_370-364-882-876.jpg,Q1MKJIVJU,moderate_stress,test
Q1MKJIVJU_370-876-882-1388.jpg,Q1MKJIVJU,moderate_stress,test
Q1MKJIVJU_952-854-1464-1366.jpg,Q1MKJIVJU,moderate_stress,test
QE9JZUZXM_2591-1600-3103-2112.jpg,QE9JZUZXM,healthy,test
QE9JZUZXM_3858-1825-4370-2337.jpg,QE9JZUZXM,severe_stress,test
QE9JZUZXM_5126-5016-5638-5528.jpg,QE9JZUZXM,healthy,test
QM9ZI8AP6_10235-327-10747-839.jpg,QM9ZI8AP6,severe_stress,test
QM9ZI8AP6_10747-327-11259-839.jpg,QM9ZI8AP6,severe_stress,test
QM9ZI8AP6_11216-352-11728-864.jpg,QM9ZI8AP6,severe_stress,test
QM9ZI8AP6_11728-352-12240-864.jpg,QM9ZI8AP6,severe_stress,test
QM9ZI8AP6_11728-864-12240-1376.jpg,QM9ZI8AP6,severe_stress,test
QM9ZI8AP6_12240-352-12752-864.jpg,QM9ZI8AP6,severe_stress,test
QM9ZI8AP6_12240-864-12752-1376.jpg,QM9ZI8AP6,healthy,test
QM9ZI8AP6_1356-6921-1868-7433.jpg,QM9ZI8AP6,severe_stress,test
QM9ZI8AP6_1868-6921-2380-7433.jpg,QM9ZI8AP6,severe_stress,test
QM9ZI8AP6_2959-6672-3471-7184.jpg,QM9ZI8AP6,severe_stress,test
QM9ZI8AP6_2992-3836-3504-4348.jpg,QM9ZI8AP6,severe_stress,test
QM9ZI8AP6_3008-4146-3520-4658.jpg,QM9ZI8AP6,severe_stress,test
QM9ZI8AP6_3037-4985-3549-5497.jpg,QM9ZI8AP6,severe_stress,test
QM9ZI8AP6_3037-5497-3549-6009.jpg,QM9ZI8AP6,severe_stress,test
QM9ZI8AP6_3068-4433-3580-4945.jpg,QM9ZI8AP6,severe_stress,test
QM9ZI8AP6_3266-7029-3778-7541.jpg,QM9ZI8AP6,severe_stress,test
QM9ZI8AP6_3391-4659-3903-5171.jpg,QM9ZI8AP6,severe_stress,test
QM9ZI8AP6_3588-6521-4100-7033.jpg,QM9ZI8AP6,severe_stress,test
QM9ZI8AP6_3588-7033-4100-7545.jpg,QM9ZI8AP6,severe_stress,test
QM9ZI8AP6_3594-3181-4106-3693.jpg,QM9ZI8AP6,severe_stress,test
QM9ZI8AP6_3594-3693-4106-4205.jpg,QM9ZI8AP6,severe_stress,test
QM9ZI8AP6_3782-4893-4294-5405.jpg,QM9ZI8AP6,severe_stress,test
QM9ZI8AP6_3856-3609-4368-4121.jpg,QM9ZI8AP6,severe_stress,test
QM9ZI8AP6_3931-4037-4443-4549.jpg,QM9ZI8AP6,severe_stress,test
QM9ZI8AP6_3931-4549-4443-5061.jpg,QM9ZI8AP6,severe_stress,test
QM9ZI8AP6_3998-2936-4510-3448.jpg,QM9ZI8AP6,severe_stress,test
QM9ZI8AP6_4073-3850-4585-4362.jpg,QM9ZI8AP6,severe_stress,test
QM9ZI8AP6_4100-6521-4612-7033.jpg,QM9ZI8AP6,severe_stress,test
QM9ZI8AP6_4100-7033-4612-7545.jpg,QM9ZI8AP6,severe_stress,test
QM9ZI8AP6_4196-3460-4708-3972.jpg,QM9ZI8AP6,severe_stress,test
QM9ZI8AP6_4212-4253-4724-4765.jpg,QM9ZI8AP6,severe_stress,test
QM9ZI8AP6_4212-4765-4724-5277.jpg,QM9ZI8AP6,severe_stress,test
QM9ZI8AP6_4280-3144-4792-3656.jpg,QM9ZI8AP6,severe_stress,test
QM9ZI8AP6_4284-6348-4796-6860.jpg,QM9ZI8AP6,severe_stress,test
QM9ZI8AP6_4284-6860-4796-7372.jpg,QM9ZI8AP6,severe_stress,test
QM9ZI8AP6_4341-5016-4853-5528.jpg,QM9ZI8AP6,severe_stress,test
QM9ZI8AP6_4401-5534-4913-6046.jpg,QM9ZI8AP6,severe_stress,test
QM9ZI8AP6_4401-6046-4913-6558.jpg,QM9ZI8AP6,severe_stress,test
QM9ZI8AP6_4501-2106-5013-2618.jpg,QM9ZI8AP6,severe_stress,test
QM9ZI8AP6_4612-6521-5124-7033.jpg,QM9ZI8AP6,severe_stress,test
QM9ZI8AP6_4612-7033-5124-7545.jpg,QM9ZI8AP6,severe_stress,test
QM9ZI8AP6_4722-5348-5234-5860.jpg,QM9ZI8AP6,severe_stress,test
QM9ZI8AP6_4722-5860-5234-6372.jpg,QM9ZI8AP6,severe_stress,test
QM9ZI8AP6_5124-6521-5636-7033.jpg,QM9ZI8AP6,severe_stress,test
QM9ZI8AP6_5124-7033-5636-7545.jpg,QM9ZI8AP6,severe_stress,test
QM9ZI8AP6_5160-3144-5672-3656.jpg,QM9ZI8AP6,severe_stress,test
QM9ZI8AP6_5160-3656-5672-4168.jpg,QM9ZI8AP6,severe_stress,test
QM9ZI8AP6_5234-5348-5746-5860.jpg,QM9ZI8AP6,severe_stress,test
QM9ZI8AP6_5234-5860-5746-6372.jpg,QM9ZI8AP6,severe_stress,test
QM9ZI8AP6_5286-6256-5798-6768.jpg,QM9ZI8AP6,severe_stress,test
QM9ZI8AP6_5286-6768-5798-7280.jpg,QM9ZI8AP6,severe_stress,test
QM9ZI8AP6_5636-6521-6148-7033.jpg,QM9ZI8AP6,severe_stress,test
QM9ZI8AP6_5636-7033-6148-7545.jpg,QM9ZI8AP6,severe_stress,test
QM9ZI8AP6_5731-3194-6243-3706.jpg,QM9ZI8AP6,severe_stress,test
QM9ZI8AP6_5731-3706-6243-4218.jpg,QM9ZI8AP6,severe_stress,test
QM9ZI8AP6_5746-5860-6258-6372.jpg,QM9ZI8AP6,severe_stress,test
QM9ZI8AP6_5753-2899-6265-3411.jpg,QM9ZI8AP6,severe_stress,test
QM9ZI8AP6_5771-961-6283-1473.jpg,QM9ZI8AP6,severe_stress,test
QM9ZI8AP6_5798-6256-6310-6768.jpg,QM9ZI8AP6,severe_stress,test
QM9ZI8AP6_5798-6768-6310-7280.jpg,QM9ZI8AP6,severe_stress,test
QM9ZI8AP6_5801-4824-6313-5336.jpg,QM9ZI8AP6,severe_stress,test
QM9ZI8AP6_5801-5336-6313-5848.jpg,QM9ZI8AP6,severe_stress,test
QM9ZI8AP6_6036-677-6548-1189.jpg,QM9ZI8AP6,severe_stress,test
QM9ZI8AP6_6054-2932-6566-3444.jpg,QM9ZI8AP6,severe_stress,test
QM9ZI8AP6_6243-3194-6755-3706.jpg,QM9ZI8AP6,severe_stress,test
QM9ZI8AP6_6243-3706-6755-4218.jpg,QM9ZI8AP6,healthy,test
QM9ZI8AP6_6273-1674-6785-2186.jpg,QM9ZI8AP6,severe_stress,test
QM9ZI8AP6_6275-1114-6787-1626.jpg,QM9ZI8AP6,severe_stress,test
QM9ZI8AP6_6933-3272-7445-3784.jpg,QM9ZI8AP6,healthy,test
QM9ZI8AP6_6933-3784-7445-4296.jpg,QM9ZI8AP6,severe_stress,test
QM9ZI8AP6_6933-4296-7445-4808.jpg,QM9ZI8AP6,severe_stress,test
QM9ZI8AP6_6933-4808-7445-5320.jpg,QM9ZI8AP6,severe_stress,test
QM9ZI8AP6_6933-5320-7445-5832.jpg,QM9ZI8AP6,severe_stress,test
QM9ZI8AP6_6933-5832-7445-6344.jpg,QM9ZI8AP6,severe_stress,test
QM9ZI8AP6_6933-6344-7445-6856.jpg,QM9ZI8AP6,severe_stress,test
QM9ZI8AP6_6933-6856-7445-7368.jpg,QM9ZI8AP6,severe_stress,test
QM9ZI8AP6_7263-1234-7775-1746.jpg,QM9ZI8AP6,severe_stress,test
QM9ZI8AP6_7335-2059-7847-2571.jpg,QM9ZI8AP6,severe_stress,test
QM9ZI8AP6_7445-3272-7957-3784.jpg,QM9ZI8AP6,healthy,test
QM9ZI8AP6_7445-3784-7957-4296.jpg,QM9ZI8AP6,severe_stress,test
QM9ZI8AP6_7445-4296-7957-4808.jpg,QM9ZI8AP6,severe_stress,test
QM9ZI8AP6_7445-4808-7957-5320.jpg,QM9ZI8AP6,severe_stress,test
QM9ZI8AP6_7445-6856-7957-7368.jpg,QM9ZI8AP6,severe_stress,test
QM9ZI8AP6_7562-1292-8074-1804.jpg,QM9ZI8AP6,severe_stress,test
QM9ZI8AP6_7957-5320-8469-5832.jpg,QM9ZI8AP6,healthy,test
QM9ZI8AP6_7957-5832-8469-6344.jpg,QM9ZI8AP6,severe_stress,test
QM9ZI8AP6_7957-6344-8469-6856.jpg,QM9ZI8AP6,severe_stress,test
QM9ZI8AP6_7957-6856-8469-7368.jpg,QM9ZI8AP6,severe_stress,test
QM9ZI8AP6_9211-327-9723-839.jpg,QM9ZI8AP6,severe_stress,test
QM9ZI8AP6_9723-327-10235-839.jpg,QM9ZI8AP6,severe_stress,test
RUFDLL8XI_1108-2957-1620-3469.jpg,RUFDLL8XI,severe_stress,test
RUFDLL8XI_1108-3469-1620-3981.jpg,RUFDLL8XI,severe_stress,test
RUFDLL8XI_1216-2598-1728-3110.jpg,RUFDLL8XI,severe_stress,test
RUFDLL8XI_1381-3946-1893-4458.jpg,RUFDLL8XI,severe_stress,test
RUFDLL8XI_1517-4598-2029-5110.jpg,RUFDLL8XI,severe_stress,test
RUFDLL8XI_1517-5110-2029-5622.jpg,RUFDLL8XI,severe_stress,test
RUFDLL8XI_1772-2662-2284-3174.jpg,RUFDLL8XI,severe_stress,test
RUFDLL8XI_1819-4027-2331-4539.jpg,RUFDLL8XI,severe_stress,test
RUFDLL8XI_1855-3215-2367-3727.jpg,RUFDLL8XI,severe_stress,test
RUFDLL8XI_1893-4458-2405-4970.jpg,RUFDLL8XI,severe_stress,test
RUFDLL8XI_1964-2498-2476-3010.jpg,RUFDLL8XI,severe_stress,test
RUFDLL8XI_1996-5006-2508-5518.jpg,RUFDLL8XI,severe_stress,test
RUFDLL8XI_2088-2739-2600-3251.jpg,RUFDLL8XI,severe_stress,test
RUFDLL8XI_2090-4054-2602-4566.jpg,RUFDLL8XI,severe_stress,test
RUFDLL8XI_2262-4722-2774-5234.jpg,RUFDLL8XI,severe_stress,test
RUFDLL8XI_2289-3033-2801-3545.jpg,RUFDLL8XI,severe_stress,test
RUFDLL8XI_2631-5087-3143-5599.jpg,RUFDLL8XI,severe_stress,test
RUFDLL8XI_2691-2001-3203-2513.jpg,RUFDLL8XI,severe_stress,test
RUFDLL8XI_2823-3738-3335-4250.jpg,RUFDLL8XI,severe_stress,test
RUFDLL8XI_3156-3513-3668-4025.jpg,RUFDLL8XI,severe_stress,test
RUFDLL8XI_322-1991-834-2503.jpg,RUFDLL8XI,severe_stress,test
RUFDLL8XI_322-2503-834-3015.jpg,RUFDLL8XI,severe_stress,test
RUFDLL8XI_3283-3944-3795-4456.jpg,RUFDLL8XI,severe_stress,test
RUFDLL8XI_3668-3513-4180-4025.jpg,RUFDLL8XI,severe_stress,test
RUFDLL8XI_3668-4025-4180-4537.jpg,RUFDLL8XI,severe_stress,test
RUFDLL8XI_596-2957-1108-3469.jpg,RUFDLL8XI,severe_stress,test
RUFDLL8XI_596-3469-1108-3981.jpg,RUFDLL8XI,severe_stress,test
RUFDLL8XI_650-2215-1162-2727.jpg,RUFDLL8XI,severe_stress,test
RUFDLL8XI_704-2598-1216-3110.jpg,RUFDLL8XI,severe_stress,test
RUFDLL8XI_980-3903-1492-4415.jpg,RUFDLL8XI,severe_stress,test
UCQL67E73_1098-2030-1610-2542.jpg,UCQL67E73,moderate_stress,test
UCQL67E73_2063-480-2575-992.jpg,UCQL67E73,healthy,test
UCQL67E73_438-2501-950-3013.jpg,UCQL67E73,moderate_stress,test
UCQL67E73_688-2611-1200-3123.jpg,UCQL67E73,moderate_stress,test
UKZETNFC1_1397-4362-1909-4874.jpg,UKZETNFC1,moderate_stress,test
UKZETNFC1_1518-2477-2030-2989.jpg,UKZETNFC1,moderate_stress,test
UKZETNFC1_1909-4693-2421-5205.jpg,UKZETNFC1,moderate_stress,test
UKZETNFC1_2192-4860-2704-5372.jpg,UKZETNFC1,moderate_stress,test
UKZETNFC1_3325-4285-3837-4797.jpg,UKZETNFC1,moderate_stress,test
UKZETNFC1_3647-4586-4159-5098.jpg,UKZETNFC1,moderate_stress,test
UKZETNFC1_3647-5098-4159-5610.jpg,UKZETNFC1,moderate_stress,test
V8RDQZDXB_2958-5350-3470-5862.jpg,V8RDQZDXB,healthy,test
V8RDQZDXB_5511-2625-6023-3137.jpg,V8RDQZDXB,healthy,test
V8RDQZDXB_5565-2923-6077-3435.jpg,V8RDQZDXB,moderate_stress,test
V8RDQZDXB_5565-3435-6077-3947.jpg,V8RDQZDXB,moderate_stress,test
V9NKMEQ4T_1180-2496-1692-3008.jpg,V9NKMEQ4T,moderate_stress,test
V9NKMEQ4T_1692-2496-2204-3008.jpg,V9NKMEQ4T,moderate_stress,test
V9NKMEQ4T_251-2482-763-2994.jpg,V9NKMEQ4T,moderate_stress,test
V9NKMEQ4T_2683-1410-3195-1922.jpg,V9NKMEQ4T,moderate_stress,test
V9NKMEQ4T_7131-5268-7643-5780.jpg,V9NKMEQ4T,moderate_stress,test
V9NKMEQ4T_7332-4785-7844-5297.jpg,V9NKMEQ4T,healthy,test
V9NKMEQ4T_7951-5332-8463-5844.jpg,V9NKMEQ4T,moderate_stress,test
V9NKMEQ4T_951-3580-1463-4092.jpg,V9NKMEQ4T,healthy,test
VCC28JCPQ_1601-2178-2113-2690.jpg,VCC28JCPQ,healthy,test
VCC28JCPQ_2438-2178-2950-2690.jpg,VCC28JCPQ,moderate_stress,test
VCC28JCPQ_978-1100-1490-1612.jpg,VCC28JCPQ,healthy,test
VE8HX6PL2_4509-3921-5021-4433.jpg,VE8HX6PL2,healthy,test
VE8HX6PL2_4783-4126-5295-4638.jpg,VE8HX6PL2,healthy,test
VJ1RGQPL8_1372-3057-1884-3569.jpg,VJ1RGQPL8,severe_stress,test
VJ1RGQPL8_175-3278-687-3790.jpg,VJ1RGQPL8,healthy,test
VJ1RGQPL8_301-3049-813-3561.jpg,VJ1RGQPL8,healthy,test
VLF3CERP7_1409-710-1921-1222.jpg,VLF3CERP7,moderate_stress,test
VLF3CERP7_1599-366-2111-878.jpg,VLF3CERP7,moderate_stress,test
VLF3CERP7_170-1419-682-1931.jpg,VLF3CERP7,healthy,test
VLF3CERP7_606-1111-1118-1623.jpg,VLF3CERP7,moderate_stress,test
VLF3CERP7_897-710-1409-1222.jpg,VLF3CERP7,moderate_stress,test
VR79EHB24_1603-1812-2115-2324.jpg,VR79EHB24,healthy,test
VR79EHB24_183-2641-695-3153.jpg,VR79EHB24,moderate_stress,test
VR79EHB24_225-295-737-807.jpg,VR79EHB24,moderate_stress,test
VR79EHB24_2526-982-3038-1494.jpg,VR79EHB24,healthy,test
VR79EHB24_2616-10421-3128-10933.jpg,VR79EHB24,healthy,test
VR79EHB24_5299-2847-5811-3359.jpg,VR79EHB24,healthy,test
VR79EHB24_5351-10412-5863-10924.jpg,VR79EHB24,healthy,test
VR79EHB24_5780-7529-6292-8041.jpg,VR79EHB24,healthy,test
VWN69VPZ3_1207-396-1719-908.jpg,VWN69VPZ3,moderate_stress,test
VWN69VPZ3_1621-481-2133-993.jpg,VWN69VPZ3,moderate_stress,test
VWN69VPZ3_1802-2057-2314-2569.jpg,VWN69VPZ3,moderate_stress,test
VWN69VPZ3_183-396-695-908.jpg,VWN69VPZ3,moderate_stress,test
VWN69VPZ3_183-908-695-1420.jpg,VWN69VPZ3,moderate_stress,test
VWN69VPZ3_1980-1342-2492-1854.jpg,VWN69VPZ3,moderate_stress,test
VWN69VPZ3_2102-1981-2614-2493.jpg,VWN69VPZ3,moderate_stress,test
VWN69VPZ3_2133-481-2645-993.jpg,VWN69VPZ3,moderate_stress,test
VWN69VPZ3_251-2175-763-2687.jpg,VWN69VPZ3,healthy,test
VWN69VPZ3_597-481-1109-993.jpg,VWN69VPZ3,moderate_stress,test
W8X33RQYQ_1323-5059-1835-5571.jpg,W8X33RQYQ,moderate_stress,test
W8X33RQYQ_1330-1170-1842-1682.jpg,W8X33RQYQ,moderate_stress,test
W8X33RQYQ_1473-4412-1985-4924.jpg,W8X33RQYQ,moderate_stress,test
W8X33RQYQ_1641-316-2153-828.jpg,W8X33RQYQ,healthy,test
W8X33RQYQ_1692-4607-2204-5119.jpg,W8X33RQYQ,moderate_stress,test
W8X33RQYQ_171-3336-683-3848.jpg,W8X33RQYQ,moderate_stress,test
W8X33RQYQ_171-3848-683-4360.jpg,W8X33RQYQ,moderate_stress,test
W8X33RQYQ_171-4360-683-4872.jpg,W8X33RQYQ,moderate_stress,test
W8X33RQYQ_171-4872-683-5384.jpg,W8X33RQYQ,moderate_stress,test
W8X33RQYQ_1761-4848-2273-5360.jpg,W8X33RQYQ,moderate_stress,test
W8X33RQYQ_1929-4371-2441-4883.jpg,W8X33RQYQ,moderate_stress,test
W8X33RQYQ_1937-412-2449-924.jpg,W8X33RQYQ,moderate_stress,test
W8X33RQYQ_1973-3976-2485-4488.jpg,W8X33RQYQ,moderate_stress,test
W8X33RQYQ_2160-3793-2672-4305.jpg,W8X33RQYQ,moderate_stress,test
W8X33RQYQ_2168-4227-2680-4739.jpg,W8X33RQYQ,moderate_stress,test
W8X33RQYQ_2202-4861-2714-5373.jpg,W8X33RQYQ,moderate_stress,test
W8X33RQYQ_2347-5059-2859-5571.jpg,W8X33RQYQ,moderate_stress,test
W8X33RQYQ_241-1850-753-2362.jpg,W8X33RQYQ,moderate_stress,test
W8X33RQYQ_241-2362-753-2874.jpg,W8X33RQYQ,moderate_stress,test
W8X33RQYQ_2428-4434-2940-4946.jpg,W8X33RQYQ,moderate_stress,test
W8X33RQYQ_2449-412-2961-924.jpg,W8X33RQYQ,moderate_stress,test
W8X33RQYQ_258-1459-770-1971.jpg,W8X33RQYQ,moderate_stress,test
W8X33RQYQ_2618-3601-3130-4113.jpg,W8X33RQYQ,moderate_stress,test
W8X33RQYQ_2715-617-3227-1129.jpg,W8X33RQYQ,moderate_stress,test
W8X33RQYQ_2859-5059-3371-5571.jpg,W8X33RQYQ,moderate_stress,test
W8X33RQYQ_2875-3530-3387-4042.jpg,W8X33RQYQ,moderate_stress,test
W8X33RQYQ_2875-4042-3387-4554.jpg,W8X33RQYQ,moderate_stress,test
W8X33RQYQ_2894-2874-3406-3386.jpg,W8X33RQYQ,moderate_stress,test
W8X33RQYQ_2961-412-3473-924.jpg,W8X33RQYQ,moderate_stress,test
W8X33RQYQ_3089-3260-3601-3772.jpg,W8X33RQYQ,moderate_stress,test
W8X33RQYQ_3170-3773-3682-4285.jpg,W8X33RQYQ,moderate_stress,test
W8X33RQYQ_3373-1952-3885-2464.jpg,W8X33RQYQ,moderate_stress,test
W8X33RQYQ_3373-2464-3885-2976.jpg,W8X33RQYQ,moderate_stress,test
W8X33RQYQ_3373-2976-3885-3488.jpg,W8X33RQYQ,moderate_stress,test
W8X33RQYQ_3373-3488-3885-4000.jpg,W8X33RQYQ,moderate_stress,test
W8X33RQYQ_3373-4000-3885-4512.jpg,W8X33RQYQ,moderate_stress,test
W8X33RQYQ_3373-4512-3885-5024.jpg,W8X33RQYQ,moderate_stress,test
W8X33RQYQ_3373-5024-3885-5536.jpg,W8X33RQYQ,moderate_stress,test
W8X33RQYQ_3373-928-3885-1440.jpg,W8X33RQYQ,moderate_stress,test
W8X33RQYQ_3440-1207-3952-1719.jpg,W8X33RQYQ,moderate_stress,test
W8X33RQYQ_3473-412-3985-924.jpg,W8X33RQYQ,moderate_stress,test
W8X33RQYQ_3481-1630-3993-2142.jpg,W8X33RQYQ,moderate_stress,test
W8X33RQYQ_3791-351-4303-863.jpg,W8X33RQYQ,moderate_stress,test
W8X33RQYQ_387-287-899-799.jpg,W8X33RQYQ,moderate_stress,test
W8X33RQYQ_3885-1952-4397-2464.jpg,W8X33RQYQ,moderate_stress,test
W8X33RQYQ_3885-2464-4397-2976.jpg,W8X33RQYQ,moderate_stress,test
W8X33RQYQ_3885-2976-4397-3488.jpg,W8X33RQYQ,moderate_stress,test
W8X33RQYQ_3885-4512-4397-5024.jpg,W8X33RQYQ,moderate_stress,test
W8X33RQYQ_3885-5024-4397-5536.jpg,W8X33RQYQ,moderate_stress,test
W8X33RQYQ_4052-1565-4564-2077.jpg,W8X33RQYQ,moderate_stress,test
W8X33RQYQ_4303-351-4815-863.jpg,W8X33RQYQ,moderate_stress,test
W8X33RQYQ_4303-863-4815-1375.jpg,W8X33RQYQ,moderate_stress,test
W8X33RQYQ_4397-2464-4909-2976.jpg,W8X33RQYQ,moderate_stress,test
W8X33RQYQ_4397-2976-4909-3488.jpg,W8X33RQYQ,moderate_stress,test
W8X33RQYQ_4397-4512-4909-5024.jpg,W8X33RQYQ,moderate_stress,test
W8X33RQYQ_4397-5024-4909-5536.jpg,W8X33RQYQ,moderate_stress,test
W8X33RQYQ_447-5070-959-5582.jpg,W8X33RQYQ,moderate_stress,test
W8X33RQYQ_4543-1374-5055-1886.jpg,W8X33RQYQ,moderate_stress,test
W8X33RQYQ_4543-1886-5055-2398.jpg,W8X33RQYQ,moderate_stress,test
W8X33RQYQ_4616-747-5128-1259.jpg,W8X33RQYQ,moderate_stress,test
W8X33RQYQ_4815-351-5327-863.jpg,W8X33RQYQ,moderate_stress,test
W8X33RQYQ_4909-1440-5421-1952.jpg,W8X33RQYQ,moderate_stress,test
W8X33RQYQ_4909-1952-5421-2464.jpg,W8X33RQYQ,moderate_stress,test
W8X33RQYQ_4909-2464-5421-2976.jpg,W8X33RQYQ,moderate_stress,test
W8X33RQYQ_4909-2976-5421-3488.jpg,W8X33RQYQ,moderate_stress,test
W8X33RQYQ_4909-3488-5421-4000.jpg,W8X33RQYQ,moderate_stress,test
W8X33RQYQ_4909-4000-5421-4512.jpg,W8X33RQYQ,moderate_stress,test
W8X33RQYQ_4909-4512-5421-5024.jpg,W8X33RQYQ,moderate_stress,test
W8X33RQYQ_4909-5024-5421-5536.jpg,W8X33RQYQ,moderate_stress,test
W8X33RQYQ_4909-928-5421-1440.jpg,W8X33RQYQ,moderate_stress,test
W8X33RQYQ_5040-638-5552-1150.jpg,W8X33RQYQ,moderate_stress,test
W8X33RQYQ_884-5093-1396-5605.jpg,W8X33RQYQ,healthy,test
W8X33RQYQ_899-287-1411-799.jpg,W8X33RQYQ,moderate_stress,test
W9CEC76LA_1531-2720-2043-3232.jpg,W9CEC76LA,severe_stress,test
W9CEC76LA_1531-3232-2043-3744.jpg,W9CEC76LA,severe_stress,test
W9CEC76LA_1868-1360-2380-1872.jpg,W9CEC76LA,severe_stress,test
W9CEC76LA_2005-2107-2517-2619.jpg,W9CEC76LA,severe_stress,test
W9CEC76LA_2043-2720-2555-3232.jpg,W9CEC76LA,severe_stress,test
W9CEC76LA_2043-3232-2555-3744.jpg,W9CEC76LA,severe_stress,test
W9CEC76LA_2043-3744-2555-4256.jpg,W9CEC76LA,severe_stress,test
W9CEC76LA_2338-3265-2850-3777.jpg,W9CEC76LA,severe_stress,test
W9CEC76LA_2338-3777-2850-4289.jpg,W9CEC76LA,severe_stress,test
W9CEC76LA_2380-1360-2892-1872.jpg,W9CEC76LA,severe_stress,test
W9CEC76LA_2517-2107-3029-2619.jpg,W9CEC76LA,severe_stress,test
W9CEC76LA_2517-2619-3029-3131.jpg,W9CEC76LA,severe_stress,test
W9CEC76LA_2759-1783-3271-2295.jpg,W9CEC76LA,severe_stress,test
W9CEC76LA_2759-2295-3271-2807.jpg,W9CEC76LA,severe_stress,test
W9CEC76LA_2797-1334-3309-1846.jpg,W9CEC76LA,severe_stress,test
W9CEC76LA_3271-1783-3783-2295.jpg,W9CEC76LA,severe_stress,test
W9CEC76LA_3271-2295-3783-2807.jpg,W9CEC76LA,severe_stress,test
W9CEC76LA_3309-1334-3821-1846.jpg,W9CEC76LA,severe_stress,test
W9CEC76LA_3309-822-3821-1334.jpg,W9CEC76LA,severe_stress,test
W9CEC76LA_3632-2041-4144-2553.jpg,W9CEC76LA,severe_stress,test
W9CEC76LA_3666-1267-4178-1779.jpg,W9CEC76LA,severe_stress,test
W9CEC76LA_3666-1779-4178-2291.jpg,W9CEC76LA,severe_stress,test
W9CEC76LA_4144-2041-4656-2553.jpg,W9CEC76LA,severe_stress,test
W9CEC76LA_4144-2553-4656-3065.jpg,W9CEC76LA,severe_stress,test
W9CEC76LA_4178-1267-4690-1779.jpg,W9CEC76LA,severe_stress,test
W9CEC76LA_4178-1779-4690-2291.jpg,W9CEC76LA,severe_stress,test
W9CEC76LA_4637-1193-5149-1705.jpg,W9CEC76LA,severe_stress,test
W9CEC76LA_5149-1193-5661-1705.jpg,W9CEC76LA,severe_stress,test
W9CEC76LA_5149-1705-5661-2217.jpg,W9CEC76LA,severe_stress,test
W9CEC76LA_5566-2044-6078-2556.jpg,W9CEC76LA,severe_stress,test
W9CEC76LA_5566-2556-6078-3068.jpg,W9CEC76LA,severe_stress,test
W9CEC76LA_5566-3068-6078-3580.jpg,W9CEC76LA,severe_stress,test
W9CEC76LA_5758-3293-6270-3805.jpg,W9CEC76LA,severe_stress,test
W9CEC76LA_5758-3805-6270-4317.jpg,W9CEC76LA,severe_stress,test
W9CEC76LA_6270-3805-6782-4317.jpg,W9CEC76LA,severe_stress,test
W9CEC76LA_6270-4317-6782-4829.jpg,W9CEC76LA,severe_stress,test
WEZI3PT8I_4554-702-5066-1214.jpg,WEZI3PT8I,healthy,test
WEZI3PT8I_6402-902-6914-1414.jpg,WEZI3PT8I,healthy,test
WEZI3PT8I_6982-2110-7494-2622.jpg,WEZI3PT8I,healthy,test
WEZI3PT8I_7432-889-7944-1401.jpg,WEZI3PT8I,moderate_stress,test
WP4UJZACN_1048-8433-1560-8945.jpg,WP4UJZACN,moderate_stress,test
WP4UJZACN_1215-6300-1727-6812.jpg,WP4UJZACN,moderate_stress,test
WP4UJZACN_2394-5469-2906-5981.jpg,WP4UJZACN,moderate_stress,test
WP4UJZACN_2528-8396-3040-8908.jpg,WP4UJZACN,moderate_stress,test
WP4UJZACN_2748-1714-3260-2226.jpg,WP4UJZACN,moderate_stress,test
WP4UJZACN_2801-8121-3313-8633.jpg,WP4UJZACN,moderate_stress,test
WP4UJZACN_2939-5373-3451-5885.jpg,WP4UJZACN,moderate_stress,test
WP4UJZACN_2989-10465-3501-10977.jpg,WP4UJZACN,moderate_stress,test
WP4UJZACN_3156-10026-3668-10538.jpg,WP4UJZACN,moderate_stress,test
WP4UJZACN_3213-5351-3725-5863.jpg,WP4UJZACN,moderate_stress,test
WP4UJZACN_3824-5358-4336-5870.jpg,WP4UJZACN,healthy,test
WP4UJZACN_392-9757-904-10269.jpg,WP4UJZACN,moderate_stress,test
X1ERDCQX2_2394-651-2906-1163.jpg,X1ERDCQX2,moderate_stress,test
X81IB62LP_1711-1795-2223-2307.jpg,X81IB62LP,moderate_stress,test
X81IB62LP_2223-1795-2735-2307.jpg,X81IB62LP,moderate_stress,test
X81IB62LP_3247-1795-3759-2307.jpg,X81IB62LP,moderate_stress,test
X81IB62LP_3759-1795-4271-2307.jpg,X81IB62LP,moderate_stress,test
X81IB62LP_4271-1795-4783-2307.jpg,X81IB62LP,moderate_stress,test
X81IB62LP_4680-3145-5192-3657.jpg,X81IB62LP,moderate_stress,test
X81IB62LP_4783-1795-5295-2307.jpg,X81IB62LP,moderate_stress,test
X81IB62LP_4783-2307-5295-2819.jpg,X81IB62LP,moderate_stress,test
X81IB62LP_4783-2819-5295-3331.jpg,X81IB62LP,moderate_stress,test
X81IB62LP_4940-2134-5452-2646.jpg,X81IB62LP,moderate_stress,test
X81IB62LP_5192-3145-5704-3657.jpg,X81IB62LP,moderate_stress,test
X81IB62LP_5210-1943-5722-2455.jpg,X81IB62LP,moderate_stress,test
X81IB62LP_5295-2307-5807-2819.jpg,X81IB62LP,moderate_stress,test
X81IB62LP_5295-2819-5807-3331.jpg,X81IB62LP,moderate_stress,test
X81IB62LP_5488-1747-6000-2259.jpg,X81IB62LP,moderate_stress,test
X81IB62LP_5807-1795-6319-2307.jpg,X81IB62LP,moderate_stress,test
X81IB62LP_5832-1317-6344-1829.jpg,X81IB62LP,moderate_stress,test
X81IB62LP_6344-1317-6856-1829.jpg,X81IB62LP,moderate_stress,test
X81IB62LP_6344-293-6856-805.jpg,X81IB62LP,healthy,test
X81IB62LP_6344-805-6856-1317.jpg,X81IB62LP,moderate_stress,test
X81IB62LP_6831-1283-7343-1795.jpg,X81IB62LP,moderate_stress,test
X81IB62LP_6856-293-7368-805.jpg,X81IB62LP,moderate_stress,test
X81IB62LP_6856-805-7368-1317.jpg,X81IB62LP,moderate_stress,test
X8K9Y6H26_1108-723-1620-1235.jpg,X8K9Y6H26,moderate_stress,test
X8K9Y6H26_1612-668-2124-1180.jpg,X8K9Y6H26,healthy,test
X8K9Y6H26_1679-4959-2191-5471.jpg,X8K9Y6H26,moderate_stress,test
X8K9Y6H26_1902-4833-2414-5345.jpg,X8K9Y6H26,moderate_stress,test
X8K9Y6H26_3197-4645-3709-5157.jpg,X8K9Y6H26,moderate_stress,test
X8K9Y6H26_3371-450-3883-962.jpg,X8K9Y6H26,moderate_stress,test
X8K9Y6H26_3546-4595-4058-5107.jpg,X8K9Y6H26,moderate_stress,test
X8K9Y6H26_3657-383-4169-895.jpg,X8K9Y6H26,moderate_stress,test
X8K9Y6H26_3796-613-4308-1125.jpg,X8K9Y6H26,moderate_stress,test
X8K9Y6H26_400-837-912-1349.jpg,X8K9Y6H26,moderate_stress,test
X8K9Y6H26_411-5069-923-5581.jpg,X8K9Y6H26,moderate_stress,test
X8K9Y6H26_732-793-1244-1305.jpg,X8K9Y6H26,moderate_stress,test
XAZVDPP2E_1348-422-1860-934.jpg,XAZVDPP2E,healthy,test
XAZVDPP2E_2279-5009-2791-5521.jpg,XAZVDPP2E,healthy,test
XAZVDPP2E_669-417-1181-929.jpg,XAZVDPP2E,healthy,test
XAZVDPP2E_844-4851-1356-5363.jpg,XAZVDPP2E,healthy,test
XFGN2KZRZ_1809-1357-2321-1869.jpg,XFGN2KZRZ,moderate_stress,test
XFGN2KZRZ_246-367-758-879.jpg,XFGN2KZRZ,healthy,test
XFGN2KZRZ_331-2444-843-2956.jpg,XFGN2KZRZ,moderate_stress,test
XFGN2KZRZ_4925-5096-5437-5608.jpg,XFGN2KZRZ,moderate_stress,test
XM2RGBJ4A_1835-5108-2347-5620.jpg,XM2RGBJ4A,moderate_stress,test
XM2RGBJ4A_1975-375-2487-887.jpg,XM2RGBJ4A,moderate_stress,test
XM2RGBJ4A_2338-4873-2850-5385.jpg,XM2RGBJ4A,healthy,test
XM2RGBJ4A_2418-456-2930-968.jpg,XM2RGBJ4A,healthy,test
XM2RGBJ4A_400-5093-912-5605.jpg,XM2RGBJ4A,moderate_stress,test
XM2RGBJ4A_473-326-985-838.jpg,XM2RGBJ4A,moderate_stress,test
XM2RGBJ4A_732-5062-1244-5574.jpg,XM2RGBJ4A,moderate_stress,test
XM2RGBJ4A_769-343-1281-855.jpg,XM2RGBJ4A,moderate_stress,test
XZBUBMLZT_1708-508-2220-1020.jpg,XZBUBMLZT,severe_stress,test
Y1UHNQM88_4042-8850-4554-9362.jpg,Y1UHNQM88,moderate_stress,test
Y1UHNQM88_4151-7621-4663-8133.jpg,Y1UHNQM88,moderate_stress,test
Y1UHNQM88_4210-8288-4722-8800.jpg,Y1UHNQM88,moderate_stress,test
Y1UHNQM88_4286-8968-4798-9480.jpg,Y1UHNQM88,moderate_stress,test
Y1UHNQM88_4474-10236-4986-10748.jpg,Y1UHNQM88,healthy,test
Y1UHNQM88_4546-7621-5058-8133.jpg,Y1UHNQM88,moderate_stress,test
Y1UHNQM88_4703-7796-5215-8308.jpg,Y1UHNQM88,moderate_stress,test
Y1UHNQM88_4704-10344-5216-10856.jpg,Y1UHNQM88,moderate_stress,test
Y1UHNQM88_4832-8872-5344-9384.jpg,Y1UHNQM88,moderate_stress,test
Y1UHNQM88_4878-8470-5390-8982.jpg,Y1UHNQM88,moderate_stress,test
Y1UHNQM88_4940-7704-5452-8216.jpg,Y1UHNQM88,moderate_stress,test
Y1UHNQM88_4943-9160-5455-9672.jpg,Y1UHNQM88,moderate_stress,test
Y1UHNQM88_5093-8644-5605-9156.jpg,Y1UHNQM88,moderate_stress,test
Y1UHNQM88_5093-9363-5605-9875.jpg,Y1UHNQM88,moderate_stress,test
Y1UHNQM88_5095-9944-5607-10456.jpg,Y1UHNQM88,healthy,test
Y1UHNQM88_5102-8965-5614-9477.jpg,Y1UHNQM88,moderate_stress,test
Y1UHNQM88_5236-1408-5748-1920.jpg,Y1UHNQM88,moderate_stress,test
Y1UHNQM88_5275-7722-5787-8234.jpg,Y1UHNQM88,moderate_stress,test
Y1UHNQM88_5277-9196-5789-9708.jpg,Y1UHNQM88,moderate_stress,test
Y1UHNQM88_5403-8676-5915-9188.jpg,Y1UHNQM88,moderate_stress,test
Y1UHNQM88_5543-9023-6055-9535.jpg,Y1UHNQM88,moderate_stress,test
Y1UHNQM88_5688-8419-6200-8931.jpg,Y1UHNQM88,moderate_stress,test
Y1UHNQM88_5813-9140-6325-9652.jpg,Y1UHNQM88,moderate_stress,test
Y1UHNQM88_5931-8547-6443-9059.jpg,Y1UHNQM88,moderate_stress,test
Y1UHNQM88_6031-9004-6543-9516.jpg,Y1UHNQM88,moderate_stress,test
Y1UHNQM88_6188-7808-6700-8320.jpg,Y1UHNQM88,moderate_stress,test
Y1UHNQM88_6200-8419-6712-8931.jpg,Y1UHNQM88,moderate_stress,test
Y1UHNQM88_6306-5262-6818-5774.jpg,Y1UHNQM88,moderate_stress,test
Y1UHNQM88_6454-7726-6966-8238.jpg,Y1UHNQM88,moderate_stress,test
Y1UHNQM88_6526-9186-7038-9698.jpg,Y1UHNQM88,healthy,test
Y1UHNQM88_6692-8439-7204-8951.jpg,Y1UHNQM88,moderate_stress,test
Y1UHNQM88_6700-7808-7212-8320.jpg,Y1UHNQM88,moderate_stress,test
Y1UHNQM88_6818-5262-7330-5774.jpg,Y1UHNQM88,moderate_stress,test
Y1UHNQM88_6822-8208-7334-8720.jpg,Y1UHNQM88,moderate_stress,test
Y1UHNQM88_6866-9667-7378-10179.jpg,Y1UHNQM88,moderate_stress,test
Y1UHNQM88_7079-9471-7591-9983.jpg,Y1UHNQM88,moderate_stress,test
Y1UHNQM88_7098-7594-7610-8106.jpg,Y1UHNQM88,moderate_stress,test
Y1UHNQM88_7212-7808-7724-8320.jpg,Y1UHNQM88,moderate_stress,test
Y1UHNQM88_7636-7763-8148-8275.jpg,Y1UHNQM88,moderate_stress,test
Y1UHNQM88_7653-9234-8165-9746.jpg,Y1UHNQM88,moderate_stress,test
Y1UHNQM88_7791-9043-8303-9555.jpg,Y1UHNQM88,moderate_stress,test
Y1UHNQM88_7910-9440-8422-9952.jpg,Y1UHNQM88,moderate_stress,test
Y1UHNQM88_7956-7851-8468-8363.jpg,Y1UHNQM88,moderate_stress,test
Y1UHNQM88_7985-8290-8497-8802.jpg,Y1UHNQM88,moderate_stress,test
Y1UHNQM88_8165-9234-8677-9746.jpg,Y1UHNQM88,moderate_stress,test
Y1UHNQM88_8200-8162-8712-8674.jpg,Y1UHNQM88,healthy,test
Y1UHNQM88_8468-7851-8980-8363.jpg,Y1UHNQM88,moderate_stress,test
Y1UHNQM88_8522-9103-9034-9615.jpg,Y1UHNQM88,moderate_stress,test
Y1UHNQM88_8837-9216-9349-9728.jpg,Y1UHNQM88,moderate_stress,test
Y1UHNQM88_8891-8495-9403-9007.jpg,Y1UHNQM88,moderate_stress,test
Y1UHNQM88_8954-7985-9466-8497.jpg,Y1UHNQM88,moderate_stress,test
Y1UHNQM88_8977-9018-9489-9530.jpg,Y1UHNQM88,moderate_stress,test
Y1UHNQM88_9290-8081-9802-8593.jpg,Y1UHNQM88,moderate_stress,test
YFMQLP8QR_1438-7028-1950-7540.jpg,YFMQLP8QR,moderate_stress,test
YFMQLP8QR_1612-7249-2124-7761.jpg,YFMQLP8QR,moderate_stress,test
YFMQLP8QR_187-7145-699-7657.jpg,YFMQLP8QR,healthy,test
YFMQLP8QR_341-6902-853-7414.jpg,YFMQLP8QR,healthy,test
YFMQLP8QR_4862-3085-5374-3597.jpg,YFMQLP8QR,healthy,test
YFMQLP8QR_749-7187-1261-7699.jpg,YFMQLP8QR,healthy,test
ZAC2KFE2X_1512-1059-2024-1571.jpg,ZAC2KFE2X,moderate_stress,test
ZAC2KFE2X_1512-547-2024-1059.jpg,ZAC2KFE2X,moderate_stress,test
ZAC2KFE2X_2024-547-2536-1059.jpg,ZAC2KFE2X,moderate_stress,test
ZAC2KFE2X_4678-1314-5190-1826.jpg,ZAC2KFE2X,moderate_stress,test
ZAC2KFE2X_4678-1826-5190-2338.jpg,ZAC2KFE2X,moderate_stress,test
ZAC2KFE2X_5246-1013-5758-1525.jpg,ZAC2KFE2X,moderate_stress,test
ZAC2KFE2X_5342-5186-5854-5698.jpg,ZAC2KFE2X,moderate_stress,test
ZAXADVX48_829-656-1341-1168.jpg,ZAXADVX48,healthy,test
ZGKH92HFM_1222-3001-1734-3513.jpg,ZGKH92HFM,severe_stress,test
ZGKH92HFM_1584-4940-2096-5452.jpg,ZGKH92HFM,severe_stress,test
ZGKH92HFM_1584-5452-2096-5964.jpg,ZGKH92HFM,severe_stress,test
ZGKH92HFM_1593-290-2105-802.jpg,ZGKH92HFM,healthy,test
ZGKH92HFM_1734-3001-2246-3513.jpg,ZGKH92HFM,severe_stress,test
ZGKH92HFM_1802-4605-2314-5117.jpg,ZGKH92HFM,severe_stress,test
ZGKH92HFM_1940-4927-2452-5439.jpg,ZGKH92HFM,severe_stress,test
ZGKH92HFM_2119-5290-2631-5802.jpg,ZGKH92HFM,severe_stress,test
ZGKH92HFM_217-2674-729-3186.jpg,ZGKH92HFM,healthy,test
ZGKH92HFM_2246-3001-2758-3513.jpg,ZGKH92HFM,severe_stress,test
ZGKH92HFM_2652-4182-3164-4694.jpg,ZGKH92HFM,severe_stress,test
ZGKH92HFM_2811-2283-3323-2795.jpg,ZGKH92HFM,healthy,test
ZGKH92HFM_2916-2992-3428-3504.jpg,ZGKH92HFM,healthy,test
ZGKH92HFM_333-1061-845-1573.jpg,ZGKH92HFM,severe_stress,test
ZGKH92HFM_333-549-845-1061.jpg,ZGKH92HFM,severe_stress,test
ZGKH92HFM_335-3800-847-4312.jpg,ZGKH92HFM,severe_stress,test
ZGKH92HFM_349-3037-861-3549.jpg,ZGKH92HFM,severe_stress,test
ZGKH92HFM_357-4322-869-4834.jpg,ZGKH92HFM,severe_stress,test
ZGKH92HFM_508-5069-1020-5581.jpg,ZGKH92HFM,healthy,test
ZGKH92HFM_527-2083-1039-2595.jpg,ZGKH92HFM,severe_stress,test
ZGKH92HFM_527-2595-1039-3107.jpg,ZGKH92HFM,severe_stress,test
ZGKH92HFM_529-3421-1041-3933.jpg,ZGKH92HFM,severe_stress,test
ZGKH92HFM_562-4139-1074-4651.jpg,ZGKH92HFM,severe_stress,test
ZGKH92HFM_607-455-1119-967.jpg,ZGKH92HFM,severe_stress,test
ZGKH92HFM_710-3001-1222-3513.jpg,ZGKH92HFM,severe_stress,test
ZGKH92HFM_790-1486-1302-1998.jpg,ZGKH92HFM,healthy,test
ZLPBBNWZJ_3362-4425-3874-4937.jpg,ZLPBBNWZJ,moderate_stress,test
ZLPBBNWZJ_3362-4937-3874-5449.jpg,ZLPBBNWZJ,moderate_stress,test
ZQHVKB8H8_309-5749-821-6261.jpg,ZQHVKB8H8,healthy,test
ZQHVKB8H8_311-2092-823-2604.jpg,ZQHVKB8H8,moderate_stress,test
ZQHVKB8H8_312-3902-824-4414.jpg,ZQHVKB8H8,moderate_stress,test
ZQHVKB8H8_313-1709-825-2221.jpg,ZQHVKB8H8,moderate_stress,test
ZQHVKB8H8_319-5222-831-5734.jpg,ZQHVKB8H8,healthy,test
ZQHVKB8H8_322-1414-834-1926.jpg,ZQHVKB8H8,healthy,test
ZQHVKB8H8_333-3595-845-4107.jpg,ZQHVKB8H8,healthy,test
ZQHVKB8H8_7601-556-8113-1068.jpg,ZQHVKB8H8,moderate_stress,test
ZQHVKB8H8_7761-2404-8273-2916.jpg,ZQHVKB8H8,healthy,test
ZQHVKB8H8_8273-2404-8785-2916.jpg,ZQHVKB8H8,healthy,test
ZQHVKB8H8_8308-3524-8820-4036.jpg,ZQHVKB8H8,healthy,test
ZQHVKB8H8_8315-3888-8827-4400.jpg,ZQHVKB8H8,moderate_stress,test
ZQHVKB8H8_8315-4400-8827-4912.jpg,ZQHVKB8H8,moderate_stress,test
ZQHVKB8H8_8315-4912-8827-5424.jpg,ZQHVKB8H8,moderate_stress,test
ZQHVKB8H8_8315-5424-8827-5936.jpg,ZQHVKB8H8,moderate_stress,test
ZQHVKB8H8_8315-642-8827-1154.jpg,ZQHVKB8H8,moderate_stress,test
ZQHVKB8H8_8341-1251-8853-1763.jpg,ZQHVKB8H8,moderate_stress,test
ZQHVKB8H8_8341-1763-8853-2275.jpg,ZQHVKB8H8,moderate_stress,test
ZQHVKB8H8_8498-383-9010-895.jpg,ZQHVKB8H8,moderate_stress,test
ZQHVKB8H8_8505-5942-9017-6454.jpg,ZQHVKB8H8,moderate_stress,test
ZVXGJ2AUU_2114-361-2626-873.jpg,ZVXGJ2AUU,healthy,test
ZZIVKN9UM_1147-4632-1659-5144.jpg,ZZIVKN9UM,healthy,test
ZZIVKN9UM_926-4474-1438-4986.jpg,ZZIVKN9UM,healthy,test
